0.000000000000000000e+00 0.000000000000000000e+00 0.000000000000000000e+00 0.000000000000000000e+00 0.000000000000000000e+00
1.000000000000000000e+00 0.000000000000000000e+00 0.000000000000000000e+00 0.000000000000000000e+00 0.000000000000000000e+00
2.000000000000000000e+00 9.712323691336803222e+02 3.198389645378826862e-02 1.686780073761140333e-06 2.602887514002675928e+00
3.000000000000000000e+00 9.200431229251266814e+02 4.412268193934382882e-02 3.374004247561341927e-06 2.999433127329802495e+00
4.000000000000000000e+00 8.702149976446726214e+02 4.138394337459962158e-02 5.624323649753917989e-06 2.883030816679711617e+00
5.000000000000000000e+00 8.325965465620238319e+02 3.003219361802609427e-02 8.438320273568680467e-06 2.513690993894754921e+00
6.000000000000000000e+00 8.065576567673763293e+02 1.804028702163474121e-02 1.181671292301033661e-05 2.068592578660993553e+00
7.000000000000000000e+00 7.897650875557571908e+02 9.859057563055030615e-03 1.576035151592573703e-05 1.650483811292697167e+00
8.000000000000000000e+00 7.794912022947470405e+02 5.886765397095067298e-03 2.027021040484184187e-05 1.310553868356194362e+00
9.000000000000000000e+00 7.744031602144882527e+02 4.451984601636235599e-03 2.534738066701698814e-05 1.062744645869640125e+00
1.000000000000000000e+01 7.731467610367986936e+02 3.874657598905466120e-03 3.099306153023807786e-05 9.065550648102963516e-01
1.100000000000000000e+01 7.744188786111981244e+02 3.365517308667460676e-03 3.720855098748791469e-05 8.305114992053936884e-01
1.200000000000000000e+01 7.788534305502248571e+02 2.883555300670389079e-03 4.399523563854025718e-05 8.184172861101030039e-01
1.300000000000000000e+01 7.845722849405938177e+02 2.602300569711001130e-03 5.135457984643686691e-05 8.470474713624041030e-01
1.400000000000000000e+01 7.914627316021366141e+02 2.579093724170833293e-03 5.928811440963120894e-05 8.932646757866770093e-01
1.500000000000000000e+01 7.985021500435748294e+02 2.733418319673626591e-03 6.779742470604829905e-05 9.467017085075142280e-01
1.600000000000000000e+01 8.073584706168638832e+02 2.956815748337958231e-03 7.688413846512413667e-05 1.005694064624582440e+00
1.700000000000000000e+01 8.178816734935446675e+02 3.252677209674802953e-03 8.654991334037867036e-05 1.065510616083521933e+00
1.800000000000000000e+01 8.289636444727045728e+02 3.656072182497810061e-03 9.679642430793165809e-05 1.123385633824983909e+00
1.900000000000000000e+01 8.413803624710265012e+02 4.214408124977294355e-03 1.076253508995270327e-04 1.182608458205460567e+00
2.000000000000000000e+01 8.535300801520019149e+02 4.948767824446603618e-03 1.190383647806722426e-04 1.238884186548804056e+00
2.100000000000000000e+01 8.661065020662422285e+02 5.843031844181316263e-03 1.310371172755962971e-04 1.298443328030396859e+00
2.200000000000000000e+01 8.791325431889747506e+02 6.889085257936510345e-03 1.436232272793839290e-04 1.363349833997349769e+00
2.300000000000000000e+01 8.922209436454505749e+02 8.075748495600490115e-03 1.567982692150552630e-04 1.432001583196462091e+00
2.400000000000000000e+01 9.056915408776383174e+02 9.400664608012587742e-03 1.705637621808311032e-04 1.501752529708439532e+00
2.500000000000000000e+01 9.196782663765485495e+02 1.086892288063538714e-02 1.849211591733755438e-04 1.564989968804258114e+00
2.600000000000000000e+01 9.336913754816642950e+02 1.249003605409584015e-02 1.998718368761148050e-04 1.625009623014450844e+00
2.700000000000000000e+01 9.481413710975859885e+02 1.425913262075349276e-02 2.154170867897522252e-04 1.680750843421534579e+00
2.800000000000000000e+01 9.628602975868553813e+02 1.615630824884885935e-02 2.315581061914117646e-04 1.725600286936403771e+00
2.900000000000000000e+01 9.777717319353747598e+02 1.821463500829741469e-02 2.482959912480199659e-04 1.764328153998584225e+00
3.000000000000000000e+01 9.930729123057982406e+02 2.047224550459070605e-02 2.656317302040955451e-04 1.790345337195175413e+00
3.100000000000000000e+01 1.008159097994296644e+03 2.292540198537972376e-02 2.835661976102301697e-04 1.814228277863162209e+00
3.200000000000000000e+01 1.023835282468516880e+03 2.558906602890835200e-02 3.021001502687148681e-04 1.830848239806091682e+00
3.300000000000000000e+01 1.039569889955155077e+03 2.842743273929788234e-02 3.212342239131431212e-04 1.839476235604024179e+00
3.400000000000000000e+01 1.055339439446276401e+03 3.147177024352823538e-02 3.409689303821811603e-04 1.842334335805897005e+00
3.500000000000000000e+01 1.071726049719590264e+03 3.473515906716936885e-02 3.613046573258410108e-04 1.832075256907944594e+00
3.600000000000000000e+01 1.087829640923037687e+03 3.824631487157863219e-02 3.822416671961978278e-04 1.820286603529383207e+00
3.700000000000000000e+01 1.104171499755460673e+03 4.200541142814698259e-02 4.037800994791672132e-04 1.799934776833056693e+00
3.800000000000000000e+01 1.120855013869485902e+03 4.597789384765071929e-02 4.259199722826910168e-04 1.771316521612699146e+00
3.900000000000000000e+01 1.137787662583031079e+03 5.016621400603869102e-02 4.486611867517024737e-04 1.733064572102516410e+00
4.000000000000000000e+01 1.154896661115258667e+03 5.458469355716620564e-02 4.720035300729790275e-04 1.682374287557153236e+00
4.100000000000000000e+01 1.172101899897267685e+03 5.924681728626016858e-02 4.959466826952836985e-04 1.617350687501330597e+00
4.200000000000000000e+01 1.189405392540891171e+03 6.416220416040782637e-02 5.204902231230828071e-04 1.539670473555373675e+00
4.300000000000000000e+01 1.206816684419691910e+03 6.933933914155999967e-02 5.456336363416084334e-04 1.451504020726312127e+00
4.400000000000000000e+01 1.224382463367815717e+03 7.478455242184113561e-02 5.713763225870532739e-04 1.353417216029402459e+00
4.500000000000000000e+01 1.242164274530323610e+03 8.050135087781221110e-02 5.977176052190581344e-04 1.245671419836581029e+00
4.600000000000000000e+01 1.260126194776857801e+03 8.649050541515823642e-02 6.246567415851006369e-04 1.128690096345241534e+00
4.700000000000000000e+01 1.278250985514544027e+03 9.275358146979637008e-02 6.521929320327029753e-04 1.001687930355967815e+00
4.800000000000000000e+01 1.296513079845210086e+03 9.928547150293329238e-02 6.803253327227497043e-04 8.635588672394148846e-01
4.900000000000000000e+01 1.314901767718007250e+03 1.060803246427480528e-01 7.090530656082596724e-04 7.132711706137435659e-01
5.000000000000000000e+01 1.333473194253669817e+03 1.131434320624878365e-01 7.383752303697838949e-04 5.499320484669346643e-01
5.100000000000000000e+01 1.352287060359846237e+03 1.204809652905858286e-01 7.682909173781127428e-04 3.730236814699087744e-01
5.200000000000000000e+01 1.371291008338106394e+03 1.280981616730241246e-01 7.987992182055728531e-04 1.833259883973087923e-01
5.300000000000000000e+01 1.390413950964251626e+03 1.359966819508438562e-01 8.298992388906614205e-04 -1.826657880738205564e-02
5.400000000000000000e+01 1.409636798963682168e+03 1.441789293189630339e-01 8.615901114216960571e-04 -2.317187000687760401e-01
5.500000000000000000e+01 1.428955319132839804e+03 1.526487922922754592e-01 8.938710061807917393e-04 -4.573646598966451537e-01
5.600000000000000000e+01 1.448481442701151764e+03 1.614030750135767855e-01 9.267411434506514457e-04 -6.960983057434959598e-01
5.700000000000000000e+01 1.468316346354546795e+03 1.704369871821521942e-01 9.601998045804280117e-04 -9.484869643469165945e-01
5.800000000000000000e+01 1.488417378720770557e+03 1.797475682218514226e-01 9.942463430954407919e-04 -1.214337064212950956e+00
5.900000000000000000e+01 1.508697317233851663e+03 1.893326001942448045e-01 1.028880195146888695e-03 -1.493167531290263028e+00
6.000000000000000000e+01 1.529135793288983223e+03 1.991824366586631145e-01 1.064100888493711228e-03 -1.784081279843305667e+00
6.100000000000000000e+01 1.549739820153068194e+03 2.092889267290418687e-01 1.099908054342816407e-03 -2.086326021979876710e+00
6.200000000000000000e+01 1.570514517089326318e+03 2.196499021139177998e-01 1.136301432183091332e-03 -2.400085291483872840e+00
6.300000000000000000e+01 1.591477528380508602e+03 2.302654330134505656e-01 1.173280879654465658e-03 -2.725791419775502877e+00
6.400000000000000000e+01 1.612631640115754408e+03 2.411348468409627299e-01 1.210846378934954393e-03 -3.063869291622818292e+00
6.500000000000000000e+01 1.634001921893031749e+03 2.522596996184489626e-01 1.248998042875508778e-03 -3.414803201819124112e+00
6.600000000000000000e+01 1.655625405917598300e+03 2.636344795802108010e-01 1.287736119738111615e-03 -3.779038028851591235e+00
6.700000000000000000e+01 1.677482982632385983e+03 2.752521454451777871e-01 1.327060997866006970e-03 -4.156021629656662775e+00
6.800000000000000000e+01 1.699537791648532902e+03 2.871023024403817625e-01 1.366973208031663787e-03 -4.544947025858261824e+00
6.900000000000000000e+01 1.721745542609146923e+03 2.991767846414383203e-01 1.407473426887747604e-03 -4.945036941998687041e+00
7.000000000000000000e+01 1.744076800251710438e+03 3.114681693671332852e-01 1.448562477697436105e-03 -5.355707230847003508e+00
7.100000000000000000e+01 1.766509797273950198e+03 3.239716488538532668e-01 1.490241330789406071e-03 -5.776695085600419333e+00
7.200000000000000000e+01 1.789157439900754980e+03 3.366832167987590108e-01 1.532511103551167497e-03 -6.208852232538450977e+00
7.300000000000000000e+01 1.812132874050163764e+03 3.495977677757054480e-01 1.575373058451590277e-03 -6.653091749333755800e+00
7.400000000000000000e+01 1.835445247296132266e+03 3.627042543537323804e-01 1.618828601584176895e-03 -7.109257028787048682e+00
7.500000000000000000e+01 1.859096277491000137e+03 3.759908870122171676e-01 1.662879278913834006e-03 -7.576857187111637693e+00
7.600000000000000000e+01 1.883041598021609843e+03 3.894438930404555688e-01 1.707526774165315196e-03 -8.055328694828229885e+00
7.700000000000000000e+01 1.907156505281258887e+03 4.030534499588027120e-01 1.752772903008659915e-03 -8.543282597730220473e+00
7.800000000000000000e+01 1.931426206738636438e+03 4.168084950738633054e-01 1.798619608990692292e-03 -9.040349266609267076e+00
7.900000000000000000e+01 1.955895335662687103e+03 4.306987095530709908e-01 1.845068957764520960e-03 -9.546456211849184470e+00
8.000000000000000000e+01 1.980586239381347696e+03 4.447137756600408887e-01 1.892123131401502205e-03 -1.006167951801538507e+01
8.100000000000000000e+01 2.005523398898542155e+03 4.588431901723820650e-01 1.939784422605171296e-03 -1.058585924038110804e+01
8.200000000000000000e+01 2.030717547312392298e+03 4.730771901663605172e-01 1.988055227276071518e-03 -1.111863412736022916e+01
8.300000000000000000e+01 2.056144409893398915e+03 4.874043417017861479e-01 2.036938038680505270e-03 -1.165977831877028947e+01
8.400000000000000000e+01 2.081801996565701302e+03 5.018139550483294853e-01 2.086435440372733704e-03 -1.220876883396471335e+01
8.500000000000000000e+01 2.107680888635804422e+03 5.162945990838372357e-01 2.136550099043359532e-03 -1.276545412495187648e+01
8.600000000000000000e+01 2.133776308553371109e+03 5.308369983987134555e-01 2.187284757670043302e-03 -1.332927248346750737e+01
8.700000000000000000e+01 2.160057473780399505e+03 5.454286106069928808e-01 2.238642229975746668e-03 -1.389973003209050262e+01
8.800000000000000000e+01 2.186505671529223491e+03 5.600575634963872451e-01 2.290625392407760058e-03 -1.447629415386321483e+01
8.900000000000000000e+01 2.213131902657500177e+03 5.747119865583364406e-01 2.343237179093015342e-03 -1.505850653692344210e+01
9.000000000000000000e+01 2.239939740037710635e+03 5.893755540401968140e-01 2.396480575456526926e-03 -1.564605745964375849e+01
9.100000000000000000e+01 2.266939654748537123e+03 6.040358093731275080e-01 2.450358613360140159e-03 -1.623842211156498649e+01
9.200000000000000000e+01 2.294132567609447960e+03 6.186786820996605929e-01 2.504874365859853513e-03 -1.683540378996664444e+01
9.300000000000000000e+01 2.321533726209692759e+03 6.332902568854457126e-01 2.560030943207574142e-03 -1.743651642313615824e+01
9.400000000000000000e+01 2.349136093877833446e+03 6.478588488954779567e-01 2.615831488972961399e-03 -1.804157110328704761e+01
9.500000000000000000e+01 2.376954919870813683e+03 6.623698040006115173e-01 2.672279177068965020e-03 -1.865008182025020744e+01
9.600000000000000000e+01 2.404983169351171000e+03 6.768099558368210200e-01 2.729377209624342035e-03 -1.926163688071467206e+01
9.700000000000000000e+01 2.433221236857310032e+03 6.911653973476259427e-01 2.787128814637461049e-03 -1.987582462647041481e+01
9.800000000000000000e+01 2.461676946362904800e+03 7.054214808272455395e-01 2.845537246026370263e-03 -2.049223343617036974e+01
9.900000000000000000e+01 2.490328409574818579e+03 7.195650464676820457e-01 2.904605782768229349e-03 -2.111037744360602986e+01
1.000000000000000000e+02 2.519190881124022326e+03 7.335851652319652638e-01 2.964337729642988438e-03 -2.172977082300305440e+01
1.010000000000000000e+02 2.548257331791625802e+03 7.474679390445803095e-01 3.024736418284572868e-03 -2.234992779082808312e+01
1.020000000000000000e+02 2.577528161927207748e+03 7.611920438131748456e-01 3.085805209535314505e-03 -2.297058545811480457e+01
1.030000000000000000e+02 2.606988916404774955e+03 7.747584428588072392e-01 3.147547495828202820e-03 -2.359096099726718876e+01
1.040000000000000000e+02 2.636639998019988070e+03 7.881383884898054415e-01 3.209966704483102357e-03 -2.421071732942727550e+01
1.050000000000000000e+02 2.666474382425438307e+03 8.013254204755801968e-01 3.273066301677002212e-03 -2.482929457479197310e+01
1.060000000000000000e+02 2.696485046457087719e+03 8.143056526644090187e-01 3.336849796669750807e-03 -2.544605862145803599e+01
1.070000000000000000e+02 2.726664968101081286e+03 8.270726296986423698e-01 3.401320746925107479e-03 -2.606059826126897505e+01
1.080000000000000000e+02 2.756999698101487411e+03 8.396050419752659755e-01 3.466482763287030266e-03 -2.667235377413229713e+01
1.090000000000000000e+02 2.787497073311114491e+03 8.518964390541647891e-01 3.532339515703047765e-03 -2.728069121334005587e+01
1.100000000000000000e+02 2.818142646532371600e+03 8.639255162607546445e-01 3.598894738915340424e-03 -2.788519954138063284e+01
1.110000000000000000e+02 2.848929302156752783e+03 8.756857566949853844e-01 3.666152238861471180e-03 -2.848539099737551439e+01
1.120000000000000000e+02 2.879856963003084275e+03 8.871703603529764726e-01 3.734115898769496417e-03 -2.908054503082735565e+01
1.130000000000000000e+02 2.910918026633718455e+03 8.983576015912362323e-01 3.802789685053239391e-03 -2.967031007236196416e+01
1.140000000000000000e+02 2.942104891323139782e+03 9.092331855549354858e-01 3.872177653903990501e-03 -3.025403748422277417e+01
1.150000000000000000e+02 2.973409955976200308e+03 9.197976765114447284e-01 3.942283956551744482e-03 -3.083122726292566185e+01
1.160000000000000000e+02 3.004833048394755679e+03 9.300367844271181239e-01 4.013112845397190723e-03 -3.140137947384396711e+01
1.170000000000000000e+02 3.036366568492771876e+03 9.399287932917844701e-01 4.084668678901424294e-03 -3.196391996924034018e+01
1.180000000000000000e+02 3.067995488212189230e+03 9.494742744892037400e-01 4.156955926332916128e-03 -3.251827467324190479e+01
1.190000000000000000e+02 3.099719636490916855e+03 9.586589450104571197e-01 4.229979172261958201e-03 -3.306401815025005675e+01
1.200000000000000000e+02 3.131531414131721249e+03 9.674759524656881826e-01 4.303743119509986607e-03 -3.360057647226169308e+01
1.210000000000000000e+02 3.163423222075577542e+03 9.759110183391525029e-01 4.378252592216361899e-03 -3.412737578712583542e+01
1.220000000000000000e+02 3.195380032978990585e+03 9.839572946409080867e-01 4.453512537836968287e-03 -3.464399088671509475e+01
1.230000000000000000e+02 3.227401676197751840e+03 9.916079355035195553e-01 4.529528027842887397e-03 -3.514984807399149247e+01
1.240000000000000000e+02 3.259480552675554918e+03 9.988486687736645164e-01 4.606304257896087599e-03 -3.564437373099130468e+01
1.250000000000000000e+02 3.291601634890590958e+03 1.005680081000056347e+00 4.683846547006788145e-03 -3.612714288670908758e+01
1.260000000000000000e+02 3.323764751860906927e+03 1.012087903965247060e+00 4.762160335295372721e-03 -3.659765636736369743e+01
1.270000000000000000e+02 3.355954875706772782e+03 1.018072728014747907e+00 4.841251180620358488e-03 -3.705534079706200856e+01
1.280000000000000000e+02 3.388164406674166003e+03 1.023620288578883208e+00 4.921124754623385292e-03 -3.749977144885642133e+01
1.290000000000000000e+02 3.420393173117461629e+03 1.028731179492929915e+00 5.001786836609642059e-03 -3.793044939467026921e+01
1.300000000000000000e+02 3.452626146441764831e+03 1.033391139509701517e+00 5.083243307110012210e-03 -3.834680150561038658e+01
1.310000000000000000e+02 3.484848529138516824e+03 1.037600754416676763e+00 5.165500139905431810e-03 -3.874840700812853100e+01
1.320000000000000000e+02 3.517068733844878352e+03 1.041360566661143183e+00 5.248563392449744937e-03 -3.913478574997090220e+01
1.330000000000000000e+02 3.549265690924263254e+03 1.044656252128673968e+00 5.332439195888077910e-03 -3.950553565072952722e+01
1.340000000000000000e+02 3.581440615624083875e+03 1.047503201333312761e+00 5.417133743382330710e-03 -3.986010614568168364e+01
1.350000000000000000e+02 3.613579866372949255e+03 1.049879664156773140e+00 5.502653276884789113e-03 -4.019824388648767410e+01
1.360000000000000000e+02 3.645684658241087618e+03 1.051793604886464895e+00 5.589004074010536262e-03 -4.051932418922300627e+01
1.370000000000000000e+02 3.677741349609511872e+03 1.053238131996540927e+00 5.676192432672300808e-03 -4.082294530182527836e+01
1.380000000000000000e+02 3.709743727301268336e+03 1.054221211426218385e+00 5.764224655598712554e-03 -4.110877983638943789e+01
1.390000000000000000e+02 3.741678149971302446e+03 1.054735953052369446e+00 5.853107033378249571e-03 -4.137642620133786409e+01
1.400000000000000000e+02 3.773553261607120021e+03 1.054782895609271742e+00 5.942845827044496675e-03 -4.162548288397461960e+01
1.410000000000000000e+02 3.805347993185298037e+03 1.054377434903966071e+00 6.033447249670823020e-03 -4.185562273291900226e+01
1.420000000000000000e+02 3.837056132889115815e+03 1.053505253575643730e+00 6.124917447487874568e-03 -4.206637010641112795e+01
1.430000000000000000e+02 3.868678897881449757e+03 1.052174319404011404e+00 6.217262480763880404e-03 -4.225747228852306137e+01
1.440000000000000000e+02 3.900195221033012785e+03 1.050392600112176167e+00 6.310488303372452541e-03 -4.242852807023402306e+01
1.450000000000000000e+02 3.931606321158223182e+03 1.048153206514657931e+00 6.404600743396445840e-03 -4.257906203141372004e+01
1.460000000000000000e+02 3.962883704701921488e+03 1.045471534114879253e+00 6.499605482153497128e-03 -4.270889595671346228e+01
1.470000000000000000e+02 3.994021164332574699e+03 1.042355549545835203e+00 6.595508034177968541e-03 -4.281748028232438230e+01
1.480000000000000000e+02 4.025005065684617875e+03 1.038805790408732888e+00 6.692313726860331553e-03 -4.290456264568798872e+01
1.490000000000000000e+02 4.055821775852782139e+03 1.034830221809067252e+00 6.790027680033182238e-03 -4.296974218258149847e+01
1.500000000000000000e+02 4.086457663535728898e+03 1.030436807838206903e+00 6.888654786435344929e-03 -4.301261809214073395e+01
1.510000000000000000e+02 4.116891484940656483e+03 1.025633338227329938e+00 6.988199692036696671e-03 -4.303293276449323201e+01
1.520000000000000000e+02 4.147130968012327685e+03 1.020426908646786313e+00 7.088666777710121540e-03 -4.303040689968389643e+01
1.530000000000000000e+02 4.177161371778047396e+03 1.014831868407086723e+00 7.190060140142063606e-03 -4.300475581741726216e+01
1.540000000000000000e+02 4.206982814116240661e+03 1.008862565104424736e+00 7.292383575021692960e-03 -4.295584345911842661e+01
1.550000000000000000e+02 4.236587986829698821e+03 1.002518487738820019e+00 7.395640560397064023e-03 -4.288331096810829024e+01
1.560000000000000000e+02 4.265984440813050242e+03 9.958214082819739632e-01 7.499834240811939327e-03 -4.278702238825671600e+01
1.570000000000000000e+02 4.295150016059745212e+03 9.887708113897969442e-01 7.604967413037857192e-03 -4.266669324406336727e+01
1.580000000000000000e+02 4.324092268563307698e+03 9.813958926666528360e-01 7.711042512617260689e-03 -4.252211338871892821e+01
1.590000000000000000e+02 4.352796471954778099e+03 9.736961316742225314e-01 7.818061601577441788e-03 -4.235307271812145302e+01
1.600000000000000000e+02 4.381255330982026862e+03 9.656932901923502843e-01 7.926026357706989975e-03 -4.215943545186709684e+01
1.610000000000000000e+02 4.409446696525735206e+03 9.574016986259322737e-01 8.034938065086870071e-03 -4.194091728020475784e+01
1.620000000000000000e+02 4.437363279054937266e+03 9.488356841620654292e-01 8.144797605897119430e-03 -4.169745677898809788e+01
1.630000000000000000e+02 4.464997791968351521e+03 9.400244272766592468e-01 8.255605453540830821e-03 -4.142869542257876248e+01
1.640000000000000000e+02 4.492328094922588207e+03 9.309673914378995274e-01 8.367361667669027947e-03 -4.113464613277372450e+01
1.650000000000000000e+02 4.519354335598680336e+03 9.216863213627889406e-01 8.480065890355241096e-03 -4.081502472467457210e+01
1.660000000000000000e+02 4.546061807952502022e+03 9.122029577710758508e-01 8.593717343574766576e-03 -4.046976988858602908e+01
1.670000000000000000e+02 4.572443237253477491e+03 9.025390371893013963e-01 8.708314828706162705e-03 -4.009874605337817144e+01
1.680000000000000000e+02 4.598491351708621551e+03 8.927162917557778243e-01 8.823856726694273914e-03 -3.970204051786123500e+01
1.690000000000000000e+02 4.624198882423313080e+03 8.827564490253246854e-01 8.940341000230021817e-03 -3.927951774712917654e+01
1.700000000000000000e+02 4.649558563348795360e+03 8.726738034245261622e-01 9.057765197115010686e-03 -3.883111650392254433e+01
1.710000000000000000e+02 4.674555702866529828e+03 8.624975011089589527e-01 9.176126454779717084e-03 -3.835677556247342324e+01
1.720000000000000000e+02 4.699197897111384918e+03 8.522492547198258217e-01 9.295421506179051691e-03 -3.785650798934982930e+01
1.730000000000000000e+02 4.723463031430210322e+03 8.419507715431195916e-01 9.415646686598186030e-03 -3.733025257378633910e+01
1.740000000000000000e+02 4.747343850382524579e+03 8.316237533195077747e-01 9.536797942067283193e-03 -3.677802239201777468e+01
1.750000000000000000e+02 4.770840529279033944e+03 8.213047527570224160e-01 9.658870838194458242e-03 -3.619997908810188392e+01
1.760000000000000000e+02 4.793938512724296743e+03 8.110078942435280380e-01 9.781860570284820963e-03 -3.559606052715250257e+01
1.770000000000000000e+02 4.816631170680670039e+03 8.007690317145629288e-01 9.905761973742929077e-03 -3.496627514695407513e+01
1.780000000000000000e+02 4.838904570488268291e+03 7.906090187705465677e-01 1.003056953567295871e-02 -3.431070473494027340e+01
1.790000000000000000e+02 4.860759638058004384e+03 7.805487025484274533e-01 1.015627740693004002e-02 -3.362935678502190484e+01
1.800000000000000000e+02 4.882189872671914600e+03 7.706237802466295861e-01 1.028287941416339800e-02 -3.292238734534409872e+01
1.810000000000000000e+02 4.903181346829956055e+03 7.608625139013746042e-01 1.041036907267055105e-02 -3.218995244850947302e+01
1.820000000000000000e+02 4.923734991144498053e+03 7.512931585674401669e-01 1.053873959935687325e-02 -3.143213382527979149e+01
1.830000000000000000e+02 4.943844309131454793e+03 7.419365338023715672e-01 1.066798392539632621e-02 -3.064908746875828882e+01
1.840000000000000000e+02 4.963495377051543073e+03 7.328283085550354459e-01 1.079809470930573334e-02 -2.984104363153728912e+01
1.850000000000000000e+02 4.982689128802876439e+03 7.240041443073536032e-01 1.092906434945779305e-02 -2.900793540530115777e+01
1.860000000000000000e+02 5.001411642363626015e+03 7.154848382201199897e-01 1.106088499648711330e-02 -2.815014155293172848e+01
1.870000000000000000e+02 5.019663853039680362e+03 7.072993508695566423e-01 1.119354856532394325e-02 -2.726774367052639292e+01
1.880000000000000000e+02 5.037439268264709426e+03 6.994862917730441110e-01 1.132704674653641982e-02 -2.636104616891897834e+01
1.890000000000000000e+02 5.054723967456261562e+03 6.920753483738071310e-01 1.146137101737288756e-02 -2.543020485312894863e+01
1.900000000000000000e+02 5.071518886928945903e+03 6.850991712673526468e-01 1.159651265153490915e-02 -2.447552405328958258e+01
1.910000000000000000e+02 5.087817534713461100e+03 6.785881742272223960e-01 1.173246272865300852e-02 -2.349730805451619986e+01
1.920000000000000000e+02 5.103605990434635714e+03 6.725757339268912949e-01 1.186921214269913774e-02 -2.249563824322575201e+01
1.930000000000000000e+02 5.118877761899111647e+03 6.670937328122509280e-01 1.200675160937028467e-02 -2.147081880493215067e+01
1.940000000000000000e+02 5.133641213342651099e+03 6.621762731651258393e-01 1.214507167275359623e-02 -2.042330243747699114e+01
1.950000000000000000e+02 5.147882423586501318e+03 6.578574484933941147e-01 1.228416271038957654e-02 -1.935331893020319072e+01
1.960000000000000000e+02 5.161602327707393670e+03 6.541713434320503007e-01 1.242401493784547027e-02 -1.826132086160984969e+01
1.970000000000000000e+02 5.174801860267389202e+03 6.511535193214087469e-01 1.256461841176044480e-02 -1.714761217843424035e+01
1.980000000000000000e+02 5.187481955256156652e+03 6.488380427817967977e-01 1.270596303200229038e-02 -1.601257104271016729e+01
1.990000000000000000e+02 5.199621260994711520e+03 6.472589713057527172e-01 1.284803854242596785e-02 -1.485650126127222492e+01
2.000000000000000000e+02 5.211235566904207190e+03 6.464503531871745867e-01 1.299083453079816035e-02 -1.367992941623618997e+01
2.010000000000000000e+02 5.222310808331304543e+03 6.464483464730498286e-01 1.313434042849435067e-02 -1.248307876798355132e+01
2.020000000000000000e+02 5.232839788286256407e+03 6.472864334347864235e-01 1.327854550377530023e-02 -1.126651947628895023e+01
2.030000000000000000e+02 5.242800312400034272e+03 6.489994631563908989e-01 1.342343886497543611e-02 -1.003044408846776747e+01
2.040000000000000000e+02 5.252199899042365359e+03 6.516215324832871358e-01 1.356900945173366083e-02 -8.775342196183023802e+00
2.050000000000000000e+02 5.261008924195742111e+03 6.551874716598971027e-01 1.371524603083131358e-02 -7.501629014266955942e+00
2.060000000000000000e+02 5.269234904994846147e+03 6.597306158016180699e-01 1.386213719011009787e-02 -6.209645377043006675e+00
2.070000000000000000e+02 5.276863072971500515e+03 6.652865190556584984e-01 1.400967133160090951e-02 -4.899739446494689510e+00
2.080000000000000000e+02 5.283886087511891674e+03 6.718892404202891910e-01 1.415783666411856399e-02 -3.572482130739672357e+00
2.090000000000000000e+02 5.290333749322222502e+03 6.795720865832307611e-01 1.430662119527470466e-02 -2.228377374694535451e+00
2.100000000000000000e+02 5.296191288648129557e+03 6.883705832741969788e-01 1.445601272308514283e-02 -8.679512966173480448e-01
2.110000000000000000e+02 5.301466220505607453e+03 6.983195039466134624e-01 1.460599882714832924e-02 5.082790146011330057e-01
2.120000000000000000e+02 5.306173488064649973e+03 7.094513841385337027e-01 1.475656685989703946e-02 1.899783217993834317e+00
2.130000000000000000e+02 5.310313177686973177e+03 7.218017213586039871e-01 1.490770393751283431e-02 3.306040009136459457e+00
2.140000000000000000e+02 5.313892804068421356e+03 7.354052609613086489e-01 1.505939693101813505e-02 4.726522266968218311e+00
2.150000000000000000e+02 5.316912453632103279e+03 7.502893106919322763e-01 1.521163245756400502e-02 6.160674772206752969e+00
2.160000000000000000e+02 5.319357356272545076e+03 7.664967686423030946e-01 1.536439687220890124e-02 7.607935010130381315e+00
2.170000000000000000e+02 5.321227598850615323e+03 7.840549242602010693e-01 1.551767625972480351e-02 9.067718317206480805e+00
2.180000000000000000e+02 5.322523268585252481e+03 8.029910579750164645e-01 1.567145642747850773e-02 1.053955159464366886e+01
2.190000000000000000e+02 5.323237024792496413e+03 8.233472979989817642e-01 1.582572289869810592e-02 1.202278360589005324e+01
2.200000000000000000e+02 5.323361527320894311e+03 8.451509070372378307e-01 1.598046090659095697e-02 1.351692668380476903e+01
2.210000000000000000e+02 5.322904293331826011e+03 8.684291391096465862e-01 1.613565538961055437e-02 1.502127045939888639e+01
2.220000000000000000e+02 5.321850555621633248e+03 8.932240963834204850e-01 1.629129098747677043e-02 1.653540184919279454e+01
2.230000000000000000e+02 5.320207832788975793e+03 9.195555875644170207e-01 1.644735203851985239e-02 1.805853650641202535e+01
2.240000000000000000e+02 5.317983644241372531e+03 9.474582698014447635e-01 1.660382257840065448e-02 1.959018737509910224e+01
2.250000000000000000e+02 5.315178081892750924e+03 9.769519354493247931e-01 1.676068633983713099e-02 2.112957042454720380e+01
2.260000000000000000e+02 5.311783810200874541e+03 1.008078653994779472e+00 1.691792675387595105e-02 2.267619891963149925e+01
2.270000000000000000e+02 5.307808351244372716e+03 1.040865630490481530e+00 1.707552695270761131e-02 2.422936343845477580e+01
2.280000000000000000e+02 5.303251799686443519e+03 1.075332634101532348e+00 1.723346977382157752e-02 2.578842900836681551e+01
2.290000000000000000e+02 5.298121679477381804e+03 1.111514283363010280e+00 1.739173776589425860e-02 2.735276082431250444e+01
2.300000000000000000e+02 5.292410658792975482e+03 1.149437761346882247e+00 1.755031319613656327e-02 2.892172425051933971e+01
2.310000000000000000e+02 5.286126263411398213e+03 1.189115387540090163e+00 1.770917805927128483e-02 3.049461053851539916e+01
2.320000000000000000e+02 5.279276019975109193e+03 1.230581759834902700e+00 1.786831408801730151e-02 3.207078539548462714e+01
2.330000000000000000e+02 5.271852599239114170e+03 1.273864041377463785e+00 1.802770276533331023e-02 3.364954041843932941e+01
2.340000000000000000e+02 5.263856101056861917e+03 1.318981960828023325e+00 1.818732533810117624e-02 3.523016737872522697e+01
2.350000000000000000e+02 5.255301482652110280e+03 1.365962669332245527e+00 1.834716283223072550e-02 3.681210678985293328e+01
2.360000000000000000e+02 5.246173988425749485e+03 1.414833312451962311e+00 1.850719606943413559e-02 3.839457649063498934e+01
2.370000000000000000e+02 5.236496005003463324e+03 1.465598745405691794e+00 1.866740568542778547e-02 3.997686877966833663e+01
2.380000000000000000e+02 5.226260205966405920e+03 1.518286103471855997e+00 1.882777214918787342e-02 4.155835041563035048e+01
2.390000000000000000e+02 5.215474121823750465e+03 1.572907660548987563e+00 1.898827578375076458e-02 4.313831405039444888e+01
2.400000000000000000e+02 5.204137854821792644e+03 1.629497971228494047e+00 1.914889678799643752e-02 4.471590394547448710e+01
2.410000000000000000e+02 5.192251507143648269e+03 1.688069301024299085e+00 1.930961525958216005e-02 4.629063595631771477e+01
2.420000000000000000e+02 5.179830037449681186e+03 1.748633911764386095e+00 1.947041121871300601e-02 4.786165469688666718e+01
2.430000000000000000e+02 5.166873547307894114e+03 1.811211490291026127e+00 1.963126463290465473e-02 4.942825352361798252e+01
2.440000000000000000e+02 5.153382137718312151e+03 1.875814292119624138e+00 1.979215544222880790e-02 5.098987453470230946e+01
2.450000000000000000e+02 5.139370765631021641e+03 1.942461998507487353e+00 1.995306358513528749e-02 5.254573715169410519e+01
2.460000000000000000e+02 5.124846958707779777e+03 2.011152003429579338e+00 2.011396902492172678e-02 5.409520953599361093e+01
2.470000000000000000e+02 5.109803386780175060e+03 2.081911412415800910e+00 2.027485177617905851e-02 5.563758573716073386e+01
2.480000000000000000e+02 5.094262431756900696e+03 2.154752472843123545e+00 2.043569193148163723e-02 5.717208569159364373e+01
2.490000000000000000e+02 5.078216760626174619e+03 2.229672574337159929e+00 2.059646968809514950e-02 5.869815235507999063e+01
2.500000000000000000e+02 5.061681323711898585e+03 2.306698819282960056e+00 2.075716537446175430e-02 6.021500600019115979e+01
2.510000000000000000e+02 5.044648700493133219e+03 2.385814070899167749e+00 2.091775947633647131e-02 6.172179484606995459e+01
2.520000000000000000e+02 5.027125989509489955e+03 2.467039658994261586e+00 2.107823266253898431e-02 6.321789838410162332e+01
2.530000000000000000e+02 5.009112774777007871e+03 2.550374960115521894e+00 2.123856581000563293e-02 6.470254976495209576e+01
2.540000000000000000e+02 4.990623494541287982e+03 2.635834208577407800e+00 2.139874002824221355e-02 6.617490801551120683e+01
2.550000000000000000e+02 4.971642871000170089e+03 2.723409355153705302e+00 2.155873668271293328e-02 6.763435517074042025e+01
2.560000000000000000e+02 4.952185336937628563e+03 2.813114637628077119e+00 2.171853741742616264e-02 6.908012485390042912e+01
2.570000000000000000e+02 4.932257893813304690e+03 2.904949439497422237e+00 2.187812417634911466e-02 7.051167369171275823e+01
2.580000000000000000e+02 4.911874968313748468e+03 2.998905718782060248e+00 2.203747922343962315e-02 7.192801276039971015e+01
2.590000000000000000e+02 4.891043555513623687e+03 3.094997721891064035e+00 2.219658516177413707e-02 7.332963895423065992e+01
2.600000000000000000e+02 4.869785503800041624e+03 3.193217413990030007e+00 2.235542495078973735e-02 7.471437510678701699e+01
2.610000000000000000e+02 4.848100373007591770e+03 3.293564192875012342e+00 2.251398192247392599e-02 7.608301553448475829e+01
2.620000000000000000e+02 4.826010004419545112e+03 3.396037461099202126e+00 2.267223979575304707e-02 7.743412618866430819e+01
2.630000000000000000e+02 4.803521378930332503e+03 3.500636626453099698e+00 2.283018268939565956e-02 7.876775882791555716e+01
2.640000000000000000e+02 4.780641473674311783e+03 3.607353674097432794e+00 2.298779513329482840e-02 8.008247967511698562e+01
2.650000000000000000e+02 4.757369833618684424e+03 3.716173167048888004e+00 2.314506207813127672e-02 8.137908358964119770e+01
2.660000000000000000e+02 4.733713428222347829e+03 3.827087103368580046e+00 2.330196890338689930e-02 8.265539421920435359e+01
2.670000000000000000e+02 4.709686651409556362e+03 3.940080059951505120e+00 2.345850142357182311e-02 8.391072100698626457e+01
2.680000000000000000e+02 4.685289036508160279e+03 4.055144049718264476e+00 2.361464589302437328e-02 8.514585918854767499e+01
2.690000000000000000e+02 4.660520112954319302e+03 4.172271093757397686e+00 2.377038900884251640e-02 8.635863277854525677e+01
2.700000000000000000e+02 4.635386834661952889e+03 4.291438365117673293e+00 2.392571791277516013e-02 8.754983724774513121e+01
2.710000000000000000e+02 4.609911008406832480e+03 4.412637902703067105e+00 2.408062019075565829e-02 8.871729683958449186e+01
2.720000000000000000e+02 4.584084723773092264e+03 4.535854326714998663e+00 2.423508387197855635e-02 8.986180724708101764e+01
2.730000000000000000e+02 4.557937208367081439e+03 4.661049982445412354e+00 2.438909742560555274e-02 9.098193576431388863e+01
2.740000000000000000e+02 4.531460544389361530e+03 4.788224367570713014e+00 2.454264975709007437e-02 9.207847829317512378e+01
2.750000000000000000e+02 4.504669095523315264e+03 4.917347277490872415e+00 2.469573020276943920e-02 9.314925949473938260e+01
2.760000000000000000e+02 4.477584650332464662e+03 5.048403375920560876e+00 2.484832852362197156e-02 9.419507546595008307e+01
2.770000000000000000e+02 4.450206708967544728e+03 5.181369910326270478e+00 2.500043489797502960e-02 9.521449389086916426e+01
2.780000000000000000e+02 4.422542196684760711e+03 5.316224140762377814e+00 2.515203991322578769e-02 9.620682537713786076e+01
2.790000000000000000e+02 4.394605463971123754e+03 5.452928483653329828e+00 2.530313455743410378e-02 9.717286628729532083e+01
2.800000000000000000e+02 4.366410858326400557e+03 5.591452797324931723e+00 2.545371020956094590e-02 9.811118455987673315e+01
2.810000000000000000e+02 4.337957867700508359e+03 5.731781810831276580e+00 2.560375862987403911e-02 9.902183388068741010e+01
2.820000000000000000e+02 4.309260834036747838e+03 5.873870554326578564e+00 2.575327194980686976e-02 9.990412517379958501e+01
2.830000000000000000e+02 4.280334096716666863e+03 6.017696357986283218e+00 2.590224266166511746e-02 1.007573694325676996e+02
2.840000000000000000e+02 4.251177136006669571e+03 6.163229139071167317e+00 2.605066360830099112e-02 1.015808777155339300e+02
2.850000000000000000e+02 4.221804286606606183e+03 6.310431402387599142e+00 2.619852797311959108e-02 1.023747039772701015e+02
2.860000000000000000e+02 4.192222452745743794e+03 6.459273097443649192e+00 2.634582927003022851e-02 1.031389022290772601e+02
2.870000000000000000e+02 4.162453393378114924e+03 6.609701905498257979e+00 2.649256133393575532e-02 1.038727836995897178e+02
2.880000000000000000e+02 4.132496580572442326e+03 6.761695238457434698e+00 2.663871831183373465e-02 1.045749168303049288e+02
2.890000000000000000e+02 4.102358913049706644e+03 6.915208240861093536e+00 2.678429465444756921e-02 1.052468414461364716e+02
2.900000000000000000e+02 4.072062144664162588e+03 7.070203503716430582e+00 2.692928510854668278e-02 1.058863832355119712e+02
2.910000000000000000e+02 4.041613171126212364e+03 7.226658493273747652e+00 2.707368471029790447e-02 1.064943392608137458e+02
2.920000000000000000e+02 4.011011458468596629e+03 7.384439269491055668e+00 2.721748877933663491e-02 1.070700209433351233e+02
2.930000000000000000e+02 3.980271328204196834e+03 7.543619905506159462e+00 2.736069291410930804e-02 1.076134825633501180e+02
2.940000000000000000e+02 3.949407100722829000e+03 7.704125927228499648e+00 2.750329298821823504e-02 1.081232927499213048e+02
2.950000000000000000e+02 3.918418238677541467e+03 7.865808597237597510e+00 2.764528514789042768e-02 1.086002486507937874e+02
2.960000000000000000e+02 3.887319060461196386e+03 8.028742049180550566e+00 2.778666581081144435e-02 1.090436617519260665e+02
2.970000000000000000e+02 3.856109026869333775e+03 8.192777587136225392e+00 2.792743166592381171e-02 1.094521007070574115e+02
2.980000000000000000e+02 3.824809882903096877e+03 8.357915103497445486e+00 2.806757967504444617e-02 1.098263626722378632e+02
2.990000000000000000e+02 3.793428516057146226e+03 8.524080228824521654e+00 2.820710707512308346e-02 1.101665019600470856e+02
3.000000000000000000e+02 3.761971813046620355e+03 8.691198615698406016e+00 2.834601138249154273e-02 1.104718300338040535e+02
3.010000000000000000e+02 3.730454051560999687e+03 8.859345112387231325e+00 2.848429039734663021e-02 1.107423948448374347e+02
3.020000000000000000e+02 3.698889362084615186e+03 9.028299881119787429e+00 2.862194221178562467e-02 1.109782190108122393e+02
3.030000000000000000e+02 3.667284409364892781e+03 9.198140847468010861e+00 2.875896521536302000e-02 1.111793187902781028e+02
3.040000000000000000e+02 3.635653285698947911e+03 9.368797393319590938e+00 2.889535810519799561e-02 1.113457104033574154e+02
3.050000000000000000e+02 3.604010082547481943e+03 9.540198924180458562e+00 2.903111989564404610e-02 1.114766671904349806e+02
3.060000000000000000e+02 3.572354033787049048e+03 9.712349152962833188e+00 2.916624992900560681e-02 1.115722052758380585e+02
3.070000000000000000e+02 3.540706657403333793e+03 9.885103249750617493e+00 2.930074788759495785e-02 1.116323407263629548e+02
3.080000000000000000e+02 3.509074613671925363e+03 1.005846497606989587e+01 2.943461380631429494e-02 1.116570895447543563e+02
3.090000000000000000e+02 3.477464561781652264e+03 1.023236383462880994e+01 2.956784808604789525e-02 1.116464676631200206e+02
3.100000000000000000e+02 3.445875731398928565e+03 1.040665506955143904e+01 2.970045150765222158e-02 1.116004909362882103e+02
3.110000000000000000e+02 3.414337064326353811e+03 1.058141680060794698e+01 2.983242524629230175e-02 1.115176894650654731e+02
3.120000000000000000e+02 3.382840359251643349e+03 1.075650432240511734e+01 2.996377088643167527e-02 1.113995645996542123e+02
3.130000000000000000e+02 3.351407126796046668e+03 1.093192152208998635e+01 3.009449043672962967e-02 1.112453890877127094e+02
3.140000000000000000e+02 3.320044019305199981e+03 1.110752374551576338e+01 3.022458634506602210e-02 1.110551784076674124e+02
3.150000000000000000e+02 3.288750259089149495e+03 1.128324064790961678e+01 3.035406151357957980e-02 1.108289479268865421e+02
3.160000000000000000e+02 3.257547351711836200e+03 1.145915047751952365e+01 3.048291931342247615e-02 1.105667128948746836e+02
3.170000000000000000e+02 3.226441944128322120e+03 1.163503437472724933e+01 3.061116359909197421e-02 1.102692312714979721e+02
3.180000000000000000e+02 3.195448109625334382e+03 1.181089635667694715e+01 3.073879872231831054e-02 1.099357752151248775e+02
3.190000000000000000e+02 3.164565062662924447e+03 1.198666618335897383e+01 3.086582954525493583e-02 1.095663595809423470e+02
3.200000000000000000e+02 3.133799443821532350e+03 1.216234792469106374e+01 3.099226145286419071e-02 1.091617419142321523e+02
3.210000000000000000e+02 3.103180176403991027e+03 1.233779711006888746e+01 3.111810036433119639e-02 1.087219367736425681e+02
3.220000000000000000e+02 3.072691611191186439e+03 1.251294357891299924e+01 3.124335274351258337e-02 1.082462157245650047e+02
3.230000000000000000e+02 3.042362666560572961e+03 1.268771719718704105e+01 3.136802560796545652e-02 1.077353358376499699e+02
3.240000000000000000e+02 3.012185116557675428e+03 1.286204785739869649e+01 3.149212653710192766e-02 1.071900540122722134e+02
3.250000000000000000e+02 2.982180445982381571e+03 1.303593976208401983e+01 3.161566367828623492e-02 1.066096413000789340e+02
3.260000000000000000e+02 2.952347851882021587e+03 1.320932285676339291e+01 3.173864575215439021e-02 1.059948542387802490e+02
3.270000000000000000e+02 2.922701385259133531e+03 1.338205282988273481e+01 3.186108205561914014e-02 1.053449635058400276e+02
3.280000000000000000e+02 2.893247665989724737e+03 1.355405967973814718e+01 3.198298246385756355e-02 1.046607252524758849e+02
3.290000000000000000e+02 2.863993311155734318e+03 1.372534771437481993e+01 3.210435743010904563e-02 1.039436382626505804e+02
3.300000000000000000e+02 2.834952363391305880e+03 1.389577270095672823e+01 3.222521798385487996e-02 1.031922297720878277e+02
3.310000000000000000e+02 2.806124005842346833e+03 1.406533899963185519e+01 3.234557572729138131e-02 1.024072553077187280e+02
3.320000000000000000e+02 2.777522275592519691e+03 1.423397671285799682e+01 3.246544282974364592e-02 1.015887273419910315e+02
3.330000000000000000e+02 2.749146350302139581e+03 1.440154168521344857e+01 3.258483202041469184e-02 1.007381437924964018e+02
3.340000000000000000e+02 2.721010261664137488e+03 1.456803835369257705e+01 3.270375657922624385e-02 9.985477384154684444e+01
3.350000000000000000e+02 2.693128038773572371e+03 1.473332261346098804e+01 3.282223032586027017e-02 9.893937210615469269e+01
3.360000000000000000e+02 2.665498851512091733e+03 1.489739895160755800e+01 3.294026760702224721e-02 9.799195012797048321e+01
3.370000000000000000e+02 2.638129295698342048e+03 1.506019759635576349e+01 3.305788328193371567e-02 9.701400487353322433e+01
3.380000000000000000e+02 2.611025964851718527e+03 1.522164880026146960e+01 3.317509270622719803e-02 9.600480455448541761e+01
3.390000000000000000e+02 2.584202878670474547e+03 1.538168283988487062e+01 3.329191171405122829e-02 9.496584563323123973e+01
3.400000000000000000e+02 2.557666626472352164e+03 1.554030429894096876e+01 3.340835659903558519e-02 9.389713864348999550e+01
3.410000000000000000e+02 2.531416367348266249e+03 1.569729493391433017e+01 3.352444409332785286e-02 9.279869385619655020e+01
3.420000000000000000e+02 2.505458687028249187e+03 1.585265937467472419e+01 3.364019134578089681e-02 9.167052127552501872e+01
3.430000000000000000e+02 2.479800169707499208e+03 1.600632799004439732e+01 3.375561589860644890e-02 9.051411630513649698e+01
3.440000000000000000e+02 2.454439969882274454e+03 1.615815688735143141e+01 3.387073566324784457e-02 8.932874556942654465e+01
3.450000000000000000e+02 2.429384669245333953e+03 1.630815076246729589e+01 3.398556889505498918e-02 8.811516108519685986e+01
3.460000000000000000e+02 2.404640848538255341e+03 1.645616576530336772e+01 3.410013416730621472e-02 8.687337175330128503e+01
3.470000000000000000e+02 2.380207659410188171e+03 1.660220663330417068e+01 3.421445034452535311e-02 8.560412902559032489e+01
3.480000000000000000e+02 2.356091681332524786e+03 1.674605527339499744e+01 3.432853655538792986e-02 8.430744123192778261e+01
3.490000000000000000e+02 2.332306921816942122e+03 1.688786502943930401e+01 3.444241216508719949e-02 8.298554491752911133e+01
3.500000000000000000e+02 2.308852531585229372e+03 1.702749213013079910e+01 3.455609674779033108e-02 8.163770499519402790e+01
3.510000000000000000e+02 2.285742584653342419e+03 1.716494147057891340e+01 3.466961005863187367e-02 8.026540711217496948e+01
3.520000000000000000e+02 2.262983992886097440e+03 1.730014400470499325e+01 3.478297200638941211e-02 7.886936388017150534e+01
3.530000000000000000e+02 2.240576306833406761e+03 1.743303078456045085e+01 3.489620262580737931e-02 7.744953730088509758e+01
3.540000000000000000e+02 2.218526506186717143e+03 1.756360716197887939e+01 3.500932205085944410e-02 7.600811758007154140e+01
3.550000000000000000e+02 2.196848999992065274e+03 1.769172993737569399e+01 3.512235048819053324e-02 7.454432328059621682e+01
3.560000000000000000e+02 2.175535913456685194e+03 1.781740449304461649e+01 3.523530819153720267e-02 7.305885833097353554e+01
3.570000000000000000e+02 2.154594229901209019e+03 1.794056194191726661e+01 3.534821543664563165e-02 7.155242635386350969e+01
3.580000000000000000e+02 2.134030934252273710e+03 1.806113341031312913e+01 3.546109249752353587e-02 7.002573066477394548e+01
3.590000000000000000e+02 2.113845584876462908e+03 1.817897575366602325e+01 3.557395962348923468e-02 6.847873143589168876e+01
3.600000000000000000e+02 2.094037742104788322e+03 1.829409440624251815e+01 3.568683701742928621e-02 6.691287420016678311e+01
3.610000000000000000e+02 2.074614396746297189e+03 1.840642052982767751e+01 3.579974481539432984e-02 6.532707854133819581e+01
3.620000000000000000e+02 2.055575113539206995e+03 1.851588529640413938e+01 3.591270306741161517e-02 6.372316078892806246e+01
3.630000000000000000e+02 2.036934316340831174e+03 1.862241988731230791e+01 3.602573171985472278e-02 6.210167414156383359e+01
3.640000000000000000e+02 2.018676718152157491e+03 1.872602977589763285e+01 3.613885059914534459e-02 6.046324576963527875e+01
3.650000000000000000e+02 2.000824176382575615e+03 1.882664615963540200e+01 3.625207939712343785e-02 5.880865109855932360e+01
3.660000000000000000e+02 1.983368837796077742e+03 1.892420024274911938e+01 3.636543765774569170e-02 5.713866524168759753e+01
3.670000000000000000e+02 1.966317708696912405e+03 1.901869751881533332e+01 3.647894476543415976e-02 5.545391443336531978e+01
3.680000000000000000e+02 1.949670369948520829e+03 1.910999491934559913e+01 3.659261993521668865e-02 5.375524744665967347e+01
3.690000000000000000e+02 1.933426405378965001e+03 1.919824651387941827e+01 3.670648220394560901e-02 5.204336417621662747e+01
3.700000000000000000e+02 1.917600258522175864e+03 1.928316067402550971e+01 3.682055042349440671e-02 5.031888992228793001e+01
3.710000000000000000e+02 1.902176662542971599e+03 1.936496575805059805e+01 3.693484325505485416e-02 4.858267252542258063e+01
3.720000000000000000e+02 1.887170067051667047e+03 1.944337014089050797e+01 3.704937916524463776e-02 4.683533666629280390e+01
3.730000000000000000e+02 1.872572639651456029e+03 1.951852789872013005e+01 3.716417642335972937e-02 4.507765528420926415e+01
3.740000000000000000e+02 1.858391407675864457e+03 1.959037025646019359e+01 3.727925309986036828e-02 4.331040101128360931e+01
3.750000000000000000e+02 1.844618544761672865e+03 1.965882843730645035e+01 3.739462706624319815e-02 4.153412332325637379e+01
3.760000000000000000e+02 1.831261084212312426e+03 1.972383366174458885e+01 3.751031599602541733e-02 3.974966852552083907e+01
3.770000000000000000e+02 1.818326062249081133e+03 1.978539143006190670e+01 3.762633736657302469e-02 3.795765977028656835e+01
3.780000000000000000e+02 1.805798232902354584e+03 1.984343295434596044e+01 3.774270846199514334e-02 3.615879419244855342e+01
3.790000000000000000e+02 1.793692066396551354e+03 1.989788944098640755e+01 3.785944637662501389e-02 3.435384291162832682e+01
3.800000000000000000e+02 1.782007178974183034e+03 1.994876637317266699e+01 3.797656801944435112e-02 3.254350246739568320e+01
3.810000000000000000e+02 1.770735761165112308e+03 1.999606922638365347e+01 3.809409011874115292e-02 3.072839482168506109e+01
3.820000000000000000e+02 1.759884862750955790e+03 2.003958061687001901e+01 3.821202922717968631e-02 2.890929021191272241e+01
3.830000000000000000e+02 1.749454107623850632e+03 2.007952885216426608e+01 3.833040172728931910e-02 2.708695858677860002e+01
3.840000000000000000e+02 1.739435693693079429e+03 2.011577081153984281e+01 3.844922383689024920e-02 2.526224389277650673e+01
3.850000000000000000e+02 1.729829249490555640e+03 2.014831192951450944e+01 3.856851161452064941e-02 2.343584122689869531e+01
3.860000000000000000e+02 1.720641834075450106e+03 2.017723191133378435e+01 3.868828096461181254e-02 2.160866825756816212e+01
3.870000000000000000e+02 1.711873080239199226e+03 2.020246188144966837e+01 3.880854764253402478e-02 1.978141952725434294e+01
3.880000000000000000e+02 1.703507766062893552e+03 2.022408151651821129e+01 3.892932725894743262e-02 1.795493787383003337e+01
3.890000000000000000e+02 1.695552956579505235e+03 2.024202191037850440e+01 3.905063528376458148e-02 1.612999158412455714e+01
3.900000000000000000e+02 1.688008290288371427e+03 2.025628842355145309e+01 3.917248704922041830e-02 1.430734868170551621e+01
3.910000000000000000e+02 1.680873407426554877e+03 2.026688639873089670e+01 3.929489775235315424e-02 1.248777693137819789e+01
3.920000000000000000e+02 1.674133093196140408e+03 2.027374687627808925e+01 3.941788245631070581e-02 1.067204384390679550e+01
3.930000000000000000e+02 1.667801847801212261e+03 2.027694944372951014e+01 3.954145609079168233e-02 8.860842397455678920e+00
3.940000000000000000e+02 1.661864459589911576e+03 2.027642510079117599e+01 3.966563345131408902e-02 7.054865326258716429e+00
3.950000000000000000e+02 1.656320575109414676e+03 2.027210482535237190e+01 3.979042919722147742e-02 5.254953693014153160e+00
3.960000000000000000e+02 1.651169842369049547e+03 2.026414242300648993e+01 3.991585784862883984e-02 3.461792332136563122e+00
3.970000000000000000e+02 1.646404482464443845e+03 2.025239454155222418e+01 4.004193378178645679e-02 1.676132706097869463e+00
3.980000000000000000e+02 1.642031574613970633e+03 2.023694065453510404e+01 4.016867122327615752e-02 -1.013259421236722968e-01
3.990000000000000000e+02 1.638043342755164304e+03 2.021771164276499277e+01 4.029608424272913825e-02 -1.869847442570168772e+00
4.000000000000000000e+02 1.634439440604904348e+03 2.019486121086471897e+01 4.042418674424379937e-02 -3.628715147281384112e+00
4.010000000000000000e+02 1.631219614553409428e+03 2.016824518499762675e+01 4.055299245627260601e-02 -5.377219688005972387e+00
4.020000000000000000e+02 1.628376549015710907e+03 2.013793934604168712e+01 4.068251492012744941e-02 -7.114644547570182276e+00
4.030000000000000000e+02 1.625910449510467515e+03 2.010401872853181970e+01 4.081276747724526394e-02 -8.840302759552761458e+00
4.040000000000000000e+02 1.623821523145282072e+03 2.006640976951691968e+01 4.094376325503765179e-02 -1.055345999637332177e+01
4.050000000000000000e+02 1.622095121986138565e+03 2.002511315813961446e+01 4.107551515144305943e-02 -1.225342667334220437e+01
4.060000000000000000e+02 1.620731456539695273e+03 1.998027811821914312e+01 4.120803581827240519e-02 -1.393958022603280789e+01
4.070000000000000000e+02 1.619730739144920108e+03 1.993183098982771639e+01 4.134133764346859669e-02 -1.561109768181571233e+01
4.080000000000000000e+02 1.619085755725201125e+03 1.987969807889576046e+01 4.147543273229334360e-02 -1.726730478429225357e+01
4.090000000000000000e+02 1.618781865900211642e+03 1.982410279032874811e+01 4.161033288755992821e-02 -1.890752741809777859e+01
4.100000000000000000e+02 1.618834144857704814e+03 1.976497135910367220e+01 4.174604958903498086e-02 -2.053101731705165633e+01
4.110000000000000000e+02 1.619213099979344861e+03 1.970230426690790893e+01 4.188259397198898504e-02 -2.213732347317523974e+01
4.120000000000000000e+02 1.619933811178830638e+03 1.963617624127565620e+01 4.201997680541489505e-02 -2.372569786003863967e+01
4.130000000000000000e+02 1.620989075890509639e+03 1.956658768773022672e+01 4.215820846952712808e-02 -2.529568969201805118e+01
4.140000000000000000e+02 1.622371694265610586e+03 1.949361325594728456e+01 4.229729893307049987e-02 -2.684662543089522657e+01
4.150000000000000000e+02 1.624067040970925746e+03 1.941732755542211208e+01 4.243725773035696841e-02 -2.837798019437602903e+01
4.160000000000000000e+02 1.626090207091223419e+03 1.933765658764627915e+01 4.257809393832734379e-02 -2.988922917998999296e+01
4.170000000000000000e+02 1.628419145129146500e+03 1.925474916281423887e+01 4.271981615368084656e-02 -3.137962480539576404e+01
4.180000000000000000e+02 1.631061524309327297e+03 1.916860548151777621e+01 4.286243247023691083e-02 -3.284871668362911379e+01
4.190000000000000000e+02 1.634002732276940151e+03 1.907922570097132464e+01 4.300595045679605349e-02 -3.429583162924360806e+01
4.200000000000000000e+02 1.637250445346657443e+03 1.898660993424629595e+01 4.315037713546904935e-02 -3.572044506641818629e+01
4.210000000000000000e+02 1.640790058544500198e+03 1.889090681652482928e+01 4.329571896070169568e-02 -3.712195816899122747e+01
4.220000000000000000e+02 1.644614399146829101e+03 1.879204208685117550e+01 4.344198179920984171e-02 -3.849969785095775876e+01
4.230000000000000000e+02 1.648731155162018013e+03 1.869001572142130740e+01 4.358917091074744621e-02 -3.985313960743900452e+01
4.240000000000000000e+02 1.653125733702889193e+03 1.858497621638118247e+01 4.373729093024349840e-02 -4.118175893811293520e+01
4.250000000000000000e+02 1.657790974502547442e+03 1.847692345312982098e+01 4.388634585078315942e-02 -4.248503133763202300e+01
4.260000000000000000e+02 1.662727150019301916e+03 1.836593154815725981e+01 4.403633900829415082e-02 -4.376272942004112565e+01
4.270000000000000000e+02 1.667912252129708122e+03 1.825214885239362772e+01 4.418727306743705507e-02 -4.501440292466599402e+01
4.280000000000000000e+02 1.673361419012818033e+03 1.813564938357223966e+01 4.433915000914773891e-02 -4.623967584053485069e+01
4.290000000000000000e+02 1.679045223367080553e+03 1.801643282561761339e+01 4.449197111979930064e-02 -4.743824639680228472e+01
4.300000000000000000e+02 1.684963955969175913e+03 1.789457309505923632e+01 4.464573698194387180e-02 -4.860958991918223404e+01
4.310000000000000000e+02 1.691117912315415651e+03 1.777029262396421316e+01 4.480044746696657670e-02 -4.975347880493355035e+01
4.320000000000000000e+02 1.697492535949200374e+03 1.764351665837477867e+01 4.495610172939781823e-02 -5.086953681234351876e+01
4.330000000000000000e+02 1.704095560225383224e+03 1.751431895879886369e+01 4.511269820317004992e-02 -5.195723905126228459e+01
4.340000000000000000e+02 1.710905009856505103e+03 1.738284751620719604e+01 4.527023459965935637e-02 -5.301635767469235816e+01
4.350000000000000000e+02 1.717928627697482852e+03 1.724902741754772606e+01 4.542870790758642141e-02 -5.404636760138758689e+01
4.360000000000000000e+02 1.725159304611448761e+03 1.711300654631070017e+01 4.558811439478557131e-02 -5.504696649103738793e+01
4.370000000000000000e+02 1.732589936122306426e+03 1.697478416459282968e+01 4.574844961183702902e-02 -5.601777760097461822e+01
4.380000000000000000e+02 1.740213422351688905e+03 1.683450804671137035e+01 4.590970839745505544e-02 -5.695842406044920381e+01
4.390000000000000000e+02 1.748030096291367499e+03 1.669217734482658244e+01 4.607188488558286443e-02 -5.786852886145530306e+01
4.400000000000000000e+02 1.756025438660273949e+03 1.654786543911080088e+01 4.623497251429114357e-02 -5.874793770012306027e+01
4.410000000000000000e+02 1.764192362849159281e+03 1.640171993744004553e+01 4.639896403624390459e-02 -5.959634755014910468e+01
4.420000000000000000e+02 1.772516358100768230e+03 1.625373982460915201e+01 4.656385153064166588e-02 -6.041352950430657387e+01
4.430000000000000000e+02 1.780997774428745743e+03 1.610407259609601383e+01 4.672962641670435485e-02 -6.119910591500006802e+01
4.440000000000000000e+02 1.789622109073108959e+03 1.595279140734093914e+01 4.689627946849295875e-02 -6.195292180290111617e+01
4.450000000000000000e+02 1.798382291396683058e+03 1.579989507356704870e+01 4.706380083082542520e-02 -6.267474771412106804e+01
4.460000000000000000e+02 1.807271254370736415e+03 1.564560520364461205e+01 4.723218003650556107e-02 -6.336435399495651666e+01
4.470000000000000000e+02 1.816281934402114985e+03 1.548992049896554590e+01 4.740140602432064282e-02 -6.402180791720174113e+01
4.480000000000000000e+02 1.825422127853250458e+03 1.533298817088087418e+01 4.757146715815728510e-02 -6.464695368499232586e+01
4.490000000000000000e+02 1.834677349103948245e+03 1.517488109015483211e+01 4.774235124652977807e-02 -6.523970956023445922e+01
4.500000000000000000e+02 1.844040543760171431e+03 1.501559778696329772e+01 4.791404556289644706e-02 -6.580006785408146186e+01
4.510000000000000000e+02 1.853512132179759419e+03 1.485535867053153680e+01 4.808653686624972390e-02 -6.632793942499587558e+01
4.520000000000000000e+02 1.863092712089063980e+03 1.469415758496781521e+01 4.825981142220667208e-02 -6.682313289093984565e+01
4.530000000000000000e+02 1.872760642165826539e+03 1.453213597011510139e+01 4.843385502397560410e-02 -6.728552396742317399e+01
4.540000000000000000e+02 1.882516568218008388e+03 1.436936092560474698e+01 4.860865301351699475e-02 -6.771491381866385950e+01
4.550000000000000000e+02 1.892346281232862111e+03 1.420589949455148826e+01 4.878419030245476073e-02 -6.811117761634695000e+01
4.560000000000000000e+02 1.902243002230271031e+03 1.404181866378617549e+01 4.896045139269840363e-02 -6.847411596442820780e+01
4.570000000000000000e+02 1.912199953718561119e+03 1.387718536412892334e+01 4.913742039681437412e-02 -6.880360345800282573e+01
4.580000000000000000e+02 1.922202931154943826e+03 1.371214075420585488e+01 4.931508105759471738e-02 -6.909936582471716804e+01
4.590000000000000000e+02 1.932237731112188612e+03 1.354675165379931023e+01 4.949341676718595900e-02 -6.936149990126226328e+01
4.600000000000000000e+02 1.942319864502841256e+03 1.338108482774696206e+01 4.967241058533586329e-02 -6.959010220789575385e+01
4.610000000000000000e+02 1.952420272907688741e+03 1.321520698637985447e+01 4.985204525681878607e-02 -6.978445182200846375e+01
4.620000000000000000e+02 1.962561896968637257e+03 1.304933335300707675e+01 5.003230322783294715e-02 -6.994679882890888223e+01
4.630000000000000000e+02 1.972715679334304468e+03 1.288353053042690632e+01 5.021316666144313295e-02 -7.007567879882016371e+01
4.640000000000000000e+02 1.982904561422804363e+03 1.271786506849459997e+01 5.039461745181907787e-02 -7.017185545937115876e+01
4.650000000000000000e+02 1.993099486388336800e+03 1.255247774822911033e+01 5.057663723734439482e-02 -7.023534934785998018e+01
4.660000000000000000e+02 2.003315967555863153e+03 1.238743501545366144e+01 5.075920741246547213e-02 -7.026692347374479652e+01
4.670000000000000000e+02 2.013539804811769955e+03 1.222287754848739816e+01 5.094230913832152596e-02 -7.026585480609192302e+01
4.680000000000000000e+02 2.023756797910079285e+03 1.205887169186791752e+01 5.112592335210127542e-02 -7.023290560628666412e+01
4.690000000000000000e+02 2.033967603090397688e+03 1.189548374062191982e+01 5.131003077503235726e-02 -7.016809491566338863e+01
4.700000000000000000e+02 2.044158019606677271e+03 1.173277994107350430e+01 5.149461191916780006e-02 -7.007144138333593730e+01
4.710000000000000000e+02 2.054313846369757357e+03 1.157090077519479721e+01 5.167964709283295877e-02 -6.994222042408634366e+01
4.720000000000000000e+02 2.064435738602039237e+03 1.140998667799081900e+01 5.186511640494038955e-02 -6.978193555149394456e+01
4.730000000000000000e+02 2.074509494402529072e+03 1.125002947142077581e+01 5.205099976798101963e-02 -6.958911852591366198e+01
4.740000000000000000e+02 2.084535768125394043e+03 1.109109521587006242e+01 5.223727689994479145e-02 -6.936601486298653185e+01
4.750000000000000000e+02 2.094507785317799971e+03 1.093339849465494318e+01 5.242392732511984288e-02 -6.911115547681730220e+01
4.760000000000000000e+02 2.104426199419467594e+03 1.077700528105169120e+01 5.261093037398839600e-02 -6.882529935375305286e+01
4.770000000000000000e+02 2.114276806720774857e+03 1.062190722287471623e+01 5.279826518202584973e-02 -6.850920504104779241e+01
4.780000000000000000e+02 2.124067688131916384e+03 1.046831877759766982e+01 5.298591068787254776e-02 -6.816288780574856787e+01
4.790000000000000000e+02 2.133799495808017582e+03 1.031630579598711428e+01 5.317384563058926567e-02 -6.778740243284789813e+01
4.800000000000000000e+02 2.143450596482060519e+03 1.016600837379011502e+01 5.336204854652003282e-02 -6.738216901347875876e+01
4.810000000000000000e+02 2.153036498306643807e+03 1.001734371893786069e+01 5.355049776544279494e-02 -6.694794427950236582e+01
4.820000000000000000e+02 2.162528139046295109e+03 9.870600420811619813e+00 5.373917140650665697e-02 -6.648503879415007134e+01
4.830000000000000000e+02 2.171933597979512342e+03 9.725769899997922963e+00 5.392804737387262709e-02 -6.599383693146741336e+01
4.840000000000000000e+02 2.181238669149169709e+03 9.582992110612076786e+00 5.411710335218612028e-02 -6.547472258797414213e+01
4.850000000000000000e+02 2.190429146467648479e+03 9.442332691128951794e+00 5.430631680221811169e-02 -6.492800489457053459e+01
4.860000000000000000e+02 2.199513108822776758e+03 9.303857249252988737e+00 5.449566495645756514e-02 -6.435414106271119294e+01
4.870000000000000000e+02 2.208476350031172842e+03 9.167631363313725856e+00 5.468512481511492163e-02 -6.375343924632893078e+01
4.880000000000000000e+02 2.217312092292574107e+03 9.033869150693565331e+00 5.487467314252250650e-02 -6.312642995555921743e+01
4.890000000000000000e+02 2.226028414590751709e+03 8.902487568261880924e+00 5.506428646406329175e-02 -6.247364320273260319e+01
4.900000000000000000e+02 2.234611110989139434e+03 8.773700681869600615e+00 5.525394106370611069e-02 -6.179553421566949822e+01
4.910000000000000000e+02 2.243060832424085220e+03 8.647573966833215664e+00 5.544361298242669878e-02 -6.109270628529169045e+01
4.920000000000000000e+02 2.251378230040426843e+03 8.524098592959980181e+00 5.563327801743514489e-02 -6.036553934552910761e+01
4.930000000000000000e+02 2.259563955220648495e+03 8.403414276600798871e+00 5.582291172245111566e-02 -5.961470995558016028e+01
4.940000000000000000e+02 2.267611231255937128e+03 8.285660715212465277e+00 5.601248940905861895e-02 -5.884052274646296610e+01
4.950000000000000000e+02 2.275513281709018884e+03 8.170903305443411924e+00 5.620198614918828217e-02 -5.804372753795475148e+01
4.960000000000000000e+02 2.283270758767495863e+03 8.059133144741885246e+00 5.639137677904765972e-02 -5.722470221882054631e+01
4.970000000000000000e+02 2.290869458185989060e+03 7.950489883491099974e+00 5.658063590412630572e-02 -5.638404701393935881e+01
4.980000000000000000e+02 2.298310032669200609e+03 7.845038876147591544e+00 5.676973790580357865e-02 -5.552236163325790130e+01
4.990000000000000000e+02 2.305585706791917801e+03 7.742845466407276334e+00 5.695865694924017592e-02 -5.464017098810833062e+01
5.000000000000000000e+02 2.312689705308263001e+03 7.644049272388135030e+00 5.714736699289676980e-02 -5.373792519139125545e+01
5.010000000000000000e+02 2.319615218557245953e+03 7.548641299893528611e+00 5.733584179937137315e-02 -5.281628823392950522e+01
5.020000000000000000e+02 2.326362727123502282e+03 7.456760964357139976e+00 5.752405494786775458e-02 -5.187588976026292187e+01
5.030000000000000000e+02 2.332925248683363407e+03 7.368399072335170885e+00 5.771197984810561704e-02 -5.091720187754008720e+01
5.040000000000000000e+02 2.339303229156777888e+03 7.283769278683754678e+00 5.789958975572176425e-02 -4.994106759989223576e+01
5.050000000000000000e+02 2.345504542605138795e+03 7.202788103793808183e+00 5.808685778909128405e-02 -4.894803229893113894e+01
5.060000000000000000e+02 2.351514777716142817e+03 7.125594919873014632e+00 5.827375694763645142e-02 -4.793871512364874121e+01
5.070000000000000000e+02 2.357341807779516785e+03 7.052269675412301986e+00 5.846026013142114480e-02 -4.691373471966657149e+01
5.080000000000000000e+02 2.362978648798835820e+03 6.982877467074064981e+00 5.864634016206879408e-02 -4.587378351585258685e+01
5.090000000000000000e+02 2.368418316044446783e+03 6.917468541488879907e+00 5.883196980492176598e-02 -4.481947916078880212e+01
5.100000000000000000e+02 2.373676108946675413e+03 6.856100582112412134e+00 5.901712179225816063e-02 -4.375151309360376217e+01
5.110000000000000000e+02 2.378730184127027769e+03 6.798823854339617334e+00 5.920176884766956138e-02 -4.267042769764211840e+01
5.120000000000000000e+02 2.383595838725472277e+03 6.745688635677795197e+00 5.938588371122606457e-02 -4.157691343899607261e+01
5.130000000000000000e+02 2.388258655065443691e+03 6.696760074277039010e+00 5.956943916562467550e-02 -4.047166030436019213e+01
5.140000000000000000e+02 2.392719070566037772e+03 6.652088477365954766e+00 5.975240806287350492e-02 -3.935520923921813363e+01
5.150000000000000000e+02 2.396977520846687185e+03 6.611716741444426226e+00 5.993476335166460917e-02 -3.822824928736912398e+01
5.160000000000000000e+02 2.401034439527892573e+03 6.575702639182148701e+00 6.011647810516902724e-02 -3.709154331325949272e+01
5.170000000000000000e+02 2.404882829678395410e+03 6.544081679519709205e+00 6.029752554909626611e-02 -3.594563087411623314e+01
5.180000000000000000e+02 2.408515691960709773e+03 6.516911679626129050e+00 6.047787909004775919e-02 -3.479127392740709723e+01
5.190000000000000000e+02 2.411940881125955002e+03 6.494228196656695040e+00 6.065751234368908784e-02 -3.362915970356878148e+01
5.200000000000000000e+02 2.415143964057188896e+03 6.476074243015439436e+00 6.083639916302525236e-02 -3.245990071302940549e+01
5.210000000000000000e+02 2.418132789666966346e+03 6.462500288218294031e+00 6.101451366635191054e-02 -3.128425760401415801e+01
5.220000000000000000e+02 2.420900346944829380e+03 6.453541975706390765e+00 6.119183026474780962e-02 -3.010284203610022402e+01
5.230000000000000000e+02 2.423439621460414401e+03 6.449234981410508105e+00 6.136832368917725933e-02 -2.891633953854661598e+01
5.240000000000000000e+02 2.425765880221865700e+03 6.449600158913886716e+00 6.154396901678050452e-02 -2.772550951836546318e+01
5.250000000000000000e+02 2.427864673037927787e+03 6.454665826364493597e+00 6.171874169656310638e-02 -2.653096241812535538e+01
5.260000000000000000e+02 2.429751259141067294e+03 6.464452911633656207e+00 6.189261757405888076e-02 -2.533338257500063762e+01
5.270000000000000000e+02 2.431418608565171326e+03 6.478989810872310962e+00 6.206557291497440121e-02 -2.413345394603280525e+01
5.280000000000000000e+02 2.432867115385296984e+03 6.498304962012117159e+00 6.223758442776831934e-02 -2.293193440061055099e+01
5.290000000000000000e+02 2.434097169216395287e+03 6.522411989911056196e+00 6.240862928501420687e-02 -2.172935859564261563e+01
5.300000000000000000e+02 2.435116583423589418e+03 6.551324564893828750e+00 6.257868514338194021e-02 -2.052663225295787086e+01
5.310000000000000000e+02 2.435910881593023987e+03 6.585071261284950239e+00 6.274773016226248279e-02 -1.932436361735247843e+01
5.320000000000000000e+02 2.436495295867947789e+03 6.623650989131426137e+00 6.291574302103383753e-02 -1.812345773436161522e+01
5.330000000000000000e+02 2.436862768394351406e+03 6.667077566119271381e+00 6.308270293454949773e-02 -1.692444790866380799e+01
5.340000000000000000e+02 2.437006236282645659e+03 6.715364862677134283e+00 6.324858966744878463e-02 -1.572823854920106967e+01
5.350000000000000000e+02 2.436940916583254875e+03 6.768534232119291616e+00 6.341338354658321297e-02 -1.453543662791370572e+01
5.360000000000000000e+02 2.436652307773882967e+03 6.826584799024500327e+00 6.357706547187955137e-02 -1.334694595817377660e+01
5.370000000000000000e+02 2.436155616514887697e+03 6.889515746052477851e+00 6.373961692563608061e-02 -1.216329865382694919e+01
5.380000000000000000e+02 2.435443759165308620e+03 6.957333744044507995e+00 6.390101998030620067e-02 -1.098524940792243854e+01
5.390000000000000000e+02 2.434524503516247023e+03 7.030023240356505276e+00 6.406125730439722610e-02 -9.813552653056756725e+00
5.400000000000000000e+02 2.433383327035956881e+03 7.107583602326217331e+00 6.422031216706906853e-02 -8.648814005356781465e+00
5.410000000000000000e+02 2.432042843682118928e+03 7.190021690620019612e+00 6.437816844094608471e-02 -7.491713126108588305e+00
5.420000000000000000e+02 2.430495948773453165e+03 7.277322147508090033e+00 6.453481060381090206e-02 -6.343003733008524492e+00
5.430000000000000000e+02 2.428735532427696853e+03 7.369477111920184065e+00 6.469022373843448526e-02 -5.203313046084316440e+00
5.440000000000000000e+02 2.426776764661902234e+03 7.466478792726658043e+00 6.484439353131400685e-02 -4.073312651252813055e+00
5.450000000000000000e+02 2.424619953702660496e+03 7.568289756944172275e+00 6.499730627010408268e-02 -2.953621943390494220e+00
5.460000000000000000e+02 2.422257974409017606e+03 7.674909786468696815e+00 6.514894883980749951e-02 -1.844867564878992949e+00
5.470000000000000000e+02 2.419698553406291467e+03 7.786301596126293134e+00 6.529930871792126446e-02 -7.476908458168639582e-01
5.480000000000000000e+02 2.416941984127914111e+03 7.902383406847352632e+00 6.544837396858581291e-02 3.372967541039612049e-01
5.490000000000000000e+02 2.413988555266852927e+03 8.023296367769905402e+00 6.559613323578168675e-02 1.409444549847772121e+00
5.500000000000000000e+02 2.410838550884395772e+03 8.148810289682105079e+00 6.574257573595868043e-02 2.468133188155479996e+00
5.510000000000000000e+02 2.407507035222613467e+03 8.279067549164782491e+00 6.588769124978717528e-02 3.512710234916548213e+00
5.520000000000000000e+02 2.403979066713561679e+03 8.413917741527699334e+00 6.603147011354952578e-02 4.542534669020594329e+00
5.530000000000000000e+02 2.400269340916677265e+03 8.553360180120129996e+00 6.617390321007932119e-02 5.556965791107881358e+00
5.540000000000000000e+02 2.396385120899455160e+03 8.697394262960077782e+00 6.631498195940317697e-02 6.555377841278605011e+00
5.550000000000000000e+02 2.392318809017909189e+03 8.845945190515280387e+00 6.645469830930711419e-02 7.537122844580725456e+00
5.560000000000000000e+02 2.388070232099078567e+03 8.999012533951910697e+00 6.659304472581291379e-02 8.501560311542494475e+00
5.570000000000000000e+02 2.383661498273227608e+03 9.156521669332095215e+00 6.673001418377305649e-02 9.448124080350138954e+00
5.580000000000000000e+02 2.379077570302393724e+03 9.318472345778983978e+00 6.686560015772373411e-02 1.037614402336263097e+01
5.590000000000000000e+02 2.374325692510732551e+03 9.484790119588252466e+00 6.699979661297858491e-02 1.128518030969096131e+01
5.600000000000000000e+02 2.369405677508625558e+03 9.655474922304659202e+00 6.713259799725194987e-02 1.217464454605272017e+01
5.610000000000000000e+02 2.364332191364343544e+03 9.830378211240237363e+00 6.726399923269721359e-02 1.304394833039607704e+01
5.620000000000000000e+02 2.359090183618338870e+03 1.000957438796528010e+01 6.739399570870098499e-02 1.389272608893076466e+01
5.630000000000000000e+02 2.353694314195056450e+03 1.019291509822370578e+01 6.752258327531980575e-02 1.472024079453911050e+01
5.640000000000000000e+02 2.348151811754737082e+03 1.038040065032672032e+01 6.764975823757421458e-02 1.552605250464081266e+01
5.650000000000000000e+02 2.342447617088492734e+03 1.057195716547646036e+01 6.777551735047600279e-02 1.630972121344025894e+01
5.660000000000000000e+02 2.336596381657537677e+03 1.076758514555090507e+01 6.789985781516399976e-02 1.707080683810358224e+01
5.670000000000000000e+02 2.330605325920766973e+03 1.096706233982209611e+01 6.802277727581353128e-02 1.780872063785521320e+01
5.680000000000000000e+02 2.324466811054251139e+03 1.117046373014896510e+01 6.814427381774366965e-02 1.852309661752201819e+01
5.690000000000000000e+02 2.318188052412520847e+03 1.137771583058446545e+01 6.826434596634833873e-02 1.921349437949086436e+01
5.700000000000000000e+02 2.311768834528402749e+03 1.158867097144586822e+01 6.838299268725496483e-02 1.987947339312108141e+01
5.710000000000000000e+02 2.305216367854225155e+03 1.180333015033549771e+01 6.850021338740273913e-02 2.052051869710139087e+01
5.720000000000000000e+02 2.298537860442352667e+03 1.202154589858859346e+01 6.861600791724101200e-02 2.113641230277864125e+01
5.730000000000000000e+02 2.291733089615823701e+03 1.224331941568534532e+01 6.873037657396960376e-02 2.172663891191896823e+01
5.740000000000000000e+02 2.284801830329745371e+03 1.246857771908931056e+01 6.884332010567727200e-02 2.229098017048222147e+01
5.750000000000000000e+02 2.277766140223663115e+03 1.269717364453665631e+01 6.895483971648463939e-02 2.282914323684621394e+01
5.760000000000000000e+02 2.270610932812002829e+03 1.292910869677597496e+01 6.906493707258651304e-02 2.334076076753515139e+01
5.770000000000000000e+02 2.263358260970252104e+03 1.316423591573336438e+01 6.917361430917438880e-02 2.382546518645202482e+01
5.780000000000000000e+02 2.256000461758143501e+03 1.340248272713770561e+01 6.928087403801840016e-02 2.428288867062030576e+01
5.790000000000000000e+02 2.248544726488928973e+03 1.364385094258078723e+01 6.938671935584184158e-02 2.471288598645549683e+01
5.800000000000000000e+02 2.240998243989675757e+03 1.388811962550981605e+01 6.949115385324744487e-02 2.511508877454738808e+01
5.810000000000000000e+02 2.233368200555824842e+03 1.413529079218724505e+01 6.959418162415668963e-02 2.548912838600954345e+01
5.820000000000000000e+02 2.225654351550066167e+03 1.438521799406528423e+01 6.969580727572016743e-02 2.583471015187963005e+01
5.830000000000000000e+02 2.217856449697150765e+03 1.463782916812298929e+01 6.979603593836895825e-02 2.615161336908522571e+01
5.840000000000000000e+02 2.209989101725308501e+03 1.489312663663804770e+01 6.989487327624363533e-02 2.643946843598171625e+01
5.850000000000000000e+02 2.202052054903474527e+03 1.515081568938883727e+01 6.999232549754509647e-02 2.669805397249940171e+01
5.860000000000000000e+02 2.194045053678317799e+03 1.541097313483411391e+01 7.008839936493947709e-02 2.692707395587704511e+01
5.870000000000000000e+02 2.185975267960342080e+03 1.567345303169320836e+01 7.018310220578498348e-02 2.712645484102889171e+01
5.880000000000000000e+02 2.177857293060092161e+03 1.593810953899699356e+01 7.027644192203118256e-02 2.729597412951726199e+01
5.890000000000000000e+02 2.169676007874489187e+03 1.620487119907729934e+01 7.036842699971242177e-02 2.743548320668550744e+01
5.900000000000000000e+02 2.161453429979112570e+03 1.647366665349507997e+01 7.045906651804363652e-02 2.754475876143056468e+01
5.910000000000000000e+02 2.153189288769675841e+03 1.674435035891276158e+01 7.054837015778514520e-02 2.762372562365218798e+01
5.920000000000000000e+02 2.144883310460719258e+03 1.701685115341867416e+01 7.063634820878109122e-02 2.767208533385767311e+01
5.930000000000000000e+02 2.136542646389246329e+03 1.729102368878611884e+01 7.072301157685116635e-02 2.768983611498379815e+01
5.940000000000000000e+02 2.128167016273986974e+03 1.756679699668784522e+01 7.080837178959152600e-02 2.767690144238683558e+01
5.950000000000000000e+02 2.119770993233193167e+03 1.784402592084614270e+01 7.089244100113897828e-02 2.763320431505644947e+01
5.960000000000000000e+02 2.111354290358807248e+03 1.812263968313897422e+01 7.097523199582228548e-02 2.755866724354651964e+01
5.970000000000000000e+02 2.102916617401033818e+03 1.840249331564264779e+01 7.105675819056313236e-02 2.745313795463266615e+01
5.980000000000000000e+02 2.094465109112288246e+03 1.868344194312874862e+01 7.113703363611742492e-02 2.731668651372132928e+01
5.990000000000000000e+02 2.086006896900911215e+03 1.896548934901114691e+01 7.121607301675644819e-02 2.714915961248175336e+01
6.000000000000000000e+02 2.077541680495721721e+03 1.924841655672312157e+01 7.129389164870487960e-02 2.695062625876470719e+01
6.010000000000000000e+02 2.069083972069583979e+03 1.953215444780124699e+01 7.137050547703395476e-02 2.672114804070806926e+01
6.020000000000000000e+02 2.060618403315848354e+03 1.981656451536463237e+01 7.144593107113628161e-02 2.646083277601387351e+01
6.030000000000000000e+02 2.052174131860608213e+03 2.010158382465489169e+01 7.152018561921404116e-02 2.616955799132502491e+01
6.040000000000000000e+02 2.043735742075100006e+03 2.038707524298504836e+01 7.159328691861488458e-02 2.584742348780212495e+01
6.050000000000000000e+02 2.035310100302403725e+03 2.067290172187416886e+01 7.166525336981560690e-02 2.549445419741179464e+01
6.060000000000000000e+02 2.026911498243781807e+03 2.095900057913747716e+01 7.173610396383936494e-02 2.511074874052749095e+01
6.070000000000000000e+02 2.018531939656823624e+03 2.124530921391986382e+01 7.180585827063661053e-02 2.469625656631998112e+01
6.080000000000000000e+02 2.010185710568230661e+03 2.153161653817850052e+01 7.187453642559869793e-02 2.425114936147444311e+01
6.090000000000000000e+02 2.001879665995988489e+03 2.181786010913226903e+01 7.194215911462058244e-02 2.377559819119805695e+01
6.100000000000000000e+02 1.993598373383565331e+03 2.210390327714573644e+01 7.200874755776906500e-02 2.326962492404366145e+01
6.110000000000000000e+02 1.985370967897950777e+03 2.238953518407313226e+01 7.207432349171818964e-02 2.273332507456245466e+01
6.120000000000000000e+02 1.977182012383013898e+03 2.267476789556516437e+01 7.213890915101268952e-02 2.216679351226543915e+01
6.130000000000000000e+02 1.969038352678062665e+03 2.295946498180688167e+01 7.220252724802649069e-02 2.157019873791047004e+01
6.140000000000000000e+02 1.960961689443189016e+03 2.324349008272658779e+01 7.226520095203385619e-02 2.094378287660893179e+01
6.150000000000000000e+02 1.952929151541385636e+03 2.352670690615409299e+01 7.232695386719849295e-02 2.028778738775293178e+01
6.160000000000000000e+02 1.944969864783633284e+03 2.380905350943600496e+01 7.238781000981552027e-02 1.960260162577376519e+01
6.170000000000000000e+02 1.937075811924572690e+03 2.409046801400112159e+01 7.244779378466345565e-02 1.888839141670704791e+01
6.180000000000000000e+02 1.929253831318852917e+03 2.437088860338377572e+01 7.250692996089280751e-02 1.814554475360947805e+01
6.190000000000000000e+02 1.921503332079939810e+03 2.465003067069574172e+01 7.256524364722424791e-02 1.737430037377206204e+01
6.200000000000000000e+02 1.913831150994134759e+03 2.492798108458200090e+01 7.262276026688248287e-02 1.657497060427693469e+01
6.210000000000000000e+02 1.906251552737034899e+03 2.520460391909355380e+01 7.267950553209706621e-02 1.574779279036467905e+01
6.220000000000000000e+02 1.898756516690890749e+03 2.547961473504011209e+01 7.273550541863141317e-02 1.489315214163643120e+01
6.230000000000000000e+02 1.891345450564818748e+03 2.575310056231589328e+01 7.279078614006399828e-02 1.401135887756245602e+01
6.240000000000000000e+02 1.884032618964055700e+03 2.602485134614397211e+01 7.284537412225457198e-02 1.310264822381884464e+01
6.250000000000000000e+02 1.876817430206724566e+03 2.629480564581732338e+01 7.289929597803100625e-02 1.216732897594902418e+01
6.260000000000000000e+02 1.869706721590077905e+03 2.656275349837466493e+01 7.295257848210499885e-02 1.120578349633913184e+01
6.270000000000000000e+02 1.862692474551967962e+03 2.682863355025686403e+01 7.300524854643254680e-02 1.021824486100408969e+01
6.280000000000000000e+02 1.855796384980322500e+03 2.709231020440698856e+01 7.305733319613832988e-02 9.205093991208599391e+00
6.290000000000000000e+02 1.849003008263694255e+03 2.735372218484477713e+01 7.310885954602616699e-02 8.166859651395045105e+00
6.300000000000000000e+02 1.842326614640252956e+03 2.761280825069639633e+01 7.315985477781414281e-02 7.103921313417897565e+00
6.310000000000000000e+02 1.835766619286137256e+03 2.786928434318280523e+01 7.321034611816336357e-02 6.016657722109377104e+00
6.320000000000000000e+02 1.829322439198143911e+03 2.812323785109997587e+01 7.326036081758234564e-02 4.905595461161452064e+00
6.330000000000000000e+02 1.823008350068061191e+03 2.837445905672196744e+01 7.330992613038743444e-02 3.771037534806732872e+00
6.340000000000000000e+02 1.816816344696244869e+03 2.862281255070549690e+01 7.335906929551871958e-02 2.613509068343912833e+00
6.350000000000000000e+02 1.810753274898153904e+03 2.886831151295173825e+01 7.340781751852762382e-02 1.433504744057347846e+00
6.360000000000000000e+02 1.804825994949093911e+03 2.911074629242163780e+01 7.345619795467318858e-02 2.314962297140895908e-01
6.370000000000000000e+02 1.799033933368792304e+03 2.935013010544836476e+01 7.350423769310390765e-02 -9.920009658171227152e-01
6.380000000000000000e+02 1.793376521395744476e+03 2.958625333199040597e+01 7.355196374232010614e-02 -2.236472061879109852e+00
6.390000000000000000e+02 1.787860621450598273e+03 2.981912921388685334e+01 7.359940301664383289e-02 -3.501425289965394150e+00
6.400000000000000000e+02 1.782485670537710803e+03 3.004854815105581167e+01 7.364658232407721161e-02 -4.786348807851666720e+00
6.410000000000000000e+02 1.777258537036573898e+03 3.027452339969767436e+01 7.369352835513352795e-02 -6.090725554531426056e+00
6.420000000000000000e+02 1.772171235730904300e+03 3.049684536844421956e+01 7.374026767301410101e-02 -7.413973821318598389e+00
6.430000000000000000e+02 1.767245497979040692e+03 3.071552731651537016e+01 7.378682670479141947e-02 -8.755506676220889517e+00
6.440000000000000000e+02 1.762458488269602867e+03 3.093043393332746049e+01 7.383323173368452896e-02 -1.011472453282456208e+01
6.450000000000000000e+02 1.757831944472223086e+03 3.114135561909692029e+01 7.387950889246336361e-02 -1.149104337492068240e+01
6.460000000000000000e+02 1.753365322722978817e+03 3.134830561593377496e+01 7.392568415780401136e-02 -1.288387989635692321e+01
6.470000000000000000e+02 1.749050654152984634e+03 3.155114858739628048e+01 7.397178334557633073e-02 -1.429256978539050138e+01
6.480000000000000000e+02 1.744894829958164792e+03 3.174974918254865841e+01 7.401783210697787663e-02 -1.571665742620334250e+01
6.490000000000000000e+02 1.740897316359063780e+03 3.194412060000597009e+01 7.406385592545360053e-02 -1.715533133978452085e+01
6.500000000000000000e+02 1.737072439654335540e+03 3.213412745095293133e+01 7.410988011435525047e-02 -1.860807787389595802e+01
6.510000000000000000e+02 1.733404842657589370e+03 3.231978290386866348e+01 7.415592981523473626e-02 -2.007417021785440880e+01
6.520000000000000000e+02 1.729901562766560801e+03 3.250102587211708993e+01 7.420202999653562059e-02 -2.155299254451030677e+01
6.530000000000000000e+02 1.726569667267963951e+03 3.267779525337027735e+01 7.424820545283561390e-02 -2.304401299074436693e+01
6.540000000000000000e+02 1.723408798423545022e+03 3.285002991291610641e+01 7.429448080440928526e-02 -2.454662607962149679e+01
6.550000000000000000e+02 1.720426030145741152e+03 3.301759439715686284e+01 7.434088049695966594e-02 -2.606022699719405011e+01
6.560000000000000000e+02 1.717606154568843749e+03 3.318057606462034670e+01 7.438742880150731041e-02 -2.758406301841903741e+01
6.570000000000000000e+02 1.714963680470821373e+03 3.333883938194810526e+01 7.443414981432082411e-02 -2.911767920071414295e+01
6.580000000000000000e+02 1.712498263140676272e+03 3.349232305491259609e+01 7.448106745674287765e-02 -3.066024982459245862e+01
6.590000000000000000e+02 1.710209561047483248e+03 3.364089145842517325e+01 7.452820547488712977e-02 -3.221124693695647778e+01
6.600000000000000000e+02 1.708097235809472977e+03 3.378455748406447867e+01 7.457558743901329668e-02 -3.376999464146700802e+01
6.610000000000000000e+02 1.706160952164513674e+03 3.392318540309707231e+01 7.462323674260799844e-02 -3.533581765654335527e+01
6.620000000000000000e+02 1.704407806293072781e+03 3.405671371402725356e+01 7.467117660094108045e-02 -3.690811558947134330e+01
6.630000000000000000e+02 1.702830040743183872e+03 3.418515513965299846e+01 7.471943004913979280e-02 -3.848614007611157461e+01
6.640000000000000000e+02 1.701434757810934570e+03 3.430837377362979623e+01 7.476801993972094496e-02 -4.006921762123295849e+01
6.650000000000000000e+02 1.700221634473659606e+03 3.442638221156956035e+01 7.481696893924813518e-02 -4.165674958795001004e+01
6.660000000000000000e+02 1.699182922378994817e+03 3.453911869764111486e+01 7.486629952444241731e-02 -4.324806361976772706e+01
6.670000000000000000e+02 1.698325732890374411e+03 3.464659568870438022e+01 7.491603397739822479e-02 -4.484241362924615970e+01
6.680000000000000000e+02 1.697657180387497874e+03 3.474867700095478540e+01 7.496619438001370095e-02 -4.643912835328733735e+01
6.690000000000000000e+02 1.697162097223214460e+03 3.484530065760754525e+01 7.501680260747488338e-02 -4.803761134103780250e+01
6.700000000000000000e+02 1.696855032189962003e+03 3.493655316960323631e+01 7.506788032082431505e-02 -4.963711809090840887e+01
6.710000000000000000e+02 1.696728252090060778e+03 3.502237239882898479e+01 7.511944895868330474e-02 -5.123697888823847535e+01
6.720000000000000000e+02 1.696781455166343676e+03 3.510262183888204390e+01 7.517152972789066523e-02 -5.283659879208708787e+01
6.730000000000000000e+02 1.697014342789268767e+03 3.517738774637219024e+01 7.522414359332189882e-02 -5.443516048765529547e+01
6.740000000000000000e+02 1.697426619502076164e+03 3.524660772073475812e+01 7.527731126665683503e-02 -5.603214425688328504e+01
6.750000000000000000e+02 1.698025421423981697e+03 3.531021926859563820e+01 7.533105319433179570e-02 -5.762673369616482688e+01
6.760000000000000000e+02 1.698803031260053331e+03 3.536823408467005692e+01 7.538538954441732776e-02 -5.921826140275990724e+01
6.770000000000000000e+02 1.699759163420096911e+03 3.542066376569369623e+01 7.544034019284578951e-02 -6.080613467636131020e+01
6.780000000000000000e+02 1.700886107393544762e+03 3.546737124089045778e+01 7.549592470868611571e-02 -6.238946408633217544e+01
6.790000000000000000e+02 1.702198441232765617e+03 3.550836790349563188e+01 7.555216233863201736e-02 -6.396758344066459046e+01
6.800000000000000000e+02 1.703688461540384651e+03 3.554366504130567250e+01 7.560907199083634345e-02 -6.553982691961444118e+01
6.810000000000000000e+02 1.705348468614896319e+03 3.557312526727113777e+01 7.566667221807178711e-02 -6.710530620904856391e+01
6.820000000000000000e+02 1.707178194901270444e+03 3.559683393465131473e+01 7.572498120033015201e-02 -6.866343046854109389e+01
6.830000000000000000e+02 1.709184805096203945e+03 3.561465343368693226e+01 7.578401672694921876e-02 -7.021338633017053610e+01
6.840000000000000000e+02 1.711368039557101611e+03 3.562666889034957762e+01 7.584379617828360121e-02 -7.175465786610027408e+01
6.850000000000000000e+02 1.713712786064837474e+03 3.563296531361639552e+01 7.590433650709926816e-02 -7.328658087038780877e+01
6.860000000000000000e+02 1.716226221690779767e+03 3.563347902629634945e+01 7.596565421978036803e-02 -7.480811999107596932e+01
6.870000000000000000e+02 1.718908099513546176e+03 3.562836908042397255e+01 7.602776535734212526e-02 -7.631950294963438353e+01
6.880000000000000000e+02 1.721758177088163166e+03 3.561749727067423521e+01 7.609068547646116731e-02 -7.782006630157508198e+01
6.890000000000000000e+02 1.724776216565277991e+03 3.560102240036707144e+01 7.615442963060460591e-02 -7.930840398546122572e+01
6.900000000000000000e+02 1.727954556459564174e+03 3.557902886199244108e+01 7.621901235134692643e-02 -8.078385297479032090e+01
6.910000000000000000e+02 1.731292968467438413e+03 3.555137806829716141e+01 7.628444762990695127e-02 -8.224649325967156699e+01
6.920000000000000000e+02 1.734791229231711895e+03 3.551815415144653088e+01 7.635074889919797603e-02 -8.369566215831100919e+01
6.930000000000000000e+02 1.738449120453307614e+03 3.547936682721721269e+01 7.641792901623316314e-02 -8.513069713344435741e+01
6.940000000000000000e+02 1.742259000648671645e+03 3.543509996026180175e+01 7.648600024528504071e-02 -8.655019293860642904e+01
6.950000000000000000e+02 1.746228090303292902e+03 3.538528871191879688e+01 7.655497424155921493e-02 -8.795423010440117650e+01
6.960000000000000000e+02 1.750333901867259783e+03 3.532986810559379620e+01 7.662486203578876276e-02 -8.934140357951189060e+01
6.970000000000000000e+02 1.754598523348319077e+03 3.526907015920520649e+01 7.669567401958142516e-02 -9.071179405183991662e+01
6.980000000000000000e+02 1.758999478192189144e+03 3.520275533215787789e+01 7.676741993180513646e-02 -9.206399658938579478e+01
6.990000000000000000e+02 1.763551437210682025e+03 3.513100679192057640e+01 7.684010884598777014e-02 -9.339809196128614133e+01
7.000000000000000000e+02 1.768239363496223859e+03 3.505390756213823522e+01 7.691374915869048090e-02 -9.471341811364432317e+01
7.010000000000000000e+02 1.773063143258759283e+03 3.497146493200752104e+01 7.698834857919277519e-02 -9.600931561846518036e+01
7.020000000000000000e+02 1.778015482856320205e+03 3.488368082111231416e+01 7.706391412026340759e-02 -9.728513555360335374e+01
7.030000000000000000e+02 1.783104011849976587e+03 3.479070426265365512e+01 7.714045209026895722e-02 -9.854097441960861659e+01
7.040000000000000000e+02 1.788328937302329905e+03 3.469246129061875905e+01 7.721796808649485089e-02 -9.977470014750859661e+01
7.050000000000000000e+02 1.793668187093159077e+03 3.458910063973941362e+01 7.729646698979401875e-02 -1.009871519249176117e+02
7.060000000000000000e+02 1.799144265076632792e+03 3.448062232699025742e+01 7.737595296061587635e-02 -1.021769403318349418e+02
7.070000000000000000e+02 1.804735110871919460e+03 3.436717478467752329e+01 7.745642943637678912e-02 -1.033441614967930491e+02
7.080000000000000000e+02 1.810440954997584868e+03 3.424860915857215105e+01 7.753789913009095924e-02 -1.044889114078901855e+02
7.090000000000000000e+02 1.816269462141763825e+03 3.412522214215248795e+01 7.762036403044260402e-02 -1.056090573888668303e+02
7.100000000000000000e+02 1.822206017720404361e+03 3.399693885736542853e+01 7.770382540313471031e-02 -1.067054379255098411e+02
7.110000000000000000e+02 1.828250869576464311e+03 3.386383283850396708e+01 7.778828379357033418e-02 -1.077774056368172921e+02
7.120000000000000000e+02 1.834411699566533116e+03 3.372597746463492285e+01 7.787373903072218606e-02 -1.088235700914321882e+02
7.130000000000000000e+02 1.840666481735642492e+03 3.358337167560223691e+01 7.796019023230713052e-02 -1.098440262942271062e+02
7.140000000000000000e+02 1.847022909034885743e+03 3.343616282211448265e+01 7.804763581108707660e-02 -1.108381261628468195e+02
7.150000000000000000e+02 1.853481251475759791e+03 3.328434953138976482e+01 7.813607348231790817e-02 -1.118059641794898482e+02
7.160000000000000000e+02 1.860026927675970228e+03 3.312793027389135858e+01 7.822550027223866553e-02 -1.127468917027108830e+02
7.170000000000000000e+02 1.866660218147501837e+03 3.296697764663736763e+01 7.831591252752799492e-02 -1.136595169493984656e+02
7.180000000000000000e+02 1.873381408474798945e+03 3.280156408958260528e+01 7.840730592571681923e-02 -1.145439334819587174e+02
7.190000000000000000e+02 1.880183360835474105e+03 3.263183616908356299e+01 7.849967548637797055e-02 -1.153994916854849464e+02
7.200000000000000000e+02 1.887066370564733461e+03 3.245779172743210239e+01 7.859301558309923774e-02 -1.162270272552174220e+02
7.210000000000000000e+02 1.894023309312522770e+03 3.227965130048840336e+01 7.868731995609683227e-02 -1.170251470039472395e+02
7.220000000000000000e+02 1.901054481596152073e+03 3.209741241686676716e+01 7.878258172537265513e-02 -1.177939430198185420e+02
7.230000000000000000e+02 1.908160196297468246e+03 3.191129529923171049e+01 7.887879340440293041e-02 -1.185335069791075853e+02
7.240000000000000000e+02 1.915333338156129685e+03 3.172137144714804791e+01 7.897594691416041923e-02 -1.192431872941817090e+02
7.250000000000000000e+02 1.922574224310583077e+03 3.152771220453004020e+01 7.907403359744251403e-02 -1.199223319316670597e+02
7.260000000000000000e+02 1.929875747435831272e+03 3.133038876016787810e+01 7.917304423337206964e-02 -1.205717740658026713e+02
7.270000000000000000e+02 1.937238232280822103e+03 3.112954643183909553e+01 7.927296905200052757e-02 -1.211901178867839093e+02
7.280000000000000000e+02 1.944662007154567618e+03 3.092518181649306896e+01 7.937379774892192041e-02 -1.217781955945488619e+02
7.290000000000000000e+02 1.952125118712052199e+03 3.071751420853865611e+01 7.947551949982567532e-02 -1.223338675374094464e+02
7.300000000000000000e+02 1.959642758593978670e+03 3.050646561618534136e+01 7.957812297481045571e-02 -1.228587077112563719e+02
7.310000000000000000e+02 1.967207836464395996e+03 3.029225503040547451e+01 7.968159635251717554e-02 -1.233520610635150661e+02
7.320000000000000000e+02 1.974805836553437530e+03 3.007487844144263534e+01 7.978592733389550107e-02 -1.238125291475310377e+02
7.330000000000000000e+02 1.982444530903883333e+03 2.985455454093625605e+01 7.989110315556983977e-02 -1.242409414471875948e+02
7.340000000000000000e+02 1.990116837469464599e+03 2.963120473859723703e+01 7.999711060279662833e-02 -1.246358983514597014e+02
7.350000000000000000e+02 1.997808248319261565e+03 2.940512171500716576e+01 8.010393602177666439e-02 -1.249989709844815167e+02
7.360000000000000000e+02 2.005533971248268017e+03 2.917637515495805545e+01 8.021156533148589285e-02 -1.253287585104326354e+02
7.370000000000000000e+02 2.013272074490120531e+03 2.894496031590015761e+01 8.031998403483431304e-02 -1.256253451289707641e+02
7.380000000000000000e+02 2.021030341740437279e+03 2.871109516347710056e+01 8.042917722917820866e-02 -1.258888143906656438e+02
7.390000000000000000e+02 2.028801701932884271e+03 2.847484895562063656e+01 8.053912961610132371e-02 -1.261185063476636401e+02
7.400000000000000000e+02 2.036579085824051162e+03 2.823636509474669509e+01 8.064982551051724791e-02 -1.263137603746122721e+02
7.410000000000000000e+02 2.044355425884852366e+03 2.799578684602226275e+01 8.076124884898568113e-02 -1.264761436598506350e+02
7.420000000000000000e+02 2.052131084549393108e+03 2.775318305571218147e+01 8.087338319735190573e-02 -1.266049941815950461e+02
7.430000000000000000e+02 2.059906425770642727e+03 2.750869672011274147e+01 8.098621175755606194e-02 -1.266996491995762710e+02
7.440000000000000000e+02 2.067666958233193782e+03 2.726247070405587536e+01 8.109971737374468970e-02 -1.267601880768593361e+02
7.450000000000000000e+02 2.075413048674811307e+03 2.701464774299323324e+01 8.121388253769618037e-02 -1.267866894318521105e+02
7.460000000000000000e+02 2.083137636763414775e+03 2.676529616165377234e+01 8.132868939350862414e-02 -1.267799739606091833e+02
7.470000000000000000e+02 2.090841091732298082e+03 2.651455844328408418e+01 8.144411974161061551e-02 -1.267386330842634550e+02
7.480000000000000000e+02 2.098516355621099137e+03 2.626250266495232566e+01 8.156015504220479051e-02 -1.266634859469678531e+02
7.490000000000000000e+02 2.106163799924197065e+03 2.600927106693475821e+01 8.167677641804338418e-02 -1.265546080638543600e+02
7.500000000000000000e+02 2.113776368844162789e+03 2.575500577166587846e+01 8.179396465678435979e-02 -1.264120741443935998e+02
7.510000000000000000e+02 2.121347040130004189e+03 2.549977306704358782e+01 8.191170021276875102e-02 -1.262352084440059343e+02
7.520000000000000000e+02 2.128868922627150823e+03 2.524370766888068118e+01 8.202996320843426725e-02 -1.260240500170738756e+02
7.530000000000000000e+02 2.136350015361971145e+03 2.498686846370124215e+01 8.214873343538521555e-02 -1.257801159471278396e+02
7.540000000000000000e+02 2.143783461585665464e+03 2.472938851418271256e+01 8.226799035518062020e-02 -1.255019511282010996e+02
7.550000000000000000e+02 2.151162405451477753e+03 2.447147506194173161e+01 8.238771309995156222e-02 -1.251903280998467665e+02
7.560000000000000000e+02 2.158479991994150623e+03 2.421318667987438999e+01 8.250788047283462434e-02 -1.248452756972085353e+02
7.570000000000000000e+02 2.165751652162201481e+03 2.395473040907399209e+01 8.262847094837964812e-02 -1.244668218765548175e+02
7.580000000000000000e+02 2.172963104349052628e+03 2.369609034428475169e+01 8.274946267304134073e-02 -1.240564793761858908e+02
7.590000000000000000e+02 2.180114924478064950e+03 2.343754762144209280e+01 8.287083346576858134e-02 -1.236127886974991981e+02
7.600000000000000000e+02 2.187200260935239839e+03 2.317916043623287692e+01 8.299256081873623847e-02 -1.231365179417468028e+02
7.610000000000000000e+02 2.194219691252361827e+03 2.292106118123625791e+01 8.311462189836704706e-02 -1.226276914618956653e+02
7.620000000000000000e+02 2.201166365387612586e+03 2.266330788210069969e+01 8.323699354679628404e-02 -1.220863326899998640e+02
7.630000000000000000e+02 2.208040862404934614e+03 2.240603276778074360e+01 8.335965228363231838e-02 -1.215132069649701947e+02
7.640000000000000000e+02 2.214828905399206178e+03 2.214929370681136334e+01 8.348257430833186388e-02 -1.209068501856248616e+02
7.650000000000000000e+02 2.221531074869536496e+03 2.189329706114091323e+01 8.360573550306167612e-02 -1.202687686494318200e+02
7.660000000000000000e+02 2.228147951986801218e+03 2.163810055549077660e+01 8.372911143625560992e-02 -1.195982392013261233e+02
7.670000000000000000e+02 2.234665261856289362e+03 2.138368756427003703e+01 8.385267736683819917e-02 -1.188952805682374105e+02
7.680000000000000000e+02 2.241091015226645595e+03 2.113033853254095007e+01 8.397640824920096780e-02 -1.181599105189355043e+02
7.690000000000000000e+02 2.247403509989820577e+03 2.087818527849599448e+01 8.410027873898923145e-02 -1.173936315294034785e+02
7.700000000000000000e+02 2.253618186278553367e+03 2.062728528048994647e+01 8.422426319970877095e-02 -1.165964594385210091e+02
7.710000000000000000e+02 2.259720771252451414e+03 2.037777024761019362e+01 8.434833571026424670e-02 -1.157684091143665910e+02
7.720000000000000000e+02 2.265704420780295095e+03 2.012984612327636214e+01 8.447247007334837687e-02 -1.149094944509454166e+02
7.730000000000000000e+02 2.271577147713756858e+03 1.988357023836511317e+01 8.459663982481398226e-02 -1.140212140354510524e+02
7.740000000000000000e+02 2.277324680051784526e+03 1.963907416538107853e+01 8.472081824397519056e-02 -1.131035798058669286e+02
7.750000000000000000e+02 2.282947602599453148e+03 1.939648943864756347e+01 8.484497836484618249e-02 -1.121566027192146038e+02
7.760000000000000000e+02 2.288453928517185432e+03 1.915594755802798588e+01 8.496909298835493562e-02 -1.111817784203039139e+02
7.770000000000000000e+02 2.293836814161269103e+03 1.891750570917159280e+01 8.509313469555708498e-02 -1.101783730658163023e+02
7.780000000000000000e+02 2.299096844017703916e+03 1.868129533429232225e+01 8.521707586168383863e-02 -1.091478803341751842e+02
7.790000000000000000e+02 2.304234602226950301e+03 1.844737356896173708e+01 8.534088867120706579e-02 -1.080895644156333617e+02
7.800000000000000000e+02 2.309243244100754509e+03 1.821594609643738849e+01 8.546454513372526984e-02 -1.070056598582056040e+02
7.810000000000000000e+02 2.314130781032240066e+03 1.798699573399282059e+01 8.558801710072808100e-02 -1.058954288887500894e+02
7.820000000000000000e+02 2.318882938596585973e+03 1.776065385429295773e+01 8.571127628316212166e-02 -1.047596184249257192e+02
7.830000000000000000e+02 2.323507726497362910e+03 1.753705182227121995e+01 8.583429426978490817e-02 -1.035974887374275681e+02
7.840000000000000000e+02 2.327990868303209027e+03 1.731624671552721040e+01 8.595704254613582840e-02 -1.024105276279766059e+02
7.850000000000000000e+02 2.332332943031051855e+03 1.709829561174618462e+01 8.607949251429504456e-02 -1.011979934225645366e+02
7.860000000000000000e+02 2.336519671571399158e+03 1.688332987613436487e+01 8.620161551307696512e-02 -9.995988631547891146e+01
7.870000000000000000e+02 2.340559058260778784e+03 1.667140659836132954e+01 8.632338283882014240e-02 -9.869769120878248714e+01
7.880000000000000000e+02 2.344444248947194410e+03 1.646265716352587916e+01 8.644476576658094436e-02 -9.740992070714652584e+01
7.890000000000000000e+02 2.348160959153249678e+03 1.625721297262673559e+01 8.656573557169683353e-02 -9.609880063858543053e+01
7.900000000000000000e+02 2.351724615637147963e+03 1.605513116304451415e+01 8.668626355164603392e-02 -9.476358454526582875e+01
7.910000000000000000e+02 2.355120929398037333e+03 1.585661746304376862e+01 8.680632104805294236e-02 -9.340723920528698443e+01
7.920000000000000000e+02 2.358357893933461128e+03 1.566180334526895379e+01 8.692587946883453820e-02 -9.202901628950424140e+01
7.930000000000000000e+02 2.361428643292927063e+03 1.547082031425810733e+01 8.704491031038644189e-02 -9.063039504931555257e+01
7.940000000000000000e+02 2.364333736933392174e+03 1.528372562695807524e+01 8.716338517970381727e-02 -8.921211098465748535e+01
7.950000000000000000e+02 2.367066302824199738e+03 1.510072514725501769e+01 8.728127581635652943e-02 -8.777564152265462383e+01
7.960000000000000000e+02 2.369634322304768830e+03 1.492180193248890419e+01 8.739855411420964504e-02 -8.632023468661671473e+01
7.970000000000000000e+02 2.372038344843082541e+03 1.474701337149314107e+01 8.751519214289464610e-02 -8.484736611577751830e+01
7.980000000000000000e+02 2.374271487847998742e+03 1.457641690512292598e+01 8.763116216890363963e-02 -8.335702490024321776e+01
7.990000000000000000e+02 2.376341721536158730e+03 1.441007003028602718e+01 8.774643667611110864e-02 -8.184994209661832087e+01
8.000000000000000000e+02 2.378242155351737892e+03 1.424803030397175085e+01 8.786098838589477544e-02 -8.032536223395102581e+01
8.010000000000000000e+02 2.379973306218646030e+03 1.409028098554644970e+01 8.797479027658781925e-02 -7.878549092454251479e+01
8.020000000000000000e+02 2.381543048498768712e+03 1.393680508959361575e+01 8.808781560224882012e-02 -7.722952396321369406e+01
8.030000000000000000e+02 2.382936950303484082e+03 1.378788275862135215e+01 8.820003791075996247e-02 -7.565813258230168969e+01
8.040000000000000000e+02 2.384162860065731820e+03 1.364342279377341960e+01 8.831143106110783680e-02 -7.407273004027047136e+01
8.050000000000000000e+02 2.385206336292278593e+03 1.350370549384976293e+01 8.842196923985085055e-02 -7.247250029484868605e+01
8.060000000000000000e+02 2.386060360826827036e+03 1.336871410776726954e+01 8.853162697668875980e-02 -7.085959786185721043e+01
8.070000000000000000e+02 2.386725338720902073e+03 1.323858053954371172e+01 8.864037915920398858e-02 -6.923246231404132800e+01
8.080000000000000000e+02 2.387201669763675909e+03 1.311343678524532486e+01 8.874820104657894781e-02 -6.759398948079697789e+01
8.090000000000000000e+02 2.387482320021326814e+03 1.299334065341826872e+01 8.885506828241129806e-02 -6.594336027772999387e+01
8.100000000000000000e+02 2.387567678436956612e+03 1.287835005250418519e+01 8.896095690654164112e-02 -6.428124056703802580e+01
8.110000000000000000e+02 2.387458128389785088e+03 1.276852299472999341e+01 8.906584336593428852e-02 -6.260918690505835826e+01
8.120000000000000000e+02 2.387168904315281907e+03 1.266376903296698231e+01 8.916970452454434093e-02 -6.092778947062327433e+01
8.130000000000000000e+02 2.386692949883807159e+03 1.256422068207920795e+01 8.927251767221136558e-02 -5.923793490085903102e+01
8.140000000000000000e+02 2.386038059692058596e+03 1.246986200521605426e+01 8.937426053262360892e-02 -5.754043489025679037e+01
8.150000000000000000e+02 2.385212022513003831e+03 1.238067718458882460e+01 8.947491127031444169e-02 -5.583610049107424089e+01
8.160000000000000000e+02 2.384215192906216089e+03 1.229679909221112410e+01 8.957444849678052046e-02 -5.412574213053866146e+01
8.170000000000000000e+02 2.383040491188436135e+03 1.221821215958534701e+01 8.967285127563974501e-02 -5.240979821082988366e+01
8.180000000000000000e+02 2.381688260114370678e+03 1.214497523186477146e+01 8.977009912704372874e-02 -5.068840941035912806e+01
8.190000000000000000e+02 2.380151408165957037e+03 1.207707300445857612e+01 8.986617203118169028e-02 -4.896193868633219637e+01
8.200000000000000000e+02 2.378422837901487583e+03 1.201471316060421302e+01 8.996105043112347099e-02 -4.723074844254547600e+01
8.210000000000000000e+02 2.376495445963198563e+03 1.195780639036182613e+01 9.005471523488714491e-02 -4.549512626443360830e+01
8.220000000000000000e+02 2.374369551443385262e+03 1.190648637859016645e+01 9.014714781691787748e-02 -4.375528493785470374e+01
8.230000000000000000e+02 2.372038039207538077e+03 1.186073839083614345e+01 9.023833001890307903e-02 -4.201165960210972372e+01
8.240000000000000000e+02 2.369508644975988318e+03 1.182062212718493477e+01 9.032824415011365959e-02 -4.026520490317502521e+01
8.250000000000000000e+02 2.366789098660970922e+03 1.178612315853524528e+01 9.041687298731722333e-02 -3.851702359561461009e+01
8.260000000000000000e+02 2.363879696060020706e+03 1.175730149681935544e+01 9.050419977419792150e-02 -3.676821799519155576e+01
8.270000000000000000e+02 2.360788155605577685e+03 1.173406874764240904e+01 9.059020822052309130e-02 -3.501988999866564711e+01
8.280000000000000000e+02 2.357514761718383397e+03 1.171648524736818686e+01 9.067488250103433733e-02 -3.327299253675694501e+01
8.290000000000000000e+02 2.354074649916274211e+03 1.170453721561346150e+01 9.075820725415324752e-02 -3.152870101178792339e+01
8.300000000000000000e+02 2.350468093474687521e+03 1.169828532517821706e+01 9.084016758058377494e-02 -2.978796761694927042e+01
8.310000000000000000e+02 2.346695360191451527e+03 1.169764185438410919e+01 9.092074904178802652e-02 -2.805107565570745010e+01
8.320000000000000000e+02 2.342749284102922502e+03 1.170266782384838677e+01 9.099993765855643457e-02 -2.631845668088735124e+01
8.330000000000000000e+02 2.338622693902054380e+03 1.171342443215837470e+01 9.107771990963324515e-02 -2.459024481433585407e+01
8.340000000000000000e+02 2.334323269707481359e+03 1.172989877496161526e+01 9.115408273043389131e-02 -2.286672246873040137e+01
8.350000000000000000e+02 2.329836401380958250e+03 1.175207813097174103e+01 9.122901351199985687e-02 -2.114824608497644931e+01
8.360000000000000000e+02 2.325154901996548233e+03 1.178002424788295954e+01 9.130250010018334250e-02 -1.943494901919584805e+01
8.370000000000000000e+02 2.320286436257933474e+03 1.181372477768352880e+01 9.137453079517174337e-02 -1.772733583183574169e+01
8.380000000000000000e+02 2.315238663863303373e+03 1.185316756238137259e+01 9.144509435124791030e-02 -1.602605945833296630e+01
8.390000000000000000e+02 2.309996954517757786e+03 1.189826635262737042e+01 9.151417997703920060e-02 -1.433214408086926284e+01
8.400000000000000000e+02 2.304591243146005127e+03 1.194900937674731622e+01 9.158177733610017857e-02 -1.264639088166774172e+01
8.410000000000000000e+02 2.299014318096868465e+03 1.200531077566341587e+01 9.164787654799552707e-02 -1.096982376538650783e+01
8.420000000000000000e+02 2.293273819648725294e+03 1.206715917172399521e+01 9.171246818984948868e-02 -9.303243679538001132e+00
8.430000000000000000e+02 2.287369955008487977e+03 1.213446910342031515e+01 9.177554329831356938e-02 -7.647600053485392735e+00
8.440000000000000000e+02 2.281325211758087789e+03 1.220715531050676894e+01 9.183709337211244661e-02 -6.003767969462652232e+00
8.450000000000000000e+02 2.275117502743192290e+03 1.228528130251877215e+01 9.189711037501399615e-02 -4.372176766627648092e+00
8.460000000000000000e+02 2.268761877962216658e+03 1.236883650967243220e+01 9.195558673939761840e-02 -2.753456329132119240e+00
8.470000000000000000e+02 2.262243669445466821e+03 1.245788485117066990e+01 9.201251537021544469e-02 -1.147983978381938330e+00
8.480000000000000000e+02 2.255570489733340764e+03 1.255234188589022182e+01 9.206788964947391907e-02 4.437218027516607877e-01
8.490000000000000000e+02 2.248735090146551101e+03 1.265227194747938100e+01 9.212170344118134069e-02 2.021192999703123938e+00
8.500000000000000000e+02 2.241730217503134099e+03 1.275766529483134448e+01 9.217395109675127762e-02 3.583945189382057972e+00
8.510000000000000000e+02 2.234570842958169578e+03 1.286858812389257523e+01 9.222462746076716400e-02 5.131517944515747054e+00
8.520000000000000000e+02 2.227249423241155455e+03 1.298481548270556019e+01 9.227372787712651014e-02 6.663499521492695976e+00
8.530000000000000000e+02 2.219773211077632368e+03 1.310634692479999330e+01 9.232124819556308815e-02 8.179487272438473511e+00
8.540000000000000000e+02 2.212142026359155807e+03 1.323303364830682582e+01 9.236718477839224450e-02 9.679078396572819543e+00
8.550000000000000000e+02 2.204377969538320940e+03 1.336480134691649724e+01 9.241153450752873089e-02 1.116186991853383503e+01
8.560000000000000000e+02 2.196465994817102910e+03 1.350157592672290718e+01 9.245429479169849085e-02 1.262749580846683095e+01
8.570000000000000000e+02 2.188428193636402739e+03 1.364313493946158040e+01 9.249546357373568395e-02 1.407554524852683642e+01
8.580000000000000000e+02 2.180264367858202149e+03 1.378955328366539490e+01 9.253503933797870007e-02 1.550553289785491629e+01
8.590000000000000000e+02 2.171974314798049818e+03 1.394068322018651074e+01 9.257302111769115383e-02 1.691675030397687962e+01
8.600000000000000000e+02 2.163557827204853766e+03 1.409660007315065933e+01 9.260940850240020894e-02 1.830848873174550206e+01
8.610000000000000000e+02 2.155022121589503968e+03 1.425723081228503197e+01 9.264420164510345224e-02 1.967996485830838793e+01
8.620000000000000000e+02 2.146359553151615728e+03 1.442250261966603020e+01 9.267740126933493583e-02 2.103039503512134800e+01
8.630000000000000000e+02 2.137584757507946506e+03 1.459256573987319605e+01 9.270900867597040018e-02 2.235906955000732665e+01
8.640000000000000000e+02 2.128690080568311714e+03 1.476727349502336040e+01 9.273902574967492207e-02 2.366512975525618856e+01
8.650000000000000000e+02 2.119675291914837999e+03 1.494662798524367453e+01 9.276745496503831234e-02 2.494801374730334587e+01
8.660000000000000000e+02 2.110555013131878241e+03 1.513055723753016579e+01 9.279429939222852419e-02 2.620745634545565750e+01
8.670000000000000000e+02 2.101314147686191973e+03 1.531898948852560771e+01 9.281956270215881155e-02 2.744356335418818915e+01
8.680000000000000000e+02 2.091959879362957963e+03 1.551177890020320049e+01 9.284324917110332864e-02 2.865606870698832509e+01
8.690000000000000000e+02 2.082499387202446997e+03 1.570885412596992481e+01 9.286536368465207747e-02 2.984507728033164042e+01
8.700000000000000000e+02 2.072924988790669431e+03 1.591021830967837580e+01 9.288591174110953641e-02 3.101039632119920597e+01
8.710000000000000000e+02 2.063243853655771545e+03 1.611565195054354405e+01 9.290489945405192018e-02 3.215205541073157747e+01
8.720000000000000000e+02 2.053463146567707554e+03 1.632508431949819538e+01 9.292233355420415064e-02 3.326993502595750130e+01
8.730000000000000000e+02 2.043575170843174647e+03 1.653837060744556098e+01 9.293822139050983422e-02 3.436354366864088661e+01
8.740000000000000000e+02 2.033594510108008762e+03 1.675551477444557236e+01 9.295257093036304874e-02 3.543253782927506990e+01
8.750000000000000000e+02 2.023520886563226441e+03 1.697637241430312471e+01 9.296539075894691417e-02 3.647635054917879671e+01
8.760000000000000000e+02 2.013361446059579293e+03 1.720079932009185697e+01 9.297669007774130023e-02 3.749463710126146054e+01
8.770000000000000000e+02 2.003115901427732069e+03 1.742865148259429375e+01 9.298647870212556343e-02 3.848675498540787743e+01
8.780000000000000000e+02 1.992806245917099204e+03 1.765985937216677826e+01 9.299476705800378828e-02 3.945243246006626947e+01
8.790000000000000000e+02 1.982417326439096541e+03 1.789435365352220231e+01 9.300156617756501209e-02 4.039109997096560534e+01
8.800000000000000000e+02 1.971963698772261523e+03 1.813199090043626427e+01 9.300688769408670120e-02 4.130241011605946966e+01
8.810000000000000000e+02 1.961437629171151684e+03 1.837270216088509756e+01 9.301074383584272132e-02 4.218594049214114960e+01
8.820000000000000000e+02 1.950853664536367887e+03 1.861649295510223467e+01 9.301314741907985850e-02 4.304134224268539555e+01
8.830000000000000000e+02 1.940204062389507499e+03 1.886314613955015673e+01 9.301411184009185373e-02 4.386811718840262131e+01
8.840000000000000000e+02 1.929488504358552063e+03 1.911274188934397245e+01 9.301365106644660097e-02 4.466598922605180633e+01
8.850000000000000000e+02 1.918714096270136679e+03 1.936513771156493391e+01 9.301177962734849536e-02 4.543445860897882227e+01
8.860000000000000000e+02 1.907880511549096127e+03 1.962019129352356828e+01 9.300851260319047131e-02 4.617324762995207976e+01
8.870000000000000000e+02 1.896987419676390118e+03 1.987790906744491792e+01 9.300386561430092069e-02 4.688230060326554138e+01
8.880000000000000000e+02 1.886049343004710636e+03 2.013814907406299426e+01 9.299785480900044088e-02 4.756163528013433250e+01
8.890000000000000000e+02 1.875051086779260459e+03 2.040069524365172526e+01 9.299049685095064910e-02 4.821141711491083726e+01
8.900000000000000000e+02 1.864014594419178366e+03 2.066555452748696808e+01 9.298180890581245195e-02 4.883151354711230141e+01
8.910000000000000000e+02 1.852932092501013130e+03 2.093258547770902567e+01 9.297180862738792240e-02 4.942208825282821039e+01
8.920000000000000000e+02 1.841810661002120924e+03 2.120164681162522058e+01 9.296051414317436923e-02 4.998308114395118906e+01
8.930000000000000000e+02 1.830649948397583103e+03 2.147267169243190921e+01 9.294794403946156358e-02 5.051457976981534159e+01
8.940000000000000000e+02 1.819464456863942132e+03 2.174537059234523539e+01 9.293411734603014562e-02 5.101652216770553139e+01
8.950000000000000000e+02 1.808238972335528160e+03 2.201982555768258010e+01 9.291905352047219457e-02 5.148877113128941119e+01
8.960000000000000000e+02 1.796995419818876371e+03 2.229574737081901503e+01 9.290277243222623549e-02 5.193141132998307796e+01
8.970000000000000000e+02 1.785726008406465553e+03 2.257306981510795296e+01 9.288529434639068716e-02 5.234430359373448738e+01
8.980000000000000000e+02 1.774437801547471281e+03 2.285165253769055127e+01 9.286663990740094687e-02 5.272738203329026163e+01
8.990000000000000000e+02 1.763137860519237165e+03 2.313128104623304537e+01 9.284683012258046486e-02 5.308065402692719204e+01
9.000000000000000000e+02 1.751825816251148126e+03 2.341196383959154659e+01 9.282588634567243147e-02 5.340397735716612004e+01
9.010000000000000000e+02 1.740501264051048111e+03 2.369341401006547798e+01 9.280383026036656546e-02 5.369735157246055479e+01
9.020000000000000000e+02 1.729178519083878200e+03 2.397564827850327163e+01 9.278068386402710255e-02 5.396075212829422441e+01
9.030000000000000000e+02 1.717857004546352755e+03 2.425853651909381625e+01 9.275646945143349587e-02 5.419399908910155261e+01
9.040000000000000000e+02 1.706536142343948995e+03 2.454194873249200981e+01 9.273120959881187009e-02 5.439713429515786203e+01
9.050000000000000000e+02 1.695222781617451574e+03 2.482575504205411576e+01 9.270492714808074852e-02 5.457004993495805678e+01
9.060000000000000000e+02 1.683916342217505189e+03 2.510997425699362040e+01 9.267764519144881807e-02 5.471263710268677727e+01
9.070000000000000000e+02 1.672631099928672711e+03 2.539432816743264709e+01 9.264938705633937732e-02 5.482486007277255169e+01
9.080000000000000000e+02 1.661359044889245297e+03 2.567876152490165609e+01 9.262017629070570801e-02 5.490683057503887454e+01
9.090000000000000000e+02 1.650107023510837962e+03 2.596329347123288400e+01 9.259003664878946716e-02 5.495858493645310006e+01
9.100000000000000000e+02 1.638874453592823556e+03 2.624772040036542364e+01 9.255899207735590606e-02 5.498023264100488205e+01
9.110000000000000000e+02 1.627668181184455307e+03 2.653191308808788307e+01 9.252706670240326559e-02 5.497188203970305409e+01
9.120000000000000000e+02 1.616495052392296884e+03 2.681581668768936311e+01 9.249428481639203337e-02 5.493364034470810964e+01
9.130000000000000000e+02 1.605354485183378756e+03 2.709937644202751272e+01 9.246067086605402885e-02 5.486561362410500919e+01
9.140000000000000000e+02 1.594245897884283067e+03 2.738238911201493764e+01 9.242624944065762349e-02 5.476783251381915818e+01
9.150000000000000000e+02 1.583168709325149393e+03 2.766480010604298911e+01 9.239104526093408487e-02 5.464047506419262135e+01
9.160000000000000000e+02 1.572137195679145634e+03 2.794655490831466338e+01 9.235508316850485344e-02 5.448371816970185932e+01
9.170000000000000000e+02 1.561143348844973616e+03 2.822737622360122600e+01 9.231838811585858784e-02 5.429758899933162297e+01
9.180000000000000000e+02 1.550186589976298819e+03 2.850728395695195871e+01 9.228098515692065296e-02 5.408241069562672720e+01
9.190000000000000000e+02 1.539281197955009020e+03 2.878607522429976129e+01 9.224289943813120118e-02 5.383820810536615653e+01
9.200000000000000000e+02 1.528426596107777641e+03 2.906369576502995855e+01 9.220415619005102592e-02 5.356515347992976928e+01
9.210000000000000000e+02 1.517614780668433013e+03 2.933994280296286661e+01 9.216478071946140882e-02 5.326341790829926737e+01
9.220000000000000000e+02 1.506860034285685970e+03 2.961476217529546773e+01 9.212479840194141845e-02 5.293339416822366417e+01
9.230000000000000000e+02 1.496169212723560577e+03 2.988809976047054562e+01 9.208423467489261494e-02 5.257532531001217535e+01
9.240000000000000000e+02 1.485526888257158362e+03 3.015982718949430463e+01 9.204311503097883929e-02 5.218960179249158671e+01
9.250000000000000000e+02 1.474954776565929706e+03 3.042974184070595101e+01 9.200146501189604420e-02 5.177653863508184173e+01
9.260000000000000000e+02 1.464444881667912568e+03 3.069786396851067067e+01 9.195931020255342092e-02 5.133659827151478794e+01
9.270000000000000000e+02 1.454004066103176910e+03 3.096399099704497715e+01 9.191667622546360883e-02 5.087001913615279847e+01
9.280000000000000000e+02 1.443639194311003166e+03 3.122814321583360808e+01 9.187358873542038340e-02 5.037718708594265848e+01
9.290000000000000000e+02 1.433349704353346397e+03 3.149011807338220237e+01 9.183007341437247895e-02 4.985841255494941038e+01
9.300000000000000000e+02 1.423135036335162113e+03 3.174978730576531660e+01 9.178615596642304697e-02 4.931393055998674413e+01
9.310000000000000000e+02 1.412994632471197519e+03 3.200709693117916999e+01 9.174186211297381821e-02 4.874404927382924768e+01
9.320000000000000000e+02 1.402942793850364751e+03 3.226191867746898367e+01 9.169721758785184806e-02 4.814900146497859623e+01
9.330000000000000000e+02 1.392971538745834096e+03 3.251419854365049389e+01 9.165224813251604541e-02 4.752916735549330696e+01
9.340000000000000000e+02 1.383087744425484061e+03 3.276365966040558675e+01 9.160697949116643202e-02 4.688470321133505792e+01
9.350000000000000000e+02 1.373290862158625487e+03 3.301032226909926948e+01 9.156143740575097001e-02 4.621598705176476329e+01
9.360000000000000000e+02 1.363580345622392997e+03 3.325398373176067679e+01 9.151564761083301469e-02 4.552332152422076206e+01
9.370000000000000000e+02 1.353963079307220369e+03 3.349466422660010068e+01 9.146963582831606210e-02 4.480715676420634708e+01
9.380000000000000000e+02 1.344438521871049716e+03 3.373223532500747979e+01 9.142342776186665465e-02 4.406779327113574141e+01
9.390000000000000000e+02 1.335013562894420602e+03 3.396656855308182088e+01 9.137704909109667373e-02 4.330567905266025264e+01
9.400000000000000000e+02 1.325680237884576854e+03 3.419746110267174544e+01 9.133052546541391148e-02 4.252118678492082893e+01
9.410000000000000000e+02 1.316452870082206573e+03 3.442500724345421048e+01 9.128388249755914341e-02 4.171461382373596649e+01
9.420000000000000000e+02 1.307323500416424849e+03 3.464900404950885360e+01 9.123714575673320948e-02 4.088640506670877528e+01
9.430000000000000000e+02 1.298299029313826395e+03 3.486932281145758594e+01 9.119034076129982347e-02 4.003700439821707846e+01
9.440000000000000000e+02 1.289378931707162565e+03 3.508598331463126385e+01 9.114349297109673731e-02 3.916692898529076672e+01
9.450000000000000000e+02 1.280570113797185059e+03 3.529885669976568607e+01 9.109662777927234056e-02 3.827654643984325133e+01
9.460000000000000000e+02 1.271864628065388388e+03 3.550788830826095221e+01 9.104977050363734226e-02 3.736637196576904074e+01
9.470000000000000000e+02 1.263276815091142453e+03 3.571287482647588263e+01 9.100294637759197280e-02 3.643691980536029007e+01
9.480000000000000000e+02 1.254798733518633526e+03 3.591390998159898373e+01 9.095618054049021961e-02 3.548862896954525326e+01
9.490000000000000000e+02 1.246429873529020369e+03 3.611086455204475953e+01 9.090949802756165266e-02 3.452186325193468264e+01
9.500000000000000000e+02 1.238184585264670659e+03 3.630360921293625864e+01 9.086292375938533061e-02 3.353728266067307828e+01
9.510000000000000000e+02 1.230054946039985225e+03 3.649201477946564864e+01 9.081648253080341904e-02 3.253516542179669813e+01
9.520000000000000000e+02 1.222040500477784462e+03 3.667610151396884532e+01 9.077019899941346504e-02 3.151604816642900175e+01
9.530000000000000000e+02 1.214148233936517954e+03 3.685574124213245284e+01 9.072409767362546451e-02 3.048023434061870063e+01
9.540000000000000000e+02 1.206370278659995620e+03 3.703087995043299685e+01 9.067820290029648955e-02 2.942824938148099179e+01
9.550000000000000000e+02 1.198721055617116917e+03 3.720138921446043412e+01 9.063253885192538994e-02 2.836046931531029713e+01
9.560000000000000000e+02 1.191192704491548284e+03 3.736721476133001829e+01 9.058712951347772102e-02 2.727734362394099321e+01
9.570000000000000000e+02 1.183792225526691254e+03 3.752830218166697307e+01 9.054199866893315740e-02 2.617932097731820917e+01
9.580000000000000000e+02 1.176511766220749905e+03 3.768467120867850895e+01 9.049716988748154889e-02 2.506707210029206934e+01
9.590000000000000000e+02 1.169358334825916018e+03 3.783619286329948039e+01 9.045266650947125786e-02 2.394119265510171246e+01
9.600000000000000000e+02 1.162338943747917710e+03 3.798296086744323929e+01 9.040851163213224628e-02 2.280220325807161430e+01
9.610000000000000000e+02 1.155445752947133769e+03 3.812477165530856382e+01 9.036472809515289084e-02 2.165062378000862608e+01
9.620000000000000000e+02 1.148685783442458387e+03 3.826171863731123324e+01 9.032133846610240768e-02 2.048712193029648176e+01
9.630000000000000000e+02 1.142058632364316736e+03 3.839374649506832071e+01 9.027836502582041456e-02 1.931229042367026949e+01
9.640000000000000000e+02 1.135563901409214168e+03 3.852072546098820283e+01 9.023582975374022652e-02 1.812649843068459532e+01
9.650000000000000000e+02 1.129201196944176672e+03 3.864274844845641610e+01 9.019375431329246240e-02 1.693026301288956148e+01
9.660000000000000000e+02 1.122970130110927585e+03 3.875961106358276709e+01 9.015216003736023498e-02 1.572410057367974900e+01
9.670000000000000000e+02 1.116877745279629380e+03 3.887133158607164063e+01 9.011106791390204040e-02 1.450852687633948790e+01
9.680000000000000000e+02 1.110916235100505673e+03 3.897785383165318507e+01 9.007049857174423413e-02 1.328398277877837685e+01
9.690000000000000000e+02 1.105092654005656868e+03 3.907912143211468248e+01 9.003047226662817815e-02 1.205098281896933266e+01
9.700000000000000000e+02 1.099406633257125804e+03 3.917500354841424581e+01 8.999100886758513995e-02 1.080996666657414629e+01
9.710000000000000000e+02 1.093850381043271682e+03 3.926566628489608490e+01 8.995212784361225622e-02 9.561521992282397520e+00
9.720000000000000000e+02 1.088430967623010929e+03 3.935090413455659331e+01 8.991384825080504795e-02 8.306235919842265503e+00
9.730000000000000000e+02 1.083148040365241286e+03 3.943073424393808324e+01 8.987618871989740132e-02 7.044546478299647418e+00
9.740000000000000000e+02 1.078008680535779831e+03 3.950524784308151993e+01 8.983916744432757229e-02 5.777039755464848270e+00
9.750000000000000000e+02 1.072997689978653625e+03 3.957423882505508317e+01 8.980280216880956456e-02 4.504375634083734425e+00
9.760000000000000000e+02 1.068122161295349997e+03 3.963787229459984474e+01 8.976711017849862972e-02 3.226916394220293860e+00
9.770000000000000000e+02 1.063389192866908388e+03 3.969594173030918682e+01 8.973210828877704881e-02 1.945395284900134358e+00
9.780000000000000000e+02 1.058791032220998659e+03 3.974861181693854206e+01 8.969781283564501329e-02 6.601737094368581582e-01
9.790000000000000000e+02 1.054327361144667748e+03 3.979582417474932754e+01 8.966423966682494917e-02 -6.281347725609978117e-01
9.800000000000000000e+02 1.050005295740454358e+03 3.983744592395620288e+01 8.963140413356740499e-02 -1.919050698578376624e+00
9.810000000000000000e+02 1.045817101425609508e+03 3.987371538326195264e+01 8.959932108311198518e-02 -3.212065258421368696e+00
9.820000000000000000e+02 1.041762478026440021e+03 3.990442494892634073e+01 8.956800485196550476e-02 -4.506662557955642079e+00
9.830000000000000000e+02 1.037841131465072976e+03 3.992973821096607168e+01 8.953746925986069694e-02 -5.802327025896137691e+00
9.840000000000000000e+02 1.034060202139983176e+03 3.994952139937996094e+01 8.950772760449855758e-02 -7.098566419881995770e+00
9.850000000000000000e+02 1.030411979898654181e+03 3.996378908298648014e+01 8.947879265703338747e-02 -8.394915518589005643e+00
9.860000000000000000e+02 1.026896189104785435e+03 3.997255560031566546e+01 8.945067665830189196e-02 -9.690921242713997685e+00
9.870000000000000000e+02 1.023519988647745549e+03 3.997583505758022682e+01 8.942339131581918121e-02 -1.098614263240730793e+01
9.880000000000000000e+02 1.020275686894264823e+03 3.997349275971558313e+01 8.939694780151030695e-02 -1.228013225357828908e+01
9.890000000000000000e+02 1.017163026734634627e+03 3.996569090951407333e+01 8.937135675014434844e-02 -1.357244286034223357e+01
9.900000000000000000e+02 1.014181757220992381e+03 3.995222005429583589e+01 8.934662825847897172e-02 -1.486256794490354771e+01
9.910000000000000000e+02 1.011331633549038543e+03 3.993316763569932704e+01 8.932277188508276622e-02 -1.615016456450594617e+01
9.920000000000000000e+02 1.008619845383323991e+03 3.990862085401436588e+01 8.929979665081165530e-02 -1.743457790322169743e+01
9.930000000000000000e+02 1.006031303424792441e+03 3.987844381609357214e+01 8.927771103991412327e-02 -1.871530180564111134e+01
9.940000000000000000e+02 1.003580637824780752e+03 3.984279751836537287e+01 8.925652300172971787e-02 -1.999168161861257786e+01
9.950000000000000000e+02 1.001252771339224296e+03 3.980169414439220787e+01 8.923623995289843569e-02 -2.126328558428978610e+01
9.960000000000000000e+02 9.990549177308374738e+02 3.975514563052757921e+01 8.921686878015643030e-02 -2.252945911444561489e+01
9.970000000000000000e+02 9.969868683130732734e+02 3.970308938114581565e+01 8.919841584352829200e-02 -2.378969618311869993e+01
9.980000000000000000e+02 9.950484202401868288e+02 3.964561111796347603e+01 8.918088698003480419e-02 -2.504341645105725789e+01
9.990000000000000000e+02 9.932319480920019714e+02 3.958279631193177295e+01 8.916428750770091782e-02 -2.628989095699820666e+01
1.000000000000000000e+03 9.915446888552539804e+02 3.951458161521401991e+01 8.914862222996063068e-02 -2.752861350980616351e+01
1.001000000000000000e+03 9.899716450630384088e+02 3.944097621757153860e+01 8.913389544033054057e-02 -2.875893310416303805e+01
1.002000000000000000e+03 9.885277180619184492e+02 3.936198308244604505e+01 8.912011092735977469e-02 -2.998021403808288099e+01
1.003000000000000000e+03 9.871981462371693397e+02 3.927760342578372388e+01 8.910727197975867875e-02 -3.119182431102363751e+01
1.004000000000000000e+03 9.859904584172583100e+02 3.918783820857037625e+01 8.909538139167121062e-02 -3.239320602284535511e+01
1.005000000000000000e+03 9.848899036868422172e+02 3.909268813627119954e+01 8.908444146806175634e-02 -3.358380106441143909e+01
1.006000000000000000e+03 9.839114497510503270e+02 3.899230222537409674e+01 8.907445403020240737e-02 -3.476327394215294220e+01
1.007000000000000000e+03 9.830403560444825644e+02 3.888682923602381436e+01 8.906542042112625124e-02 -3.593143746859724530e+01
1.008000000000000000e+03 9.822841720928331597e+02 3.877641767176466203e+01 8.905734151108425645e-02 -3.708817845289295434e+01
1.009000000000000000e+03 9.816430240210490865e+02 3.866121577938912424e+01 8.905021770293933270e-02 -3.823316054084622806e+01
1.010000000000000000e+03 9.811021861119176037e+02 3.854144583239767030e+01 8.904404893745955507e-02 -3.936619560652175664e+01
1.011000000000000000e+03 9.806766508164633933e+02 3.841710699705711818e+01 8.903883469848125620e-02 -4.048702087588948473e+01
1.012000000000000000e+03 9.803517018612623133e+02 3.828842103359768601e+01 8.903457401789512116e-02 -4.159552175157626408e+01
1.013000000000000000e+03 9.801274842600195143e+02 3.815531231199367568e+01 8.903126548043542587e-02 -4.269136036971160308e+01
1.014000000000000000e+03 9.800190042247221527e+02 3.801777922989269598e+01 8.902890722829349957e-02 -4.377404985792731651e+01
1.015000000000000000e+03 9.800041306264121204e+02 3.787567136264576817e+01 8.902749696541550906e-02 -4.484332572753059765e+01
1.016000000000000000e+03 9.800978784118410658e+02 3.772906088148047132e+01 8.902703196160363652e-02 -4.589884871434248481e+01
1.017000000000000000e+03 9.803004100677432007e+02 3.757772256976950587e+01 8.902750905630885114e-02 -4.694027903726171047e+01
1.018000000000000000e+03 9.805970355389221140e+02 3.742165380846117984e+01 8.902892466216384693e-02 -4.796720209006036129e+01
1.019000000000000000e+03 9.809953538998335034e+02 3.726092601011668393e+01 8.903127476819452935e-02 -4.897927698394808260e+01
1.020000000000000000e+03 9.814955398762865570e+02 3.709546176957540808e+01 8.903455494278049442e-02 -4.997586510590344488e+01
1.021000000000000000e+03 9.820903437706232353e+02 3.692562913328015384e+01 8.903876033626993702e-02 -5.095640151233811110e+01
1.022000000000000000e+03 9.827799480899408309e+02 3.675142448218812774e+01 8.904388568336771281e-02 -5.192032062207645993e+01
1.023000000000000000e+03 9.835496824256362061e+02 3.657306680136427701e+01 8.904992530520770833e-02 -5.286690762618476214e+01
1.024000000000000000e+03 9.844145934877701620e+02 3.639070054768000517e+01 8.905687311116361471e-02 -5.379566988269152006e+01
1.025000000000000000e+03 9.853525898882098772e+02 3.620454421866316608e+01 8.906472260042373745e-02 -5.470589119317387627e+01
1.026000000000000000e+03 9.863787255809795624e+02 3.601466750397209893e+01 8.907346686335131103e-02 -5.559707748178708897e+01
1.027000000000000000e+03 9.874783446502092374e+02 3.582113985451906757e+01 8.908309858259963465e-02 -5.646940247472551277e+01
1.028000000000000000e+03 9.886516513540448159e+02 3.562403048472548051e+01 8.909361003409427271e-02 -5.732289056059015309e+01
1.029000000000000000e+03 9.899137100690990110e+02 3.542340837491357775e+01 8.910499308782154904e-02 -5.815771390375849847e+01
1.030000000000000000e+03 9.912424467849976963e+02 3.521926799033161615e+01 8.911723920855733894e-02 -5.897404385721998921e+01
1.031000000000000000e+03 9.926529325547902545e+02 3.501175213432426858e+01 8.913033945644720235e-02 -5.977212522641296744e+01
1.032000000000000000e+03 9.941305282919828414e+02 3.480085481711958550e+01 8.914428448758983381e-02 -6.055197911605622352e+01
1.033000000000000000e+03 9.956903115229141576e+02 3.458664410926640187e+01 8.915906455457564550e-02 -6.131377432902140612e+01
1.034000000000000000e+03 9.973176495359376759e+02 3.436918786119300506e+01 8.917466950708907714e-02 -6.205701022969397229e+01
1.035000000000000000e+03 9.990201977848464594e+02 3.414870227340286846e+01 8.919108879253946631e-02 -6.278111099441953513e+01
1.036000000000000000e+03 1.000783329739224087e+03 3.392525476578295951e+01 8.920831145681858143e-02 -6.348557416148011612e+01
1.037000000000000000e+03 1.002599850237130113e+03 3.369898683155473407e+01 8.922632614520706329e-02 -6.416982204761231401e+01
1.038000000000000000e+03 1.004484852136781228e+03 3.347003975733817782e+01 8.924512110345533822e-02 -6.483335029909210334e+01
1.039000000000000000e+03 1.006423717815131113e+03 3.323855462683824413e+01 8.926468417909107222e-02 -6.547565359287293063e+01
1.040000000000000000e+03 1.008409260868249021e+03 3.300452375764385238e+01 8.928500282302576085e-02 -6.609615133828719991e+01
1.041000000000000000e+03 1.010449154409147354e+03 3.276816212265840988e+01 8.930606409143344859e-02 -6.669485621433763356e+01
1.042000000000000000e+03 1.012536217612466544e+03 3.252931308610903471e+01 8.932785464795196806e-02 -6.727177988801153674e+01
1.043000000000000000e+03 1.014663272358432550e+03 3.228811695920573044e+01 8.935036076632474344e-02 -6.782671015067207065e+01
1.044000000000000000e+03 1.016845428224506463e+03 3.204456530336729969e+01 8.937356833337714579e-02 -6.836032515805770515e+01
1.045000000000000000e+03 1.019068083971671626e+03 3.179857521806504295e+01 8.939746285246519264e-02 -6.887196491322910674e+01
1.046000000000000000e+03 1.021331497580806172e+03 3.155036076277315971e+01 8.942202944738476822e-02 -6.936245402824299333e+01
1.047000000000000000e+03 1.023635929483620771e+03 3.129976440997684506e+01 8.944725286678373299e-02 -6.983113037318321403e+01
1.048000000000000000e+03 1.025981642490400645e+03 3.104699988481671369e+01 8.947311748905634188e-02 -7.027807357091391793e+01
1.049000000000000000e+03 1.028361473363579535e+03 3.079235503578291855e+01 8.949960732777340056e-02 -7.070261931724918725e+01
1.050000000000000000e+03 1.030775689437934943e+03 3.053596898899242973e+01 8.952670603770244984e-02 -7.110633071180747322e+01
1.051000000000000000e+03 1.033217164911624877e+03 3.027805336018039029e+01 8.955439692128264184e-02 -7.148853687868522400e+01
1.052000000000000000e+03 1.035686336686072764e+03 3.001866447899370982e+01 8.958266293579117412e-02 -7.184854838195801108e+01
1.053000000000000000e+03 1.038183676693659891e+03 2.975815402514071550e+01 8.961148670097529578e-02 -7.218641313439887597e+01
1.054000000000000000e+03 1.040709658723317489e+03 2.949665069231734904e+01 8.964085050728466675e-02 -7.250217791573362547e+01
1.055000000000000000e+03 1.043249901617069327e+03 2.923420876033838312e+01 8.967073632468837430e-02 -7.279663120098427953e+01
1.056000000000000000e+03 1.045812310913619285e+03 2.897088238382223935e+01 8.970112581201429569e-02 -7.306907464920129769e+01
1.057000000000000000e+03 1.048389936984750875e+03 2.870679988092780732e+01 8.973200032687494998e-02 -7.331880876780157053e+01
1.058000000000000000e+03 1.050983259969093751e+03 2.844201517163195803e+01 8.976334093606111453e-02 -7.354736141240420011e+01
1.059000000000000000e+03 1.053585332950100565e+03 2.817658206655883646e+01 8.979512842651236892e-02 -7.375328793688100859e+01
1.060000000000000000e+03 1.056204066880857681e+03 2.791062855584979374e+01 8.982734331675061579e-02 -7.393662819918917251e+01
1.061000000000000000e+03 1.058832517052881258e+03 2.764420824756281192e+01 8.985996586877445513e-02 -7.409890655750388078e+01
1.062000000000000000e+03 1.061471168012599946e+03 2.737744894011543551e+01 8.989297610041521724e-02 -7.423793202161887450e+01
1.063000000000000000e+03 1.064113076722733922e+03 2.711032977724527271e+01 8.992635379805186124e-02 -7.435596943523340485e+01
1.064000000000000000e+03 1.066758729121079568e+03 2.684305267101750658e+01 8.996007852974297059e-02 -7.445156828811987282e+01
1.065000000000000000e+03 1.069401183274976574e+03 2.657567088983108761e+01 8.999412965868015812e-02 -7.452476255916636205e+01
1.066000000000000000e+03 1.072048354284010202e+03 2.630823763096327284e+01 9.002848635695170909e-02 -7.457707071466468562e+01
1.067000000000000000e+03 1.074685872378032627e+03 2.604088030962977030e+01 9.006312761954118895e-02 -7.460703869686446410e+01
1.068000000000000000e+03 1.077329081215848646e+03 2.577372628105518260e+01 9.009803227857189623e-02 -7.461543976826483515e+01
1.069000000000000000e+03 1.079956182577942627e+03 2.550682856255637176e+01 9.013317901768698459e-02 -7.460230317104115727e+01
1.070000000000000000e+03 1.082582519712374506e+03 2.524031440614371036e+01 9.016854638660724841e-02 -7.456765696200444893e+01
1.071000000000000000e+03 1.085193722024753015e+03 2.497423673712079761e+01 9.020411281573198492e-02 -7.451152801294227856e+01
1.072000000000000000e+03 1.087797703371441230e+03 2.470879701020272279e+01 9.023985663082338682e-02 -7.443468484639065252e+01
1.073000000000000000e+03 1.090380091799164347e+03 2.444404808112123817e+01 9.027575606764080829e-02 -7.433640913171169018e+01
1.074000000000000000e+03 1.092948799487694259e+03 2.418011706274989336e+01 9.031178928657004890e-02 -7.421746702675336849e+01
1.075000000000000000e+03 1.095496880840285485e+03 2.391713104721999628e+01 9.034793438712984681e-02 -7.407788067474257332e+01
1.076000000000000000e+03 1.098032245727282088e+03 2.365514282803591328e+01 9.038416942237620377e-02 -7.391692820666378339e+01
1.077000000000000000e+03 1.100540517578822119e+03 2.339420518919325431e+01 9.042047241309002226e-02 -7.373611508415108062e+01
1.078000000000000000e+03 1.103029603332044644e+03 2.313451947779604367e+01 9.045682136180294153e-02 -7.353545992757251781e+01
1.079000000000000000e+03 1.105485123177452579e+03 2.287613847565432579e+01 9.049319426653307241e-02 -7.331423735468517577e+01
1.080000000000000000e+03 1.107922408861073109e+03 2.261911497189091946e+01 9.052956913421932039e-02 -7.307394932479095928e+01
1.081000000000000000e+03 1.110327076735781247e+03 2.236365033554130832e+01 9.056592399388543879e-02 -7.281312529804783651e+01
1.082000000000000000e+03 1.112699597719396706e+03 2.210972310362816984e+01 9.060223690942002805e-02 -7.253326492059251507e+01
1.083000000000000000e+03 1.115040440454383770e+03 2.185746040425209813e+01 9.063848599197391054e-02 -7.223438101975447978e+01
1.084000000000000000e+03 1.117350071171963918e+03 2.160698939515507178e+01 9.067464941197103667e-02 -7.191648527991807782e+01
1.085000000000000000e+03 1.119621525210174923e+03 2.135836298577588721e+01 9.071070541066725279e-02 -7.158033108381377474e+01
1.086000000000000000e+03 1.121855263587138552e+03 2.111163412629902325e+01 9.074663231127541585e-02 -7.122444217914473086e+01
1.087000000000000000e+03 1.124051744528256449e+03 2.086685581318870319e+01 9.078240852966781849e-02 -7.085105536598038611e+01
1.088000000000000000e+03 1.126203994998291591e+03 2.062422966171473959e+01 9.081801258454368087e-02 -7.045943498919825743e+01
1.089000000000000000e+03 1.128312467289247024e+03 2.038380877744925002e+01 9.085342310716960912e-02 -7.004958712175526614e+01
1.090000000000000000e+03 1.130377610562677546e+03 2.014557204526083467e+01 9.088861885060041390e-02 -6.962225957331996540e+01
1.091000000000000000e+03 1.132399870747537534e+03 1.990972126880020099e+01 9.092357869842572493e-02 -6.917819906437115662e+01
1.092000000000000000e+03 1.134372262093133486e+03 1.967630975844626207e+01 9.095828167304793876e-02 -6.871666556576865048e+01
1.093000000000000000e+03 1.136295223778213540e+03 1.944546518725402962e+01 9.099270694347252886e-02 -6.823914648400128158e+01
1.094000000000000000e+03 1.138169191474700710e+03 1.921724102937075074e+01 9.102683383262552552e-02 -6.774489966166670740e+01
1.095000000000000000e+03 1.139994597267036625e+03 1.899176513244137610e+01 9.106064182422661524e-02 -6.723541039876228353e+01
1.096000000000000000e+03 1.141764441226572217e+03 1.876909115598218847e+01 9.109411056920475869e-02 -6.670993445419011891e+01
1.097000000000000000e+03 1.143486576392165034e+03 1.854934714374099869e+01 9.112721989172890835e-02 -6.616921223305443789e+01
1.098000000000000000e+03 1.145153995304104001e+03 1.833251267851994015e+01 9.115994979479052907e-02 -6.561398312930313637e+01
1.099000000000000000e+03 1.146759686644464409e+03 1.811879030499174803e+01 9.119228046542532384e-02 -6.504424270391486118e+01
1.100000000000000000e+03 1.148318920232461551e+03 1.790815983396008448e+01 9.122419227960537613e-02 -6.446072836868177092e+01
1.101000000000000000e+03 1.149809817700022677e+03 1.770060084164729375e+01 9.125566580679747575e-02 -6.386268261003414182e+01
1.102000000000000000e+03 1.151247628533030820e+03 1.749631445601995949e+01 9.128668181418347904e-02 -6.325154232287705014e+01
1.103000000000000000e+03 1.152617882291328215e+03 1.729535301384989054e+01 9.131722127069574757e-02 -6.262650667178932906e+01
1.104000000000000000e+03 1.153935817843625273e+03 1.709776898932612710e+01 9.134726535074044751e-02 -6.198885383532390847e+01
1.105000000000000000e+03 1.155186956530354109e+03 1.690354071565552729e+01 9.137679543780825864e-02 -6.133867254820812320e+01
1.106000000000000000e+03 1.156371672233244453e+03 1.671279524063201549e+01 9.140579312782758092e-02 -6.067619922120253051e+01
1.107000000000000000e+03 1.157497762996067422e+03 1.652558548114678416e+01 9.143424023245583232e-02 -6.000181795841145771e+01
1.108000000000000000e+03 1.158550737597227680e+03 1.634196451166195274e+01 9.146211878224956571e-02 -5.931591200807800845e+01
1.109000000000000000e+03 1.159545813977391845e+03 1.616205985263466260e+01 9.148941102975859108e-02 -5.861878949736245659e+01
1.110000000000000000e+03 1.160468492415323226e+03 1.598585062487896558e+01 9.151609945263129708e-02 -5.791083201809961167e+01
1.111000000000000000e+03 1.161326553959106832e+03 1.581346468838991370e+01 9.154216675669155090e-02 -5.719242036250943784e+01
1.112000000000000000e+03 1.162112918655695239e+03 1.564480722958684922e+01 9.156759587902583986e-02 -5.646378597585486148e+01
1.113000000000000000e+03 1.162835358933714133e+03 1.548008075052524823e+01 9.159236999120284883e-02 -5.572553096105897197e+01
1.114000000000000000e+03 1.163486786184972289e+03 1.531933937251149658e+01 9.161647250254151276e-02 -5.497781098070121431e+01
1.115000000000000000e+03 1.164067535798142444e+03 1.516248884066489211e+01 9.163988706348544233e-02 -5.422107811297578905e+01
1.116000000000000000e+03 1.164577938791574525e+03 1.500973222942354823e+01 9.166259756913981704e-02 -5.345578373900981006e+01
1.117000000000000000e+03 1.165018321796240571e+03 1.486097567894098326e+01 9.168458816298244440e-02 -5.268215571406312847e+01
1.118000000000000000e+03 1.165389007038316777e+03 1.471634838394250089e+01 9.170584324075284344e-02 -5.190056980711125334e+01
1.119000000000000000e+03 1.165682883970927833e+03 1.457590546397321418e+01 9.172634745449816107e-02 -5.111154972326121282e+01
1.120000000000000000e+03 1.165900265955857321e+03 1.443955368406925999e+01 9.174608571690229253e-02 -5.031524714197894355e+01
1.121000000000000000e+03 1.166048890243803044e+03 1.430749715985897197e+01 9.176504320581561902e-02 -4.951218457516896621e+01
1.122000000000000000e+03 1.166121632902772262e+03 1.417964309353831887e+01 9.178320536898937343e-02 -4.870266112250153867e+01
1.123000000000000000e+03 1.166118793846750123e+03 1.405604747878734528e+01 9.180055792908219103e-02 -4.788704962904283491e+01
1.124000000000000000e+03 1.166048096812291988e+03 1.393684082107199629e+01 9.181708688888003123e-02 -4.706572242562700126e+01
1.125000000000000000e+03 1.165894975932731541e+03 1.382193100733820934e+01 9.183277853678117886e-02 -4.623905135296565305e+01
1.126000000000000000e+03 1.165659717463211791e+03 1.371137472712532990e+01 9.184761945248724746e-02 -4.540755635297820447e+01
1.127000000000000000e+03 1.165357459753034163e+03 1.360522890905585491e+01 9.186159651295117134e-02 -4.457160835930358900e+01
1.128000000000000000e+03 1.164981051465350447e+03 1.350355072422126845e+01 9.187469689850899512e-02 -4.373172645600886455e+01
1.129000000000000000e+03 1.164523336597497746e+03 1.340632330595376054e+01 9.188690809920824210e-02 -4.288820648493337018e+01
1.130000000000000000e+03 1.163999439500053086e+03 1.331353003648856870e+01 9.189821792140243084e-02 -4.204156677169898870e+01
1.131000000000000000e+03 1.163394766392224938e+03 1.322522883350980116e+01 9.190861449437473518e-02 -4.119225101681549006e+01
1.132000000000000000e+03 1.162717003779706829e+03 1.314147786957211039e+01 9.191808627721437253e-02 -4.034055403739484547e+01
1.133000000000000000e+03 1.161966405018912155e+03 1.306226129140116399e+01 9.192662206577124906e-02 -3.948691892646147039e+01
1.134000000000000000e+03 1.161135790281518211e+03 1.298756350607588850e+01 9.193421099969671662e-02 -3.863171422781059761e+01
1.135000000000000000e+03 1.160232831569286418e+03 1.291736918358300557e+01 9.194084256957966994e-02 -3.777530824492527728e+01
1.136000000000000000e+03 1.159257767627129169e+03 1.285173754274721780e+01 9.194650662410459863e-02 -3.691799478292011827e+01
1.137000000000000000e+03 1.158203403906925359e+03 1.279065378652545171e+01 9.195119337715153274e-02 -3.606029030801337854e+01
1.138000000000000000e+03 1.157077397582351296e+03 1.273410338767865646e+01 9.195489341498525038e-02 -3.520248827197440988e+01
1.139000000000000000e+03 1.155879972462751994e+03 1.268207209080999753e+01 9.195759770330508287e-02 -3.434495627158152331e+01
1.140000000000000000e+03 1.154596490608346585e+03 1.263462019777338163e+01 9.195929759419620153e-02 -3.348813607404127879e+01
1.141000000000000000e+03 1.153249450748571917e+03 1.259165971893878755e+01 9.195998483296358161e-02 -3.263246935886330391e+01
1.142000000000000000e+03 1.151824204747614658e+03 1.255325150884122287e+01 9.195965156480886971e-02 -3.177832345968030481e+01
1.143000000000000000e+03 1.150328384376205804e+03 1.251938241717768463e+01 9.195829034126702661e-02 -3.092606567300648379e+01
1.144000000000000000e+03 1.148754759532234402e+03 1.249003957367914097e+01 9.195589412645964467e-02 -3.007613756691786833e+01
1.145000000000000000e+03 1.147110951615993372e+03 1.246521038934482206e+01 9.195245630303332252e-02 -2.922890643913692799e+01
1.146000000000000000e+03 1.145397148456376271e+03 1.244488255754108152e+01 9.194797067782201072e-02 -2.838481390902889245e+01
1.147000000000000000e+03 1.143613532641070606e+03 1.242904405496490838e+01 9.194243148716711722e-02 -2.754415309197834816e+01
1.148000000000000000e+03 1.141752853149548628e+03 1.241768314247223692e+01 9.193583340183790475e-02 -2.670729147466534670e+01
1.149000000000000000e+03 1.139822710390636757e+03 1.241071408226869899e+01 9.192817153161744748e-02 -2.587467093971067555e+01
1.150000000000000000e+03 1.137823271142437534e+03 1.240812570547339178e+01 9.191944142941597951e-02 -2.504658493968344146e+01
1.151000000000000000e+03 1.135754664288935373e+03 1.240998266645591386e+01 9.190963909496027706e-02 -2.422339708003911340e+01
1.152000000000000000e+03 1.133616882993852869e+03 1.241620635435724296e+01 9.189876097802950061e-02 -2.340552826751194360e+01
1.153000000000000000e+03 1.131417310879845218e+03 1.242679398201857310e+01 9.188680398117467230e-02 -2.259324675953902783e+01
1.154000000000000000e+03 1.129141041244359940e+03 1.244174304859303248e+01 9.187376546194346572e-02 -2.178689533065109885e+01
1.155000000000000000e+03 1.126802875524748742e+03 1.246090277243625444e+01 9.185964323457745939e-02 -2.098681701274862021e+01
1.156000000000000000e+03 1.124395324864955001e+03 1.248441979188688045e+01 9.184443557121603485e-02 -2.019342940222185945e+01
1.157000000000000000e+03 1.121925751890394622e+03 1.251214389688310291e+01 9.182814120250168410e-02 -1.940692754939398057e+01
1.158000000000000000e+03 1.119394085686124754e+03 1.254414801298877080e+01 9.181075931768518938e-02 -1.862780396632372870e+01
1.159000000000000000e+03 1.116800250181364163e+03 1.258028249976019808e+01 9.179228956417449792e-02 -1.785632866540211694e+01
1.160000000000000000e+03 1.114144164189154026e+03 1.262062085101745446e+01 9.177273204649136207e-02 -1.709277203280014490e+01
1.161000000000000000e+03 1.111425741451411568e+03 1.266508827646367230e+01 9.175208732476795859e-02 -1.633747913473480295e+01
1.162000000000000000e+03 1.108652319039611257e+03 1.271361026769882230e+01 9.173035641262060336e-02 -1.559064688954548750e+01
1.163000000000000000e+03 1.105816372359790876e+03 1.276618688060904283e+01 9.170754077454482123e-02 -1.485262122410562213e+01
1.164000000000000000e+03 1.102925228614544949e+03 1.282281845063035952e+01 9.168364232277904924e-02 -1.412374852903418443e+01
1.165000000000000000e+03 1.099978781818412926e+03 1.288335702439057506e+01 9.165866341367488734e-02 -1.340422711371907383e+01
1.166000000000000000e+03 1.096969492869013266e+03 1.294787777575055010e+01 9.163260684355480079e-02 -1.269440436216442158e+01
1.167000000000000000e+03 1.093904674673770387e+03 1.301623330320117766e+01 9.160547584414523159e-02 -1.199447962062333595e+01
1.168000000000000000e+03 1.090784207179795658e+03 1.308842504567222242e+01 9.157727407755281157e-02 -1.130480135305268874e+01
1.169000000000000000e+03 1.087615394159459811e+03 1.316445471370934328e+01 9.154800563081508247e-02 -1.062557002834597064e+01
1.170000000000000000e+03 1.084390678248933227e+03 1.324410143703545018e+01 9.151767501005159122e-02 -9.957060991877554557e+00
1.171000000000000000e+03 1.081117354442430951e+03 1.332751603052754064e+01 9.148628713429919623e-02 -9.299624486328816886e+00
1.172000000000000000e+03 1.077795285138400686e+03 1.341455244054025897e+01 9.145384732896282010e-02 -8.653388538288561804e+00
1.173000000000000000e+03 1.074424328590111600e+03 1.350513916015472837e+01 9.142036131898885476e-02 -8.018704679657455259e+00
1.174000000000000000e+03 1.071004339009097521e+03 1.359927922680627432e+01 9.138583522178418683e-02 -7.395813692049214794e+00
1.175000000000000000e+03 1.067535166671389788e+03 1.369690165279961569e+01 9.135027553988311899e-02 -6.784882768471054426e+00
1.176000000000000000e+03 1.064024086376464766e+03 1.379786142272263483e+01 9.131368915337748082e-02 -6.186154100017805746e+00
1.177000000000000000e+03 1.060470940857586811e+03 1.390216234126204498e+01 9.127608331225481320e-02 -5.599826041709603075e+00
1.178000000000000000e+03 1.056868140894450789e+03 1.400980846340219621e+01 9.123746562853754516e-02 -5.026134843531151475e+00
1.179000000000000000e+03 1.053230378828300218e+03 1.412065552452031447e+01 9.119784406835053370e-02 -4.465287814202448580e+00
1.180000000000000000e+03 1.049550058575679941e+03 1.423463378789165112e+01 9.115722694392638936e-02 -3.917507909931001731e+00
1.181000000000000000e+03 1.045827009145494003e+03 1.435167375808311796e+01 9.111562290553004706e-02 -3.382989182679520646e+00
1.182000000000000000e+03 1.042068484755543977e+03 1.447178046125108963e+01 9.107304093345475193e-02 -2.861904226594135014e+00
1.183000000000000000e+03 1.038274308248726129e+03 1.459481059132956204e+01 9.102949032996232592e-02 -2.354456937067823663e+00
1.184000000000000000e+03 1.034444299559834462e+03 1.472076964063685800e+01 9.098498071133415133e-02 -1.860826072743326565e+00
1.185000000000000000e+03 1.030578275831670908e+03 1.484944047886194873e+01 9.093952199999781605e-02 -1.381206128581579318e+00
1.186000000000000000e+03 1.026676051530433142e+03 1.498090333398378782e+01 9.089312441673175202e-02 -9.157850676191229278e-01
1.187000000000000000e+03 1.022744866910365886e+03 1.511501580405956702e+01 9.084579847303143885e-02 -4.647406232556922090e-01
1.188000000000000000e+03 1.018784531426428202e+03 1.525170998744541784e+01 9.079755496363083045e-02 -2.819871659834474742e-02
1.189000000000000000e+03 1.014794852196254283e+03 1.539091819541056161e+01 9.074840495914907046e-02 3.937063581650987465e-01
1.190000000000000000e+03 1.010768205759950320e+03 1.553257294816088319e+01 9.069835979897676592e-02 8.008616318118781940e-01
1.191000000000000000e+03 1.006726679939545306e+03 1.567653268726805216e+01 9.064743108436608410e-02 1.193145731721502845e+00
1.192000000000000000e+03 1.002655218792941582e+03 1.582280462201782889e+01 9.059563067168148465e-02 1.570428867319661137e+00
1.193000000000000000e+03 9.985610495199778143e+02 1.597132187465370556e+01 9.054297066590782928e-02 1.932602529340983866e+00
1.194000000000000000e+03 9.944513975134987049e+02 1.612186919253701234e+01 9.048946341442343222e-02 2.279534906019420326e+00
1.195000000000000000e+03 9.903186297583505393e+02 1.627445436123504408e+01 9.043512150093596658e-02 2.611145153324631707e+00
1.196000000000000000e+03 9.861625399792443432e+02 1.642901106600078975e+01 9.037995773968544866e-02 2.927358812048486580e+00
1.197000000000000000e+03 9.819903487354582694e+02 1.658547317068086002e+01 9.032398516988766890e-02 3.228092938758074126e+00
1.198000000000000000e+03 9.778092751628776114e+02 1.674362614603304422e+01 9.026721705039965349e-02 3.513285807327243049e+00
1.199000000000000000e+03 9.736116803633899508e+02 1.690355276598272383e+01 9.020966685459000378e-02 3.782770615600869579e+00
1.200000000000000000e+03 9.693973525431854341e+02 1.706503883476460359e+01 9.015134826545570523e-02 4.036617178623381541e+00
1.201000000000000000e+03 9.651734790434603610e+02 1.722809481255628938e+01 9.009227517089914150e-02 4.274593878107096678e+00
1.202000000000000000e+03 9.609397055592876313e+02 1.739258933106995997e+01 9.003246165920014699e-02 4.496826607280124399e+00
1.203000000000000000e+03 9.566956487346200220e+02 1.755839281739531543e+01 8.997192201468458272e-02 4.703139806854481186e+00
1.204000000000000000e+03 9.524483526462151985e+02 1.772559869333712257e+01 8.991067071353400775e-02 4.893579639691115091e+00
1.205000000000000000e+03 9.481900038302123903e+02 1.789392910218752419e+01 8.984872241969604767e-02 5.068042565039315051e+00
1.206000000000000000e+03 9.439276447588568999e+02 1.806347773847567240e+01 8.978609198096455801e-02 5.226572464849932764e+00
1.207000000000000000e+03 9.396608888640623718e+02 1.823396700760213918e+01 8.972279442508863945e-02 5.369137786129033252e+00
1.208000000000000000e+03 9.353967773110081225e+02 1.840556513896281388e+01 8.965884495601247894e-02 5.495631534362741988e+00
1.209000000000000000e+03 9.311349223697353636e+02 1.857799477845502167e+01 8.959425895009312524e-02 5.606168401521031797e+00
1.210000000000000000e+03 9.268675074864635235e+02 1.875127581798068377e+01 8.952905195239761749e-02 5.700639059609689419e+00
1.211000000000000000e+03 9.226015724051061397e+02 1.892527968885439194e+01 8.946323967293673407e-02 5.779230140331705456e+00
1.212000000000000000e+03 9.183441565372153264e+02 1.909995220668141158e+01 8.939683798289642380e-02 5.841904246293349701e+00
1.213000000000000000e+03 9.140874423318442723e+02 1.927523928217612337e+01 8.932986291081769503e-02 5.888622797816918997e+00
1.214000000000000000e+03 9.098384687470587551e+02 1.945108691543613233e+01 8.926233063867070050e-02 5.919420313331536398e+00
1.215000000000000000e+03 9.056042746203355591e+02 1.962729262316750223e+01 8.919425749782711188e-02 5.934404406844882018e+00
1.216000000000000000e+03 9.013696136893194080e+02 1.980387685038665779e+01 8.912565996490591502e-02 5.933532935490619664e+00
1.217000000000000000e+03 8.971489531159151056e+02 1.998071154705943187e+01 8.905655465746636912e-02 5.916911132175481036e+00
1.218000000000000000e+03 8.929419034581740107e+02 2.015774301272535496e+01 8.898695832949682361e-02 5.884568754289162484e+00
1.219000000000000000e+03 8.887480754454304588e+02 2.033484332357782520e+01 8.891688786674890876e-02 5.836460083499641627e+00
1.220000000000000000e+03 8.845596517041185507e+02 2.051195889352579371e+01 8.884636028180824263e-02 5.772835343635654759e+00
1.221000000000000000e+03 8.803985285867021275e+02 2.068896190122014289e+01 8.877539270895569434e-02 5.693497866602550417e+00
1.222000000000000000e+03 8.762420327486179303e+02 2.086587313457040338e+01 8.870400239878405146e-02 5.598695495919496778e+00
1.223000000000000000e+03 8.721120614326214309e+02 2.104249056722254707e+01 8.863220671253152494e-02 5.488526320768040812e+00
1.224000000000000000e+03 8.679933706994089562e+02 2.121883505354862010e+01 8.856002311613055122e-02 5.363012962118944849e+00
1.225000000000000000e+03 8.639004306653574758e+02 2.139477890509618163e+01 8.848746917400797385e-02 5.222473993418620175e+00
1.226000000000000000e+03 8.598254271384620324e+02 2.157026873504851139e+01 8.841456254256697955e-02 5.066929676286088480e+00
1.227000000000000000e+03 8.557754034595238863e+02 2.174517688516601766e+01 8.834132096336423656e-02 4.896473382278617947e+00
1.228000000000000000e+03 8.517499755436174382e+02 2.191952427023711536e+01 8.826776225599042291e-02 4.711420164678481903e+00
1.229000000000000000e+03 8.477561886750924032e+02 2.209318323801152317e+01 8.819390431069613900e-02 4.511786779278301296e+00
1.230000000000000000e+03 8.437862325535934360e+02 2.226610041365426085e+01 8.811976508062410729e-02 4.297737391211962077e+00
1.231000000000000000e+03 8.398397264437999183e+02 2.243814812669311465e+01 8.804536257385697784e-02 4.069360730767890288e+00
1.232000000000000000e+03 8.359237192765748432e+02 2.260934725548769819e+01 8.797071484509896844e-02 3.826967234216387403e+00
1.233000000000000000e+03 8.320452614019260409e+02 2.277942152018797728e+01 8.789583998711997248e-02 3.570494783094931179e+00
1.234000000000000000e+03 8.281891196434152107e+02 2.294846602824500792e+01 8.782075612194460701e-02 3.300251547017992948e+00
1.235000000000000000e+03 8.243697758568805511e+02 2.311635300039691288e+01 8.774548139175492034e-02 3.016247440410102953e+00
1.236000000000000000e+03 8.205794285873089393e+02 2.328302889870504444e+01 8.767003394958229612e-02 2.718714115741128534e+00
1.237000000000000000e+03 8.168251349301805249e+02 2.344829157009562337e+01 8.759443194981608727e-02 2.407807838687677560e+00
1.238000000000000000e+03 8.131065255920832442e+02 2.361223594144952642e+01 8.751869353844476951e-02 2.083758064754579475e+00
1.239000000000000000e+03 8.094232333533821020e+02 2.377465974568498552e+01 8.744283684319328898e-02 1.746718882323110345e+00
1.240000000000000000e+03 8.057748931814541038e+02 2.393550921690590982e+01 8.736687996348835306e-02 1.396917590137717768e+00
1.241000000000000000e+03 8.021685706947451990e+02 2.409480480106551070e+01 8.729084096028782991e-02 1.034580424705724644e+00
1.242000000000000000e+03 7.986039055763815213e+02 2.425241829966011053e+01 8.721473784581558475e-02 6.599325716120876262e-01
1.243000000000000000e+03 7.950731116883139293e+02 2.440822143097283359e+01 8.713858857326237106e-02 2.731238937367252984e-01
1.244000000000000000e+03 7.915832622359623656e+02 2.456223439135682796e+01 8.706241102639131202e-02 -1.256967731255987930e-01
1.245000000000000000e+03 7.881340048308201176e+02 2.471425443204265093e+01 8.698622300915904992e-02 -5.361736139502564225e-01
1.246000000000000000e+03 7.847324183034734233e+02 2.486437583801929563e+01 8.691004223534234963e-02 -9.581375241543141907e-01
1.247000000000000000e+03 7.813707277642389499e+02 2.501239565442330104e+01 8.683388631823125980e-02 -1.391360960769401300e+00
1.248000000000000000e+03 7.780560181141198655e+02 2.515833366551294858e+01 8.675777276034872532e-02 -1.835624783954107997e+00
1.249000000000000000e+03 7.747805207520366366e+02 2.530198668815925700e+01 8.668171894332396543e-02 -2.290710814638894366e+00
1.250000000000000000e+03 7.715587554322863753e+02 2.544337426741820707e+01 8.660574211787118448e-02 -2.756372106760947460e+00
1.251000000000000000e+03 7.683755311819799090e+02 2.558251629179654785e+01 8.652985939390518688e-02 -3.232339922665894427e+00
1.252000000000000000e+03 7.652379426499577448e+02 2.571921155089854238e+01 8.645408773090593191e-02 -3.718344688400197828e+00
1.253000000000000000e+03 7.621530873586578991e+02 2.585348201767260790e+01 8.637844392841126373e-02 -4.214124721342170865e+00
1.254000000000000000e+03 7.591132098336870513e+02 2.598534952151967303e+01 8.630294461681642382e-02 -4.719434081032717998e+00
1.255000000000000000e+03 7.561254150968217118e+02 2.611468717612688550e+01 8.622760624838249344e-02 -5.233997982989036402e+00
1.256000000000000000e+03 7.531893837036778905e+02 2.624144222487500500e+01 8.615244508855361694e-02 -5.757572209091313731e+00
1.257000000000000000e+03 7.503048001785880388e+02 2.636556175229854659e+01 8.607747720757494281e-02 -6.289903720584654856e+00
1.258000000000000000e+03 7.474713530952477640e+02 2.648714124611788989e+01 8.600271847242552115e-02 -6.830734949457996308e+00
1.259000000000000000e+03 7.446813068029529177e+02 2.660590460781484268e+01 8.592818453905008702e-02 -7.379814180751671948e+00
1.260000000000000000e+03 7.419566432500334940e+02 2.672202126632074126e+01 8.585389084501847401e-02 -7.936886620839566753e+00
1.261000000000000000e+03 7.392747785491003469e+02 2.683528905471873216e+01 8.577985260246383248e-02 -8.501707007615987521e+00
1.262000000000000000e+03 7.366502748929992777e+02 2.694565419006179496e+01 8.570608479145025438e-02 -9.074022506974412039e+00
1.263000000000000000e+03 7.340828421616406558e+02 2.705313698524320287e+01 8.563260215369053463e-02 -9.653586956620875625e+00
1.264000000000000000e+03 7.315647663261440812e+02 2.715775756094088322e+01 8.555941918667651913e-02 -1.024013261942458186e+01
1.265000000000000000e+03 7.291031945487617349e+02 2.725931299063265811e+01 8.548655013813337422e-02 -1.083339244925478795e+01
1.266000000000000000e+03 7.266904218263209714e+02 2.735782299721119415e+01 8.541400900097628757e-02 -1.143306292972451033e+01
1.267000000000000000e+03 7.243410327811976686e+02 2.745330709815566905e+01 8.534180950852802983e-02 -1.203887090955094408e+01
1.268000000000000000e+03 7.220473315948540858e+02 2.754571031778921508e+01 8.526996513020451696e-02 -1.265052158402964899e+01
1.269000000000000000e+03 7.198090554392551894e+02 2.763497746662409327e+01 8.519848906758203944e-02 -1.326772075973399900e+01
1.270000000000000000e+03 7.176259461524883818e+02 2.772112742079124104e+01 8.512739425076762401e-02 -1.389021940399312705e+01
1.271000000000000000e+03 7.154977502601942660e+02 2.780403026754620655e+01 8.505669333519393083e-02 -1.451765020029630193e+01
1.272000000000000000e+03 7.134316473429284997e+02 2.788370443538077126e+01 8.498639869874298480e-02 -1.514985437455289308e+01
1.273000000000000000e+03 7.114199649983484051e+02 2.796009383970709195e+01 8.491652243919721454e-02 -1.578637654586980332e+01
1.274000000000000000e+03 7.094617210658589102e+02 2.803321644614657870e+01 8.484707637204662312e-02 -1.642705897291784822e+01
1.275000000000000000e+03 7.075641093017444518e+02 2.810308998340514819e+01 8.477807202855359991e-02 -1.707152154751974749e+01
1.276000000000000000e+03 7.057246713400031695e+02 2.816958337274216362e+01 8.470952065412733212e-02 -1.771953319003454652e+01
1.277000000000000000e+03 7.039431820507365956e+02 2.823278814205483656e+01 8.464143320696695949e-02 -1.837078897649661258e+01
1.278000000000000000e+03 7.022194210298401913e+02 2.829257272153528291e+01 8.457382035698089717e-02 -1.902491011604484328e+01
1.279000000000000000e+03 7.005531725907635519e+02 2.834887957445476658e+01 8.450669248487829854e-02 -1.968174106215368724e+01
1.280000000000000000e+03 6.989449685885286954e+02 2.840187376104722006e+01 8.444005968148388108e-02 -2.034090378864009807e+01
1.281000000000000000e+03 6.973946027361429287e+02 2.845127438397140196e+01 8.437393174726777467e-02 -2.100216918400890265e+01
1.282000000000000000e+03 6.959018734237996568e+02 2.849724598743420145e+01 8.430831819200156063e-02 -2.166515989409674603e+01
1.283000000000000000e+03 6.944665837010087444e+02 2.853973000287161099e+01 8.424322823456882603e-02 -2.232964743256787798e+01
1.284000000000000000e+03 6.930885412569282380e+02 2.857859331326988084e+01 8.417867080287680381e-02 -2.299525502323299619e+01
1.285000000000000000e+03 6.917683012341636868e+02 2.861392538460602353e+01 8.411465453387977076e-02 -2.366175471024272170e+01
1.286000000000000000e+03 6.905049377011429215e+02 2.864566684588239909e+01 8.405118777367341643e-02 -2.432884448363030216e+01
1.287000000000000000e+03 6.892990149685788310e+02 2.867390662080222441e+01 8.398827857761306803e-02 -2.499622253874347422e+01
1.288000000000000000e+03 6.881496162248625978e+02 2.869851050804290793e+01 8.392593471049050735e-02 -2.566351296856321440e+01
1.289000000000000000e+03 6.870565720159797820e+02 2.871956688017909443e+01 8.386416364670562507e-02 -2.633041430643519121e+01
1.290000000000000000e+03 6.860212030549229212e+02 2.873708954770468083e+01 8.380297257046347148e-02 -2.699669950171480082e+01
1.291000000000000000e+03 6.850418631856682623e+02 2.875101775719069153e+01 8.374236837587685500e-02 -2.766199304483708232e+01
1.292000000000000000e+03 6.841183963673621520e+02 2.876143904007776442e+01 8.368235766709655743e-02 -2.832606807685048267e+01
1.293000000000000000e+03 6.832506509783821684e+02 2.876836636058283858e+01 8.362294675835171831e-02 -2.898847494738887676e+01
1.294000000000000000e+03 6.824392226256837830e+02 2.877166383074110811e+01 8.356414167392769987e-02 -2.964913545815097251e+01
1.295000000000000000e+03 6.816817399443375507e+02 2.877141812659476727e+01 8.350594814807492383e-02 -3.030760000332445969e+01
1.296000000000000000e+03 6.809795500878614121e+02 2.876764135299237068e+01 8.344837162480285564e-02 -3.096364181305936469e+01
1.297000000000000000e+03 6.803310331886323183e+02 2.876027104253237354e+01 8.339141725761813062e-02 -3.161695979493036290e+01
1.298000000000000000e+03 6.797368021792992749e+02 2.874939300514939333e+01 8.333508990912212588e-02 -3.226725279294534943e+01
1.299000000000000000e+03 6.791952457595143642e+02 2.873486990981673728e+01 8.327939415052747207e-02 -3.291429384660235513e+01
1.300000000000000000e+03 6.787062425486129769e+02 2.871686126841584752e+01 8.322433426104884624e-02 -3.355770731599955070e+01
1.301000000000000000e+03 6.782696994200659901e+02 2.869522815994819354e+01 8.316991422719824389e-02 -3.419734440226064009e+01
1.302000000000000000e+03 6.778848807241611212e+02 2.867019875991252675e+01 8.311613774197647297e-02 -3.483277552045780112e+01
1.303000000000000000e+03 6.775510790237457286e+02 2.864162852681912952e+01 8.306300820396110562e-02 -3.546394644537403451e+01
1.304000000000000000e+03 6.772675910480613766e+02 2.860952119387005155e+01 8.301052871627571939e-02 -3.609043132527384046e+01
1.305000000000000000e+03 6.770359461784283894e+02 2.857402876900299304e+01 8.295870208549946390e-02 -3.671210120957304923e+01
1.306000000000000000e+03 6.768532209140463465e+02 2.853508011756160201e+01 8.290753082050004996e-02 -3.732860404061595716e+01
1.307000000000000000e+03 6.767202100386028860e+02 2.849267809662677919e+01 8.285701713115425915e-02 -3.793973604764296681e+01
1.308000000000000000e+03 6.766362267566198625e+02 2.844689955547645610e+01 8.280716292706385984e-02 -3.854529315641389076e+01
1.309000000000000000e+03 6.766005883450714009e+02 2.839767248567551050e+01 8.275796981619322479e-02 -3.914499668251939113e+01
1.310000000000000000e+03 6.766118732998265841e+02 2.834507315582044384e+01 8.270943910349251582e-02 -3.973849330839249916e+01
1.311000000000000000e+03 6.766708926569524465e+02 2.828910326190306179e+01 8.266157178949556927e-02 -4.032572647804175148e+01
1.312000000000000000e+03 6.767762329633294485e+02 2.822976421181946094e+01 8.261436856894376068e-02 -4.090634210647211688e+01
1.313000000000000000e+03 6.769272275968987742e+02 2.816705712651119953e+01 8.256782982941963944e-02 -4.148005997486942675e+01
1.314000000000000000e+03 6.771232139109772561e+02 2.810105712474212325e+01 8.252195565000866595e-02 -4.204682227551830920e+01
1.315000000000000000e+03 6.773635332125948025e+02 2.803183904100228219e+01 8.247674580003797051e-02 -4.260619932194607884e+01
1.316000000000000000e+03 6.776475307396337939e+02 2.795932886003989282e+01 8.243219973789182864e-02 -4.315813236237178785e+01
1.317000000000000000e+03 6.779745556365694483e+02 2.788374941954240427e+01 8.238831660991328965e-02 -4.370241357388154313e+01
1.318000000000000000e+03 6.783439609286115228e+02 2.780495186040741373e+01 8.234509524944894077e-02 -4.423876032490111498e+01
1.319000000000000000e+03 6.787551034940519230e+02 2.772315846368682912e+01 8.230253417602002852e-02 -4.476696372145595149e+01
1.320000000000000000e+03 6.792066011995949566e+02 2.763829410110740525e+01 8.226063159462884689e-02 -4.528688858671859663e+01
1.321000000000000000e+03 6.796985613736117102e+02 2.755043193825063241e+01 8.221938539528840517e-02 -4.579825059034784829e+01
1.322000000000000000e+03 6.802303522668812548e+02 2.745964486983259434e+01 8.217879315272261231e-02 -4.630091336265106605e+01
1.323000000000000000e+03 6.807998601808494641e+02 2.736593123860429344e+01 8.213885212625651744e-02 -4.679466562454072687e+01
1.324000000000000000e+03 6.814072036033401218e+02 2.726936340487506172e+01 8.209955925998607684e-02 -4.727929545181831372e+01
1.325000000000000000e+03 6.820510189911675525e+02 2.716986489863716514e+01 8.206091118316631572e-02 -4.775459025627838372e+01
1.326000000000000000e+03 6.827306892299612855e+02 2.706758183982165633e+01 8.202290421085563221e-02 -4.822041105064243993e+01
1.327000000000000000e+03 6.834456007507807271e+02 2.696251152363838344e+01 8.198553434484541491e-02 -4.867661814681991928e+01
1.328000000000000000e+03 6.841944006435069241e+02 2.685465099054018623e+01 8.194879727489885746e-02 -4.912292257100287429e+01
1.329000000000000000e+03 6.849757394369721624e+02 2.674414559629164145e+01 8.191268838022044974e-02 -4.955918318011585910e+01
1.330000000000000000e+03 6.857897567107264649e+02 2.663099188112492044e+01 8.187720273132795268e-02 -4.998533236109715006e+01
1.331000000000000000e+03 6.866351096932063456e+02 2.651526042351291323e+01 8.184233509215699254e-02 -5.040115316352238040e+01
1.332000000000000000e+03 6.875097160315448264e+02 2.639694727652747375e+01 8.180807992251866445e-02 -5.080650213359365353e+01
1.333000000000000000e+03 6.884144678979765786e+02 2.627612253830270816e+01 8.177443138089644792e-02 -5.120123501447260139e+01
1.334000000000000000e+03 6.893472892374121557e+02 2.615293035558618584e+01 8.174138332754719849e-02 -5.158513244697002165e+01
1.335000000000000000e+03 6.903068498668528719e+02 2.602729179337076815e+01 8.170892932793338836e-02 -5.195804852110255467e+01
1.336000000000000000e+03 6.912933082312557644e+02 2.589935053963975520e+01 8.167706265650055697e-02 -5.231998504450942988e+01
1.337000000000000000e+03 6.923045971458616350e+02 2.576910149167072817e+01 8.164577630074533465e-02 -5.267072011021922862e+01
1.338000000000000000e+03 6.933408807204829145e+02 2.563668789394574787e+01 8.161506296566059526e-02 -5.301017949980965938e+01
1.339000000000000000e+03 6.944000972602758566e+02 2.550202992462100937e+01 8.158491507842792478e-02 -5.333813953541525876e+01
1.340000000000000000e+03 6.954809305136575404e+02 2.536534468410618004e+01 8.155532479344770880e-02 -5.365459848363132522e+01
1.341000000000000000e+03 6.965835524121752087e+02 2.522647764768140632e+01 8.152628399767704315e-02 -5.395940512476885687e+01
1.342000000000000000e+03 6.977059087973985925e+02 2.508571978824017989e+01 8.149778431621125530e-02 -5.425233302350375197e+01
1.343000000000000000e+03 6.988474334953981497e+02 2.494291617854833021e+01 8.146981711818582217e-02 -5.453345193391812273e+01
1.344000000000000000e+03 7.000060768735107786e+02 2.479828311413253061e+01 8.144237352290280285e-02 -5.480253351939444428e+01
1.345000000000000000e+03 7.011820199100319542e+02 2.465173956618890116e+01 8.141544440620798739e-02 -5.505949704193307070e+01
1.346000000000000000e+03 7.023732170765366618e+02 2.450342717059985986e+01 8.138902040708818897e-02 -5.530426078384176947e+01
1.347000000000000000e+03 7.035791104035904482e+02 2.435333881498761954e+01 8.136309193448690302e-02 -5.553674203682539456e+01
1.348000000000000000e+03 7.047976580295708118e+02 2.420154149385260567e+01 8.133764917432022290e-02 -5.575678280797213660e+01
1.349000000000000000e+03 7.060290482632776730e+02 2.404817631326768890e+01 8.131268209661163260e-02 -5.596429837665009899e+01
1.350000000000000000e+03 7.072712424600678105e+02 2.389330992862910108e+01 8.128818046285976595e-02 -5.615942585181042546e+01
1.351000000000000000e+03 7.085237124140974174e+02 2.373693304107533919e+01 8.126413383342187546e-02 -5.634207633275391203e+01
1.352000000000000000e+03 7.097852817332411632e+02 2.357917872767745848e+01 8.124053157513683177e-02 -5.651215136398074179e+01
1.353000000000000000e+03 7.110570270679120313e+02 2.342002983755325118e+01 8.121736286891237389e-02 -5.666969788052031731e+01
1.354000000000000000e+03 7.123303693027410191e+02 2.325976620626746438e+01 8.119461671746965037e-02 -5.681468747831802091e+01
1.355000000000000000e+03 7.136160440064298882e+02 2.309822182584916206e+01 8.117228195308745509e-02 -5.694701640663043207e+01
1.356000000000000000e+03 7.149069595646138850e+02 2.293560196841459842e+01 8.115034724536980548e-02 -5.706672841136075647e+01
1.357000000000000000e+03 7.162034534552914238e+02 2.277196320679669128e+01 8.112880110903930575e-02 -5.717379187781710925e+01
1.358000000000000000e+03 7.175058637838432105e+02 2.260721341974235798e+01 8.110763191167574826e-02 -5.726809982442031810e+01
1.359000000000000000e+03 7.188071008189548365e+02 2.244155749817364409e+01 8.108682788147075771e-02 -5.734976703086902461e+01
1.360000000000000000e+03 7.201075035804027493e+02 2.227505164946649074e+01 8.106637711485704945e-02 -5.741861004822881398e+01
1.361000000000000000e+03 7.214074113773936006e+02 2.210767768629304442e+01 8.104626758412943055e-02 -5.747466717851312978e+01
1.362000000000000000e+03 7.227145920488931097e+02 2.193949159901129775e+01 8.102648714492532989e-02 -5.751797561970002448e+01
1.363000000000000000e+03 7.240145284543646085e+02 2.177062356109292551e+01 8.100702354363498170e-02 -5.754842289471730510e+01
1.364000000000000000e+03 7.253149884688222073e+02 2.160105508408554087e+01 8.098786442466854307e-02 -5.756611826541532650e+01
1.365000000000000000e+03 7.266163114773401048e+02 2.143091615713275644e+01 8.096899733758579354e-02 -5.757109559549157041e+01
1.366000000000000000e+03 7.279039799223959335e+02 2.126026240201554884e+01 8.095040974406447765e-02 -5.756331334790384346e+01
1.367000000000000000e+03 7.291931893051537372e+02 2.108914936224079284e+01 8.093208902475218514e-02 -5.754280314977099664e+01
1.368000000000000000e+03 7.304768496357843333e+02 2.091755822516037000e+01 8.091402248590984225e-02 -5.750959550725210789e+01
1.369000000000000000e+03 7.317478703886471294e+02 2.074569296163662813e+01 8.089619736589299948e-02 -5.746371980441772109e+01
1.370000000000000000e+03 7.330214454598904013e+02 2.057360891421738103e+01 8.087860084145161166e-02 -5.740527858611630307e+01
1.371000000000000000e+03 7.342756262747674327e+02 2.040121280285365657e+01 8.086122003384252355e-02 -5.733429899082835846e+01
1.372000000000000000e+03 7.355256052019384470e+02 2.022878271516329463e+01 8.084404201472139562e-02 -5.725080703452606201e+01
1.373000000000000000e+03 7.367642886657686176e+02 2.005622527717835624e+01 8.082705381188494409e-02 -5.715490189503257312e+01
1.374000000000000000e+03 7.379920104641131502e+02 1.988366992716179027e+01 8.081024241480627701e-02 -5.704668162987789515e+01
1.375000000000000000e+03 7.392016749870659851e+02 1.971117178741631193e+01 8.079359477995921857e-02 -5.692616889465743668e+01
1.376000000000000000e+03 7.404010421893783587e+02 1.953886023712810527e+01 8.077709783596700999e-02 -5.679338522889910479e+01
1.377000000000000000e+03 7.415904424637474222e+02 1.936664178421323257e+01 8.076073848856679671e-02 -5.664849962593655874e+01
1.378000000000000000e+03 7.427627765671517182e+02 1.919472005570670703e+01 8.074450362540255832e-02 -5.649153140227127068e+01
1.379000000000000000e+03 7.439183722499025180e+02 1.902307581912941004e+01 8.072838012061160640e-02 -5.632257305195496144e+01
1.380000000000000000e+03 7.450501274858179386e+02 1.885183840589516180e+01 8.071235483928274057e-02 -5.614156740045899596e+01
1.381000000000000000e+03 7.461732238059120164e+02 1.868091429970046846e+01 8.069641464175110468e-02 -5.594875331056636014e+01
1.382000000000000000e+03 7.472731277812359849e+02 1.851050712694916456e+01 8.068054638773582143e-02 -5.574407141972683633e+01
1.383000000000000000e+03 7.483501610607454495e+02 1.834059767814417796e+01 8.066473694034875797e-02 -5.552760984694251079e+01
1.384000000000000000e+03 7.494046436088146947e+02 1.817124104780614857e+01 8.064897316999468380e-02 -5.529952991562788611e+01
1.385000000000000000e+03 7.504443219950059074e+02 1.800256664037844700e+01 8.063324195813725837e-02 -5.505999187695869068e+01
1.386000000000000000e+03 7.514620842842077764e+02 1.783462960912061845e+01 8.061753020098597067e-02 -5.480922920070982229e+01
1.387000000000000000e+03 7.524508166792410293e+02 1.766748514549979632e+01 8.060182481311144176e-02 -5.454725144906058887e+01
1.388000000000000000e+03 7.534182601645391060e+02 1.750118848506694391e+01 8.058611273096995264e-02 -5.427436426940191438e+01
1.389000000000000000e+03 7.543572970492506329e+02 1.733579491331738254e+01 8.057038091639361077e-02 -5.399064941857719191e+01
1.390000000000000000e+03 7.552756643131206147e+02 1.717143405503489362e+01 8.055461636003760639e-02 -5.369626190611373318e+01
1.391000000000000000e+03 7.561662401510031941e+02 1.700808702960378938e+01 8.053880608479736802e-02 -5.339143000390013327e+01
1.392000000000000000e+03 7.570293289696143120e+02 1.684588359081318387e+01 8.052293714922192924e-02 -5.307615812230322661e+01
1.393000000000000000e+03 7.578726613338877769e+02 1.668480499861274069e+01 8.050699665095158164e-02 -5.275067252175184507e+01
1.394000000000000000e+03 7.586816805125553174e+02 1.652490687535425451e+01 8.049097173013282369e-02 -5.241504990622748750e+01
1.395000000000000000e+03 7.594566841760749867e+02 1.636631921149075097e+01 8.047484957290905461e-02 -5.206951456870380923e+01
1.396000000000000000e+03 7.602053959930435667e+02 1.620894923722734760e+01 8.045861741494840513e-02 -5.171406698548153003e+01
1.397000000000000000e+03 7.609281088762394347e+02 1.605300141265837155e+01 8.044226254499038664e-02 -5.134900381296269245e+01
1.398000000000000000e+03 7.616102565786979994e+02 1.589845744882471301e+01 8.042577230852569758e-02 -5.097432363228794117e+01
1.399000000000000000e+03 7.622669837412364586e+02 1.574537344725105825e+01 8.040913411151036361e-02 -5.059039551390761602e+01
1.400000000000000000e+03 7.628837190361074363e+02 1.559380562191973851e+01 8.039233542416909795e-02 -5.019736476299250683e+01
1.401000000000000000e+03 7.634756045412511867e+02 1.544380974578335319e+01 8.037536378492285416e-02 -4.979544429928124316e+01
1.402000000000000000e+03 7.640280767641321518e+02 1.529543947940100779e+01 8.035820680442097574e-02 -4.938467451684117293e+01
1.403000000000000000e+03 7.645488571566322662e+02 1.514867376947042388e+01 8.034085216963408882e-02 -4.896538630350120513e+01
1.404000000000000000e+03 7.650382360307264662e+02 1.500364026348766622e+01 8.032328764813549682e-02 -4.853768683916356252e+01
1.405000000000000000e+03 7.654890725016592796e+02 1.486039246441654704e+01 8.030550109242808043e-02 -4.810168246150860227e+01
1.406000000000000000e+03 7.659016511310987880e+02 1.471898401929944988e+01 8.028748044445455090e-02 -4.765755296501837535e+01
1.407000000000000000e+03 7.662762535190466906e+02 1.457932015728954589e+01 8.026921374018798627e-02 -4.720555161681199507e+01
1.408000000000000000e+03 7.666205865957898595e+02 1.444160339562922601e+01 8.025068911436104846e-02 -4.674570803877531944e+01
1.409000000000000000e+03 7.669200691621997521e+02 1.430573927651728106e+01 8.023189480531124629e-02 -4.627827392501038872e+01
1.410000000000000000e+03 7.671898302824448592e+02 1.417185635643487629e+01 8.021281915992520273e-02 -4.580342592454482542e+01
1.411000000000000000e+03 7.674152824226970324e+02 1.403993479336051209e+01 8.019345063872244939e-02 -4.532126565832687959e+01
1.412000000000000000e+03 7.676041198434259059e+02 1.391010348542429931e+01 8.017377782101138550e-02 -4.483211687049647054e+01
1.413000000000000000e+03 7.677491767886328944e+02 1.378234294145682526e+01 8.015378941016916559e-02 -4.433600546138572440e+01
1.414000000000000000e+03 7.678581408273953457e+02 1.365670813596824296e+01 8.013347423900064881e-02 -4.383340234030969640e+01
1.415000000000000000e+03 7.679238393935959266e+02 1.353317994652554823e+01 8.011282127515166607e-02 -4.332433204154089879e+01
1.416000000000000000e+03 7.679539531279713174e+02 1.341188800855132079e+01 8.009181962663422527e-02 -4.280911557756897423e+01
1.417000000000000000e+03 7.679413024186292205e+02 1.329281358551220826e+01 8.007045854735615753e-02 -4.228792475654175576e+01
1.418000000000000000e+03 7.678935607441836737e+02 1.317601242353053159e+01 8.004872744275327856e-02 -4.176107933494447622e+01
1.419000000000000000e+03 7.678035412156683606e+02 1.306154047189012068e+01 8.002661587537127086e-02 -4.122860133545881212e+01
1.420000000000000000e+03 7.676714815711399069e+02 1.294937960344485006e+01 8.000411357055059458e-02 -4.069088361755633798e+01
1.421000000000000000e+03 7.674976157703948729e+02 1.283958618543625896e+01 7.998121042202455122e-02 -4.014809562873855953e+01
1.422000000000000000e+03 7.672821739412158877e+02 1.273221679970391484e+01 7.995789649756183948e-02 -3.960033199098330670e+01
1.423000000000000000e+03 7.670328106773220043e+02 1.262717967929251195e+01 7.993416204455613960e-02 -3.904790965437020134e+01
1.424000000000000000e+03 7.667348915866980406e+02 1.252468041297722046e+01 7.990999749555005582e-02 -3.849092221584773910e+01
1.425000000000000000e+03 7.663960633442227390e+02 1.242462768065131407e+01 7.988539347370436638e-02 -3.792968564019000155e+01
1.426000000000000000e+03 7.660165402437672810e+02 1.232707895764526818e+01 7.986034079819118170e-02 -3.736444114608097067e+01
1.427000000000000000e+03 7.655891041534314354e+02 1.223201766741907903e+01 7.983483048948389338e-02 -3.679528094285210216e+01
1.428000000000000000e+03 7.651213895238295208e+02 1.213950175166216994e+01 7.980885377450123996e-02 -3.622244538487157683e+01
1.429000000000000000e+03 7.646135982973319187e+02 1.204951510627770617e+01 7.978240209164208507e-02 -3.564632299205575805e+01
1.430000000000000000e+03 7.640659282209142020e+02 1.196211615127077010e+01 7.975546709570226211e-02 -3.506693048598940976e+01
1.431000000000000000e+03 7.634711444612551077e+02 1.187736355002251365e+01 7.972804066254417232e-02 -3.448465564570766162e+01
1.432000000000000000e+03 7.628368646237156554e+02 1.179524192845726915e+01 7.970011489364783874e-02 -3.389958877704363971e+01
1.433000000000000000e+03 7.621558453225757148e+02 1.171573616110723570e+01 7.967168212043776454e-02 -3.331204271812278250e+01
1.434000000000000000e+03 7.614356955563866904e+02 1.163883137356690689e+01 7.964273490844653303e-02 -3.272218144292743602e+01
1.435000000000000000e+03 7.606691632845472668e+02 1.156466151184455171e+01 7.961326606115375071e-02 -3.213031721647797667e+01
1.436000000000000000e+03 7.598638488091866066e+02 1.149313792708777271e+01 7.958326862370052046e-02 -3.153661348208130377e+01
1.437000000000000000e+03 7.590124913584344313e+02 1.142424651172304984e+01 7.955273588631339710e-02 -3.094138201668055288e+01
1.438000000000000000e+03 7.581152541248903844e+02 1.135812198497905712e+01 7.952166138743589630e-02 -3.034471153475662319e+01
1.439000000000000000e+03 7.571797242568432011e+02 1.129475076078845142e+01 7.949003891666509003e-02 -2.974698769432770362e+01
1.440000000000000000e+03 7.562060561525235016e+02 1.123404523309303471e+01 7.945786251736922101e-02 -2.914829885047225844e+01
1.441000000000000000e+03 7.551869714584136091e+02 1.117606662804459638e+01 7.942512648904391515e-02 -2.854895606144386022e+01
1.442000000000000000e+03 7.541226157716204170e+02 1.112080215508125036e+01 7.939182538937711309e-02 -2.794912169280309655e+01
1.443000000000000000e+03 7.530131302950537702e+02 1.106823929190410816e+01 7.935795403605012954e-02 -2.734903228960957478e+01
1.444000000000000000e+03 7.518660801966402687e+02 1.101844006934413578e+01 7.932350750823370655e-02 -2.674899859813892178e+01
1.445000000000000000e+03 7.506741695710344402e+02 1.097139250561154356e+01 7.928848114777609091e-02 -2.614910845361509217e+01
1.446000000000000000e+03 7.494375265062791414e+02 1.092708489094248137e+01 7.925287056015237197e-02 -2.554959821948228438e+01
1.447000000000000000e+03 7.481637031031031029e+02 1.088550578863293872e+01 7.921667161508838539e-02 -2.495085280917393078e+01
1.448000000000000000e+03 7.468453904467777420e+02 1.084664403596207727e+01 7.917988044693198557e-02 -2.435288572336538948e+01
1.449000000000000000e+03 7.454827036836951493e+02 1.081056302850742767e+01 7.914249345471058295e-02 -2.375615619026450176e+01
1.450000000000000000e+03 7.440831820503192375e+02 1.077717787033912877e+01 7.910450730195195401e-02 -2.316075206883150628e+01
1.451000000000000000e+03 7.426469145896929831e+02 1.074655328408382005e+01 7.906591891623901414e-02 -2.256698025524492834e+01
1.452000000000000000e+03 7.411664873414279100e+02 1.071860880378371661e+01 7.902672548848846401e-02 -2.197505792075022413e+01
1.453000000000000000e+03 7.396418929246726748e+02 1.069341358288464505e+01 7.898692447200451883e-02 -2.138519846663970725e+01
1.454000000000000000e+03 7.380805481932923158e+02 1.067096276852133663e+01 7.894651358127384444e-02 -2.079761542912397942e+01
1.455000000000000000e+03 7.364824375780676746e+02 1.065117750166140809e+01 7.890549079057761206e-02 -2.021244821736213026e+01
1.456000000000000000e+03 7.348475414819631624e+02 1.063412776764469037e+01 7.886385433237226572e-02 -1.962983641842547655e+01
1.457000000000000000e+03 7.331758363273052055e+02 1.061980954559510870e+01 7.882160269544986886e-02 -1.905006838568209915e+01
1.458000000000000000e+03 7.314598662547078902e+02 1.060807052472485523e+01 7.877873462296798579e-02 -1.847328412607480175e+01
1.459000000000000000e+03 7.297070282248297417e+02 1.059905580504324440e+01 7.873524911026433259e-02 -1.789962388831212081e+01
1.460000000000000000e+03 7.279172870202941112e+02 1.059276219592245383e+01 7.869114540256352819e-02 -1.732937675094688501e+01
1.461000000000000000e+03 7.260906036501041854e+02 1.058903821556503821e+01 7.864642299250930446e-02 -1.676260922581453983e+01
1.462000000000000000e+03 7.242269354051323944e+02 1.058795550787053763e+01 7.860108161760025192e-02 -1.619961097986537979e+01
1.463000000000000000e+03 7.223262359147679490e+02 1.058951170766600569e+01 7.855512125751280827e-02 -1.564052343832531022e+01
1.464000000000000000e+03 7.203884552045582268e+02 1.059363043983292840e+01 7.850854213133963422e-02 -1.508548837221913530e+01
1.465000000000000000e+03 7.184135397546809827e+02 1.060038416882787971e+01 7.846134469474513873e-02 -1.453464791872344541e+01
1.466000000000000000e+03 7.164088609093405466e+02 1.060969706357191455e+01 7.841352963711342716e-02 -1.398836745185066022e+01
1.467000000000000000e+03 7.143669298856881369e+02 1.062149356324125549e+01 7.836509787857612319e-02 -1.344664133441872167e+01
1.468000000000000000e+03 7.122951112348704328e+02 1.063592122644672777e+01 7.831605056708632051e-02 -1.290976148936561074e+01
1.469000000000000000e+03 7.101859095013196566e+02 1.065275646177215840e+01 7.826638907545145629e-02 -1.237787171831834954e+01
1.470000000000000000e+03 7.080392543339052054e+02 1.067214736124433472e+01 7.821611499837240189e-02 -1.185104200446085976e+01
1.471000000000000000e+03 7.058699288965777896e+02 1.069394514714228706e+01 7.816523014950889359e-02 -1.132956566568044998e+01
1.472000000000000000e+03 7.036629998271465638e+02 1.071822415473367940e+01 7.811373655856200526e-02 -1.081351367245024520e+01
1.473000000000000000e+03 7.014183873988365576e+02 1.074483612936616694e+01 7.806163646843225501e-02 -1.030310608399004835e+01
1.474000000000000000e+03 6.991508655800416818e+02 1.077393020897918952e+01 7.800893233238465063e-02 -9.798489216148349001e+00
1.475000000000000000e+03 6.968454919921921373e+02 1.080528437046417345e+01 7.795562681131794347e-02 -9.299884226528419617e+00
1.476000000000000000e+03 6.945170347706721259e+02 1.083904826246129183e+01 7.790172277107453025e-02 -8.807289998321630620e+00
1.477000000000000000e+03 6.921579741714848524e+02 1.087507465149841579e+01 7.784722327985378609e-02 -8.321003142381403705e+00
1.478000000000000000e+03 6.897682160301218346e+02 1.091329083705556080e+01 7.779213160570043473e-02 -7.841098029966605765e+00
1.479000000000000000e+03 6.873550918188576588e+02 1.095384721601316258e+01 7.773645121407100900e-02 -7.367709087007756175e+00
1.480000000000000000e+03 6.849110736527042036e+02 1.099652301196763027e+01 7.768018576553596677e-02 -6.901023382401175965e+00
1.481000000000000000e+03 6.824434877465193949e+02 1.104146910748525734e+01 7.762333911352879701e-02 -6.441169219079489139e+00
1.482000000000000000e+03 6.799448010695266476e+02 1.108846520620054932e+01 7.756591530221924879e-02 -5.988283005160396577e+00
1.483000000000000000e+03 6.774223348012661745e+02 1.113758838135775520e+01 7.750791856449876227e-02 -5.542472127857035247e+00
1.484000000000000000e+03 6.748834076855063131e+02 1.118876737171191316e+01 7.744935332000710271e-02 -5.103874395599917513e+00
1.485000000000000000e+03 6.723130510334102610e+02 1.124200542885078313e+01 7.739022417332062920e-02 -4.672613482907198801e+00
1.486000000000000000e+03 6.697260072287543835e+02 1.129715746340170313e+01 7.733053591218697065e-02 -4.248798945002119964e+00
1.487000000000000000e+03 6.671073029790155715e+02 1.135430145915996292e+01 7.727029350586653300e-02 -3.832578230522224239e+00
1.488000000000000000e+03 6.644716761701452015e+02 1.141336705209540270e+01 7.720950210351661125e-02 -3.424054983558721066e+00
1.489000000000000000e+03 6.618190058176102184e+02 1.147428409378142611e+01 7.714816703269444798e-02 -3.023348483980178525e+00
1.490000000000000000e+03 6.591380262939115937e+02 1.153705693122841502e+01 7.708629379787593217e-02 -2.630558747333039182e+00
1.491000000000000000e+03 6.564397549570519459e+02 1.160154155261585096e+01 7.702388807906704327e-02 -2.245788079824790451e+00
1.492000000000000000e+03 6.537225789567477250e+02 1.166781700095529395e+01 7.696095573039234139e-02 -1.869141090708187125e+00
1.493000000000000000e+03 6.509871119874688929e+02 1.173581395264116622e+01 7.689750277881061968e-02 -1.500732132628919580e+00
1.494000000000000000e+03 6.482332230011359115e+02 1.180538899693166321e+01 7.683353542275973835e-02 -1.140659314007116620e+00
1.495000000000000000e+03 6.454622647653627610e+02 1.187662176585440932e+01 7.676906003083817931e-02 -7.890245667975338550e-01
1.496000000000000000e+03 6.426748454120310043e+02 1.194944351250921954e+01 7.670408314048689224e-02 -4.459158292677288249e-01
1.497000000000000000e+03 6.398723141615844270e+02 1.202371139030777414e+01 7.663861145664195573e-02 -1.113847713683949886e-01
1.498000000000000000e+03 6.370545328729092489e+02 1.209950558264516118e+01 7.657265185034342614e-02 2.144863400933210984e-01
1.499000000000000000e+03 6.342228474392073849e+02 1.217668359747321993e+01 7.650621135729651634e-02 5.316292019359216692e-01
1.500000000000000000e+03 6.313778593396244787e+02 1.225525168033067125e+01 7.643929717637575061e-02 8.399671803365631462e-01
1.501000000000000000e+03 6.285201490065998087e+02 1.233514325377385212e+01 7.637191666805086265e-02 1.139421589218785558e+00
1.502000000000000000e+03 6.256517029785453587e+02 1.241629707972935925e+01 7.630407735269657821e-02 1.429930543444794866e+00
1.503000000000000000e+03 6.227715155260473239e+02 1.249872765485118364e+01 7.623578690882829023e-02 1.711415232516542151e+00
1.504000000000000000e+03 6.198808080838831529e+02 1.258230106078497279e+01 7.616705317120556207e-02 1.983840480935644690e+00
1.505000000000000000e+03 6.169808008087767348e+02 1.266710637688329832e+01 7.609788412878573660e-02 2.247140457515584888e+00
1.506000000000000000e+03 6.140712269736557118e+02 1.275293569083582312e+01 7.602828792255648949e-02 2.501255810355588860e+00
1.507000000000000000e+03 6.111525615385749006e+02 1.283987836178452824e+01 7.595827284320064154e-02 2.746126232121165245e+00
1.508000000000000000e+03 6.082260212181629413e+02 1.292787531435411807e+01 7.588784732859840676e-02 2.981675597382544840e+00
1.509000000000000000e+03 6.052920788806584369e+02 1.301679331715277321e+01 7.581701996115595976e-02 3.207953095716692626e+00
1.510000000000000000e+03 6.023512064536995467e+02 1.310664782823340957e+01 7.574579946493445459e-02 3.424776665750712379e+00
1.511000000000000000e+03 5.994038749967851345e+02 1.319738013949803168e+01 7.567419470260183800e-02 3.632260403292993711e+00
1.512000000000000000e+03 5.964527832805222261e+02 1.328900593857527213e+01 7.560221467219109537e-02 3.830368855989373600e+00
1.513000000000000000e+03 5.934969151823063385e+02 1.338139245314876113e+01 7.552986850363016536e-02 4.019139869909359675e+00
1.514000000000000000e+03 5.905382252791222299e+02 1.347448129626634383e+01 7.545716545509391360e-02 4.198461735524550598e+00
1.515000000000000000e+03 5.875779247516647956e+02 1.356836274461267777e+01 7.538411490912093338e-02 4.368444602113930486e+00
1.516000000000000000e+03 5.846157386301913448e+02 1.366290431573771791e+01 7.531072636854527214e-02 4.528974774048212026e+00
1.517000000000000000e+03 5.816528772170793218e+02 1.375804789678108264e+01 7.523700945217534630e-02 4.680086126007813263e+00
1.518000000000000000e+03 5.786905505007529200e+02 1.385373545565966147e+01 7.516297389032497445e-02 4.821811534089095908e+00
1.519000000000000000e+03 5.757284825710507903e+02 1.394998331923843971e+01 7.508862952008184266e-02 4.954182874321031882e+00
1.520000000000000000e+03 5.727678830461022699e+02 1.404665931747183727e+01 7.501398628041781869e-02 5.077082454581780979e+00
1.521000000000000000e+03 5.698092186552852354e+02 1.414377991204541374e+01 7.493905420707325238e-02 5.190614431437436949e+00
1.522000000000000000e+03 5.668529561634338734e+02 1.424136162398765748e+01 7.486384342727993302e-02 5.294807675862393204e+00
1.523000000000000000e+03 5.638995624610511186e+02 1.433919817776670591e+01 7.478836415428477546e-02 5.389541489870992130e+00
1.524000000000000000e+03 5.609502474904463725e+02 1.443730619689899974e+01 7.471262668172902466e-02 5.474917024567477419e+00
1.525000000000000000e+03 5.580054786675648302e+02 1.453562806452477396e+01 7.463664137782143049e-02 5.550960147076425599e+00
1.526000000000000000e+03 5.550664666445295552e+02 1.463418048499222834e+01 7.456041867943839774e-02 5.617695725387987338e+00
1.527000000000000000e+03 5.521329368975284524e+02 1.473290591142765393e+01 7.448396908604540401e-02 5.675221913605085433e+00
1.528000000000000000e+03 5.492061011601757627e+02 1.483167254030847282e+01 7.440730315349658452e-02 5.723487303582020402e+00
1.529000000000000000e+03 5.462871718468691142e+02 1.493049715654367837e+01 7.433043148777615516e-02 5.762662344983842999e+00
1.530000000000000000e+03 5.433758764761130351e+02 1.502932227754116212e+01 7.425336473860832953e-02 5.792619363715781233e+00
1.531000000000000000e+03 5.404734291037940466e+02 1.512809043128887332e+01 7.417611359304045193e-02 5.813452549787185397e+00
1.532000000000000000e+03 5.375795590758776825e+02 1.522681843444169303e+01 7.409868876894076806e-02 5.825255110548964943e+00
1.533000000000000000e+03 5.346962252957789588e+02 1.532530025290343723e+01 7.402110100848773022e-02 5.828044991333706015e+00
1.534000000000000000e+03 5.318231593057292912e+02 1.542362698094578910e+01 7.394336107163636262e-02 5.821913447000033770e+00
1.535000000000000000e+03 5.289608367174889736e+02 1.552174113480605477e+01 7.386547972959052466e-02 5.806876479862326690e+00
1.536000000000000000e+03 5.261104773018851120e+02 1.561951093081551889e+01 7.378746775830873073e-02 5.782949128522254512e+00
1.537000000000000000e+03 5.232710737370020979e+02 1.571687884704523341e+01 7.370933593203538026e-02 5.750219757093082862e+00
1.538000000000000000e+03 5.204453343752611545e+02 1.581393590146599770e+01 7.363109501691299241e-02 5.708775777810100038e+00
1.539000000000000000e+03 5.176329978135039482e+02 1.591047594560933831e+01 7.355275576465272747e-02 5.658703657532982767e+00
1.540000000000000000e+03 5.148345471517002352e+02 1.600658992728375907e+01 7.347432890632005220e-02 5.600163208138037696e+00
1.541000000000000000e+03 5.120504672396356227e+02 1.610214590077553609e+01 7.339582514620732190e-02 5.533090459783212900e+00
1.542000000000000000e+03 5.092827304266644433e+02 1.619716043910329617e+01 7.331725515589107567e-02 5.457717653083376419e+00
1.543000000000000000e+03 5.065303396291242279e+02 1.629150149477575127e+01 7.323862956835280880e-02 5.374053262630860139e+00
1.544000000000000000e+03 5.037952710858435807e+02 1.638525981209921767e+01 7.315995897235642864e-02 5.282253422923307795e+00
1.545000000000000000e+03 5.010765317508852377e+02 1.647822893748437423e+01 7.308125390692972456e-02 5.182399086645722797e+00
1.546000000000000000e+03 4.983761020442257745e+02 1.657042519881897036e+01 7.300252485604226405e-02 5.074570317333426672e+00
1.547000000000000000e+03 4.956944789095393844e+02 1.666186484984828198e+01 7.292378224352434601e-02 4.958846298899701743e+00
1.548000000000000000e+03 4.930306758795107385e+02 1.675248978159520519e+01 7.284503642814095514e-02 4.835379629029202597e+00
1.549000000000000000e+03 4.903866801486183249e+02 1.684216751731925754e+01 7.276629769892796473e-02 4.704247762423069190e+00
1.550000000000000000e+03 4.877622527878670553e+02 1.693091405802145744e+01 7.268757627070633609e-02 4.565527304906142447e+00
1.551000000000000000e+03 4.851578956400338711e+02 1.701867164432453450e+01 7.260888227990047739e-02 4.419363773543858009e+00
1.552000000000000000e+03 4.825740950330080636e+02 1.710538488710584915e+01 7.253022578049515834e-02 4.265809437915747182e+00
1.553000000000000000e+03 4.800120781723998107e+02 1.719107319407264711e+01 7.245161674032547794e-02 4.105059785283182272e+00
1.554000000000000000e+03 4.774708463522417219e+02 1.727568158057633241e+01 7.237306503752097275e-02 3.937086649390555415e+00
1.555000000000000000e+03 4.749516320111818573e+02 1.735908066482977574e+01 7.229458045727171767e-02 3.762083923781669448e+00
1.556000000000000000e+03 4.724549274356994601e+02 1.744136379718455032e+01 7.221617268876143192e-02 3.580096156910709038e+00
1.557000000000000000e+03 4.699812276357662313e+02 1.752247563793743623e+01 7.213785132236891218e-02 3.391315699091419056e+00
1.558000000000000000e+03 4.675310303828588872e+02 1.760228643620568434e+01 7.205962584709900420e-02 3.195785581735238967e+00
1.559000000000000000e+03 4.651048362454202447e+02 1.768088915936570871e+01 7.198150564823746489e-02 2.993696664911590588e+00
1.560000000000000000e+03 4.627024057868218279e+02 1.775815378752456297e+01 7.190350000517345408e-02 2.785016233680656317e+00
1.561000000000000000e+03 4.603242452660192043e+02 1.783409872657872342e+01 7.182561808952525606e-02 2.570082280246272610e+00
1.562000000000000000e+03 4.579716066658772888e+02 1.790866795331490025e+01 7.174786896335148823e-02 2.348860683343827915e+00
1.563000000000000000e+03 4.556435163792206140e+02 1.798187957808719872e+01 7.167026157761793859e-02 2.121539490945521855e+00
1.564000000000000000e+03 4.533419750781042694e+02 1.805367727355028151e+01 7.159280477082312355e-02 1.888231801199800719e+00
1.565000000000000000e+03 4.510660150557751535e+02 1.812400455396804588e+01 7.151550726775292299e-02 1.649124344642075135e+00
1.566000000000000000e+03 4.488169000922050031e+02 1.819280477108985039e+01 7.143837767841249020e-02 1.404254649140649569e+00
1.567000000000000000e+03 4.465936684626266242e+02 1.826016967710378580e+01 7.136142449704609148e-02 1.153808189599726086e+00
1.568000000000000000e+03 4.443975899648369818e+02 1.832596800314646401e+01 7.128465610132725394e-02 8.978212698730788643e-01
1.569000000000000000e+03 4.422291945948555281e+02 1.839014258941142543e+01 7.120808075157850081e-02 6.365524564224956938e-01
1.570000000000000000e+03 4.400875297264030905e+02 1.845278466482798052e+01 7.113170659009598884e-02 3.701111771646046211e-01
1.571000000000000000e+03 4.379746171344428944e+02 1.851368814230246684e+01 7.105554164055156996e-02 9.856173493816060283e-02
1.572000000000000000e+03 4.358887674923722670e+02 1.857301816657886917e+01 7.097959380742840940e-02 -1.779355370817111703e-01
1.573000000000000000e+03 4.338312658988270982e+02 1.863064255913813483e+01 7.090387087544838818e-02 -4.592208269906154494e-01
1.574000000000000000e+03 4.318026577134340300e+02 1.868650323221790543e+01 7.082838050908535354e-02 -7.451199703305820821e-01
1.575000000000000000e+03 4.298027485671130989e+02 1.874069046890967627e+01 7.075313025197947636e-02 -1.035481574548700046e+00
1.576000000000000000e+03 4.278313472069551722e+02 1.879314578583234052e+01 7.067812752640524609e-02 -1.330125003093109992e+00
1.577000000000000000e+03 4.258897511757917869e+02 1.884381049691150167e+01 7.060337963264987082e-02 -1.628907212962124040e+00
1.578000000000000000e+03 4.239777754813903243e+02 1.889277427725105341e+01 7.052889374837105485e-02 -1.931641025106606513e+00
1.579000000000000000e+03 4.220959811107020414e+02 1.893990374258111942e+01 7.045467692787925340e-02 -2.238184246755035467e+00
1.580000000000000000e+03 4.202434465339283634e+02 1.898521386382635967e+01 7.038073610132285218e-02 -2.548380226609442190e+00
1.581000000000000000e+03 4.184214818888371497e+02 1.902871939725353201e+01 7.030707807381013363e-02 -2.862080121778640240e+00
1.582000000000000000e+03 4.166299148149497569e+02 1.907043488172218915e+01 7.023370952440582959e-02 -3.179135451203760621e+00
1.583000000000000000e+03 4.148685761330818309e+02 1.911022606902977472e+01 7.016063700502457590e-02 -3.499405505685996065e+00
1.584000000000000000e+03 4.131372998550622242e+02 1.914818133887478524e+01 7.008786693921410793e-02 -3.822735044423706263e+00
1.585000000000000000e+03 4.114359231937110053e+02 1.918416599539420275e+01 7.001540562079704155e-02 -4.148976561569553745e+00
1.586000000000000000e+03 4.097657722431522984e+02 1.921826796583361840e+01 6.994325921240159005e-02 -4.477997696014046625e+00
1.587000000000000000e+03 4.081259478142438866e+02 1.925042638079357715e+01 6.987143374383190941e-02 -4.809621785951756046e+00
1.588000000000000000e+03 4.065162967855183069e+02 1.928058013909801716e+01 6.979993511033952269e-02 -5.143690991169667548e+00
1.589000000000000000e+03 4.049374121142963077e+02 1.930881647276803648e+01 6.972876907071282049e-02 -5.480049931938676622e+00
1.590000000000000000e+03 4.033891471779895141e+02 1.933507381108667289e+01 6.965794124529124665e-02 -5.818534527708771442e+00
1.591000000000000000e+03 4.018713586206753234e+02 1.935936462928790291e+01 6.958745711377950505e-02 -6.158986834996339255e+00
1.592000000000000000e+03 4.003846491998134525e+02 1.938162687984019783e+01 6.951732201300943326e-02 -6.501236457668942315e+00
1.593000000000000000e+03 3.989281392929368621e+02 1.940187255784779907e+01 6.944754113451542810e-02 -6.845137669838024408e+00
1.594000000000000000e+03 3.975024382495111581e+02 1.942011341605227770e+01 6.937811952207115218e-02 -7.190515170031752668e+00
1.595000000000000000e+03 3.961074158975239925e+02 1.943628667994244452e+01 6.930906206903160449e-02 -7.537208632421541488e+00
1.596000000000000000e+03 3.947422025549524278e+02 1.945047789698249829e+01 6.924037351566779408e-02 -7.885050402898677646e+00
1.597000000000000000e+03 3.934081603810244587e+02 1.946262380143116744e+01 6.917205844639388868e-02 -8.233880336911441944e+00
1.598000000000000000e+03 3.921044263768048381e+02 1.947273516378680114e+01 6.910412128690640587e-02 -8.583530923917289002e+00
1.599000000000000000e+03 3.908301409004539551e+02 1.948082250633089885e+01 6.903656630129662020e-02 -8.933834696908425244e+00
1.600000000000000000e+03 3.895874190168274254e+02 1.948682181877975239e+01 6.896939758914266694e-02 -9.284631641966827331e+00
1.601000000000000000e+03 3.883739340464305769e+02 1.949081686446135819e+01 6.890261908253915435e-02 -9.635772697278687460e+00
1.602000000000000000e+03 3.871903815949640943e+02 1.949274041489676534e+01 6.883623454316709078e-02 -9.987122859388941620e+00
1.603000000000000000e+03 3.860367297132082172e+02 1.949252444706098686e+01 6.877024755935165490e-02 -1.033854318286075724e+01
1.604000000000000000e+03 3.849129498468510064e+02 1.949032353706758514e+01 6.870466154317986240e-02 -1.068990210058877111e+01
1.605000000000000000e+03 3.838190168404109386e+02 1.948599487534188412e+01 6.863947972765854777e-02 -1.104109769029787635e+01
1.606000000000000000e+03 3.827541661045731871e+02 1.947961825093506505e+01 6.857470516393823767e-02 -1.139195365915538716e+01
1.607000000000000000e+03 3.817191221219165982e+02 1.947112463391360393e+01 6.851034071866392294e-02 -1.174229360886309692e+01
1.608000000000000000e+03 3.807131271056148307e+02 1.946051902587339555e+01 6.844638907137130801e-02 -1.209211186938264682e+01
1.609000000000000000e+03 3.797361695013168514e+02 1.944780617654780386e+01 6.838285271209360028e-02 -1.244110549462581794e+01
1.610000000000000000e+03 3.787882411468008286e+02 1.943306486752402407e+01 6.831973393907592174e-02 -1.278926851232304962e+01
1.611000000000000000e+03 3.778693372643941188e+02 1.941637362905698438e+01 6.825703485664141867e-02 -1.313629763795078276e+01
1.612000000000000000e+03 3.769794564510158921e+02 1.939758788997987082e+01 6.819475737325746134e-02 -1.348218652480385238e+01
1.613000000000000000e+03 3.761178578307035423e+02 1.937678567923805417e+01 6.813290319983149324e-02 -1.382670576164169240e+01
1.614000000000000000e+03 3.752845467096212246e+02 1.935404477600060957e+01 6.807147384817066604e-02 -1.416969998897964622e+01
1.615000000000000000e+03 3.744795317233079004e+02 1.932936842687593781e+01 6.801047062970318191e-02 -1.451108788149425699e+01
1.616000000000000000e+03 3.737028248161857960e+02 1.930268534672820735e+01 6.794989465441657328e-02 -1.485078784705631882e+01
1.617000000000000000e+03 3.729536983832097690e+02 1.927399828659612879e+01 6.788974683010198796e-02 -1.518856944239829154e+01
1.618000000000000000e+03 3.722321709137044650e+02 1.924338403470328274e+01 6.783002786179409549e-02 -1.552435048993979017e+01
1.619000000000000000e+03 3.715375212921725847e+02 1.921077056705644281e+01 6.777073825154433795e-02 -1.585804849374785874e+01
1.620000000000000000e+03 3.708697744362465301e+02 1.917630846615857720e+01 6.771187829842366390e-02 -1.618943205565344456e+01
1.621000000000000000e+03 3.702289584265978988e+02 1.913977665428308228e+01 6.765344809884540900e-02 -1.651856655955076647e+01
1.622000000000000000e+03 3.696143616338808897e+02 1.910139951338829434e+01 6.759544754715578196e-02 -1.684514560332861421e+01
1.623000000000000000e+03 3.690260183478028466e+02 1.906110405157145138e+01 6.753787633653761391e-02 -1.716915953402283179e+01
1.624000000000000000e+03 3.684632230631801235e+02 1.901889132215107381e+01 6.748073396017650882e-02 -1.749037544711167769e+01
1.625000000000000000e+03 3.679260161032266296e+02 1.897483642532699832e+01 6.742401971273301320e-02 -1.780878287153322503e+01
1.626000000000000000e+03 3.674144407349617154e+02 1.892901422642710685e+01 6.736773269209307691e-02 -1.812422233637172653e+01
1.627000000000000000e+03 3.669270574468671384e+02 1.888127650723730255e+01 6.731187180140293935e-02 -1.843653392226460852e+01
1.628000000000000000e+03 3.664646580690816791e+02 1.883177195244403279e+01 6.725643575136755481e-02 -1.874555724601443174e+01
1.629000000000000000e+03 3.660265515408149213e+02 1.878050045063081797e+01 6.720142306281087774e-02 -1.905135429592512253e+01
1.630000000000000000e+03 3.656120495205229872e+02 1.872738737987804569e+01 6.714683206949194350e-02 -1.935361514883424405e+01
1.631000000000000000e+03 3.652212091587757072e+02 1.867258074395514100e+01 6.709266092117086022e-02 -1.965240079042068189e+01
1.632000000000000000e+03 3.648533473639079716e+02 1.861600547357180346e+01 6.703890758687980345e-02 -1.994747454920192098e+01
1.633000000000000000e+03 3.645077835707562599e+02 1.855773484623997405e+01 6.698556985842704647e-02 -2.023882206681505735e+01
1.634000000000000000e+03 3.641853253425922503e+02 1.849776763819821923e+01 6.693264535408369187e-02 -2.052627986651841496e+01
1.635000000000000000e+03 3.638845541262239180e+02 1.843602812692523329e+01 6.688013152243173221e-02 -2.080983247347270293e+01
1.636000000000000000e+03 3.636047965208410346e+02 1.837266322774411620e+01 6.682802564640186183e-02 -2.108924098376331102e+01
1.637000000000000000e+03 3.633468670404879504e+02 1.830774536248667417e+01 6.677632484743338537e-02 -2.136456303572268922e+01
1.638000000000000000e+03 3.631093538652766028e+02 1.824112389524186284e+01 6.672502608974520411e-02 -2.163555852899163767e+01
1.639000000000000000e+03 3.628923329419322386e+02 1.817294511970517235e+01 6.667412618471736663e-02 -2.190220959640075549e+01
1.640000000000000000e+03 3.626951394034137479e+02 1.810328084457547604e+01 6.662362179536186757e-02 -2.216449774111567450e+01
1.641000000000000000e+03 3.625171103281037404e+02 1.803212839654123911e+01 6.657350944079636068e-02 -2.242218097407698707e+01
1.642000000000000000e+03 3.623583274986614242e+02 1.795948490684498111e+01 6.652378550083254405e-02 -2.267523950326326698e+01
1.643000000000000000e+03 3.622181316556557817e+02 1.788542159792290320e+01 6.647444622049293594e-02 -2.292365287173771904e+01
1.644000000000000000e+03 3.620966080913406131e+02 1.781000950311363340e+01 6.642548771457072732e-02 -2.316725137950912128e+01
1.645000000000000000e+03 3.619923580685315869e+02 1.773317090293772935e+01 6.637690597215463451e-02 -2.340593892322207736e+01
1.646000000000000000e+03 3.619054700850614950e+02 1.765490217896209657e+01 6.632869686107895069e-02 -2.363976726916443738e+01
1.647000000000000000e+03 3.618352912936348389e+02 1.757542238423325998e+01 6.628085613233558604e-02 -2.386856462558663239e+01
1.648000000000000000e+03 3.617811702625182306e+02 1.749457897875611323e+01 6.623337942435959802e-02 -2.409223276687498583e+01
1.649000000000000000e+03 3.617431997371181183e+02 1.741244210108203916e+01 6.618626226725657369e-02 -2.431074702405117094e+01
1.650000000000000000e+03 3.617199880624892216e+02 1.732900743793540244e+01 6.613950008686747539e-02 -2.452400770860675649e+01
1.651000000000000000e+03 3.617116458751924029e+02 1.724441801808618990e+01 6.609308820871283296e-02 -2.473198831771919615e+01
1.652000000000000000e+03 3.617183466323119774e+02 1.715866390109402673e+01 6.604702186177995038e-02 -2.493466018336252077e+01
1.653000000000000000e+03 3.617380517687340671e+02 1.707173392916379484e+01 6.600129618215799798e-02 -2.513191923960593854e+01
1.654000000000000000e+03 3.617724378872028410e+02 1.698361679138268343e+01 6.595590621648687868e-02 -2.532366065132633182e+01
1.655000000000000000e+03 3.618194683424904952e+02 1.689444959468601581e+01 6.591084692522999888e-02 -2.550992737380773434e+01
1.656000000000000000e+03 3.618785930226004552e+02 1.680422073386909076e+01 6.586611318574428497e-02 -2.569068729518821570e+01
1.657000000000000000e+03 3.619507482864489134e+02 1.671299274617609498e+01 6.582169979517223102e-02 -2.586575894627407024e+01
1.658000000000000000e+03 3.620346427281057231e+02 1.662067946493213810e+01 6.577760147313187200e-02 -2.603518291173336152e+01
1.659000000000000000e+03 3.621304712929834864e+02 1.652741744125189527e+01 6.573381286420415526e-02 -2.619892469013307590e+01
1.660000000000000000e+03 3.622369438804980746e+02 1.643326881428070507e+01 6.569032854020979972e-02 -2.635694897185635099e+01
1.661000000000000000e+03 3.623542566286113242e+02 1.633814703199646701e+01 6.564714300229948507e-02 -2.650921963388620739e+01
1.662000000000000000e+03 3.624811205198217863e+02 1.624218827307810642e+01 6.560425068284939099e-02 -2.665562545145657225e+01
1.663000000000000000e+03 3.626184755039844276e+02 1.614538003379880138e+01 6.556164594718384697e-02 -2.679627722758634434e+01
1.664000000000000000e+03 3.627650334373980741e+02 1.604778398298715913e+01 6.551932309506856844e-02 -2.693106208795953194e+01
1.665000000000000000e+03 3.629202493736129895e+02 1.594938739952174878e+01 6.547727636209282887e-02 -2.705986632769896616e+01
1.666000000000000000e+03 3.630835786804951795e+02 1.585017746037717856e+01 6.543549992087228928e-02 -2.718279825851123022e+01
1.667000000000000000e+03 3.632552198286276735e+02 1.575036409571703899e+01 6.539398788207247126e-02 -2.729981678818229085e+01
1.668000000000000000e+03 3.634346286758115525e+02 1.564978572549910041e+01 6.535273429534849132e-02 -2.741080570145836148e+01
1.669000000000000000e+03 3.636205184226756160e+02 1.554850353215807779e+01 6.531173315012585301e-02 -2.751579650830123924e+01
1.670000000000000000e+03 3.638130880742913860e+02 1.544665289829872457e+01 6.527097837632581112e-02 -2.761474559149701591e+01
1.671000000000000000e+03 3.640117938924333885e+02 1.534414627741692172e+01 6.523046384494414485e-02 -2.770768277214445163e+01
1.672000000000000000e+03 3.642160921885959510e+02 1.524111889967642952e+01 6.519018336862265894e-02 -2.779456274149920603e+01
1.673000000000000000e+03 3.644254392824939828e+02 1.513755735918634393e+01 6.515013070213236668e-02 -2.787548791069456655e+01
1.674000000000000000e+03 3.646400342959499312e+02 1.503352246932429992e+01 6.511029954285839361e-02 -2.795033699280451245e+01
1.675000000000000000e+03 3.648585906068918803e+02 1.492907498407295819e+01 6.507068353126486959e-02 -2.801921070379466272e+01
1.676000000000000000e+03 3.650813071485849832e+02 1.482427560287965740e+01 6.503127625136417844e-02 -2.808213462880629407e+01
1.677000000000000000e+03 3.653076398635972168e+02 1.471918497553418703e+01 6.499207123123047769e-02 -2.813905922280621041e+01
1.678000000000000000e+03 3.655377873326502822e+02 1.461371514005702466e+01 6.495306194355680851e-02 -2.819000837859509900e+01
1.679000000000000000e+03 3.657697193929376454e+02 1.450800094511791372e+01 6.491424180630135654e-02 -2.823500514465900935e+01
1.680000000000000000e+03 3.660036341061691019e+02 1.440210292094209166e+01 6.487560418338830792e-02 -2.827399744336907261e+01
1.681000000000000000e+03 3.662404720457607255e+02 1.429593300073145912e+01 6.483714238557197751e-02 -2.830708092353638605e+01
1.682000000000000000e+03 3.664774592431431870e+02 1.418962594310552561e+01 6.479884967135378371e-02 -2.833427611229419085e+01
1.683000000000000000e+03 3.667155354935753735e+02 1.408316791951933489e+01 6.476071924813493752e-02 -2.835545413432442530e+01
1.684000000000000000e+03 3.669541544655296548e+02 1.397654508619823588e+01 6.472274427344554271e-02 -2.837078241593781769e+01
1.685000000000000000e+03 3.671927693242062674e+02 1.386989215606920745e+01 6.468491785639023106e-02 -2.838020470395458617e+01
1.686000000000000000e+03 3.674308326838183234e+02 1.376319526967106199e+01 6.464723305926310670e-02 -2.838373820344211040e+01
1.687000000000000000e+03 3.676677965586297887e+02 1.365644056707082044e+01 6.460968289935986597e-02 -2.838154786527178075e+01
1.688000000000000000e+03 3.679038551477139549e+02 1.354976275976851419e+01 6.457226035100888106e-02 -2.837357497298351205e+01
1.689000000000000000e+03 3.681384591132937771e+02 1.344307371807033569e+01 6.453495834780216545e-02 -2.835983428149251750e+01
1.690000000000000000e+03 3.683703155277623296e+02 1.333658246047492568e+01 6.449776978506532865e-02 -2.834041402210204552e+01
1.691000000000000000e+03 3.685996163243989372e+02 1.323020089050275416e+01 6.446068752250176670e-02 -2.831532734082366431e+01
1.692000000000000000e+03 3.688265525715850117e+02 1.312398950253845342e+01 6.442370438713516945e-02 -2.828458658751404542e+01
1.693000000000000000e+03 3.690490859106453172e+02 1.301793453612611451e+01 6.438681317641495316e-02 -2.824835188881963788e+01
1.694000000000000000e+03 3.692688911776464238e+02 1.291217083125255805e+01 6.435000666159026994e-02 -2.820648545340317526e+01
1.695000000000000000e+03 3.694831851584621631e+02 1.280668469908363427e+01 6.431327759126859167e-02 -2.815914584650320762e+01
1.696000000000000000e+03 3.696936405482202304e+02 1.270138821018119302e+01 6.427661869521146543e-02 -2.810634229575329712e+01
1.697000000000000000e+03 3.698989575390926916e+02 1.259649061669583148e+01 6.424002268835411755e-02 -2.804815754881441237e+01
1.698000000000000000e+03 3.700978350974281739e+02 1.249190408899073645e+01 6.420348227496772142e-02 -2.798452503027942484e+01
1.699000000000000000e+03 3.702911994049640612e+02 1.238768942126188932e+01 6.416699015307629483e-02 -2.791567455038351397e+01
1.700000000000000000e+03 3.704784896190712402e+02 1.228398175259996350e+01 6.413053901898906062e-02 -2.784153804495925399e+01
1.701000000000000000e+03 3.706591486866487344e+02 1.218061852716852478e+01 6.409412157202466764e-02 -2.776226622577364722e+01
1.702000000000000000e+03 3.708326389056971379e+02 1.207780616971060361e+01 6.405773051937382889e-02 -2.767784714424467651e+01
1.703000000000000000e+03 3.709991690669790501e+02 1.197560198595377479e+01 6.402135858109320177e-02 -2.758848764503898465e+01
1.704000000000000000e+03 3.711582035086656219e+02 1.187384051031989429e+01 6.398499849517547133e-02 -2.749417101654386997e+01
1.705000000000000000e+03 3.713099477202183039e+02 1.177280206177852051e+01 6.394864302274669288e-02 -2.739495413419341574e+01
1.706000000000000000e+03 3.714531197713638448e+02 1.167232134609574778e+01 6.391228495330761317e-02 -2.729096747004128787e+01
1.707000000000000000e+03 3.715879215866517598e+02 1.157245601158186332e+01 6.387591711002713057e-02 -2.718211796857618623e+01
1.708000000000000000e+03 3.717138103754392091e+02 1.147333808625618623e+01 6.383953235505041013e-02 -2.706860904131341172e+01
1.709000000000000000e+03 3.718317270728254016e+02 1.137487684795022069e+01 6.380312359481674078e-02 -2.695042059259602141e+01
1.710000000000000000e+03 3.719396392663580286e+02 1.127720452937764151e+01 6.376668378535124693e-02 -2.682760616416410571e+01
1.711000000000000000e+03 3.720384838142832109e+02 1.118023062111484123e+01 6.373020593750561291e-02 -2.670029294595030933e+01
1.712000000000000000e+03 3.721269669398099609e+02 1.108401329304825467e+01 6.369368312215061001e-02 -2.656853322010252327e+01
1.713000000000000000e+03 3.722052783472555575e+02 1.098861083124235094e+01 6.365710847523683991e-02 -2.643237865574195666e+01
1.714000000000000000e+03 3.722736054947818616e+02 1.089400735824708555e+01 6.362047520277896995e-02 -2.629180603693970397e+01
1.715000000000000000e+03 3.723313907041039101e+02 1.080026140384880939e+01 6.358377658570432689e-02 -2.614708869192739371e+01
1.716000000000000000e+03 3.723788167773914211e+02 1.070743162524873249e+01 6.354700598452041327e-02 -2.599820223698990418e+01
1.717000000000000000e+03 3.724145784413267961e+02 1.061550252717539422e+01 6.351015684382213533e-02 -2.584519600610057921e+01
1.718000000000000000e+03 3.724388536387703539e+02 1.052445874893539646e+01 6.347322269660597704e-02 -2.568826734675177548e+01
1.719000000000000000e+03 3.724525606478741224e+02 1.043435935139651249e+01 6.343619716838111433e-02 -2.552731593146840083e+01
1.720000000000000000e+03 3.724536438637966285e+02 1.034518925339499873e+01 6.339907398103888925e-02 -2.536261232205468730e+01
1.721000000000000000e+03 3.724437592735810085e+02 1.025708208558636159e+01 6.336184695647774368e-02 -2.519412943098664925e+01
1.722000000000000000e+03 3.724215889034977636e+02 1.016994877620643578e+01 6.332451002000734352e-02 -2.502198823552769014e+01
1.723000000000000000e+03 3.723865549597332461e+02 1.008392325528966005e+01 6.328705720344965369e-02 -2.484638350750727298e+01
1.724000000000000000e+03 3.723403054670679353e+02 9.998916756786529803e+00 6.324948264797405906e-02 -2.466721240926469960e+01
1.725000000000000000e+03 3.722807715604200212e+02 9.914989239137074861e+00 6.321178060668164456e-02 -2.448474305879777546e+01
1.726000000000000000e+03 3.722081101399370482e+02 9.832126537752474249e+00 6.317394544686275037e-02 -2.429894599203084482e+01
1.727000000000000000e+03 3.721232181790047093e+02 9.750463218439261226e+00 6.313597165199406891e-02 -2.410993987777903769e+01
1.728000000000000000e+03 3.720247613653692724e+02 9.669836879228151716e+00 6.309785382344625104e-02 -2.391784296484553352e+01
1.729000000000000000e+03 3.719128882606324282e+02 9.590456704667131405e+00 6.305958668188668681e-02 -2.372277309627109432e+01
1.730000000000000000e+03 3.717877446176833018e+02 9.512234916995799594e+00 6.302116506841251575e-02 -2.352469915671981937e+01
1.731000000000000000e+03 3.716487305362157372e+02 9.435158196280605480e+00 6.298258394537864513e-02 -2.332381250451765808e+01
1.732000000000000000e+03 3.714959861263117205e+02 9.359287682963074673e+00 6.294383839699047023e-02 -2.312015556879504530e+01
1.733000000000000000e+03 3.713289058348332219e+02 9.284684696830602491e+00 6.290492362960740935e-02 -2.291384471477233120e+01
1.734000000000000000e+03 3.711476241147234987e+02 9.211262172409504956e+00 6.286583497179167035e-02 -2.270492169164922203e+01
1.735000000000000000e+03 3.709515297569034260e+02 9.139081795297325783e+00 6.282656787413180843e-02 -2.249357649811680204e+01
1.736000000000000000e+03 3.707422372348879662e+02 9.068205437404126101e+00 6.278711790881570665e-02 -2.227992454695790059e+01
1.737000000000000000e+03 3.705183868665577052e+02 8.998620875619758763e+00 6.274748076902846028e-02 -2.206400668025199963e+01
1.738000000000000000e+03 3.702801018335374010e+02 8.930316077409331754e+00 6.270765226812310966e-02 -2.184608631868004736e+01
1.739000000000000000e+03 3.700275025224955812e+02 8.863353486331364550e+00 6.266762833862592197e-02 -2.162612949238525317e+01
1.740000000000000000e+03 3.697607065384486873e+02 8.797721456970778675e+00 6.262740503109828771e-02 -2.140432484094515075e+01
1.741000000000000000e+03 3.694798287198430558e+02 8.733408540301274670e+00 6.258697851284361624e-02 -2.118071221138324489e+01
1.742000000000000000e+03 3.691842383202114775e+02 8.670477768969190535e+00 6.254634506650093295e-02 -2.095555409126793478e+01
1.743000000000000000e+03 3.688740446963176396e+02 8.608843808488323646e+00 6.250550108855947029e-02 -2.072874135633441028e+01
1.744000000000000000e+03 3.685486116574268749e+02 8.548644376375317933e+00 6.246444308779729171e-02 -2.050046183769718766e+01
1.745000000000000000e+03 3.682095288257651760e+02 8.489794542677687517e+00 6.242316768364219309e-02 -2.027082892006864157e+01
1.746000000000000000e+03 3.678546689775283767e+02 8.432358148948830845e+00 6.238167160455786175e-02 -2.003995584102633032e+01
1.747000000000000000e+03 3.674848735799799897e+02 8.376250675619740349e+00 6.233995168637745943e-02 -1.980780713979939023e+01
1.748000000000000000e+03 3.671009814737070087e+02 8.321610660811781912e+00 6.229800487066761844e-02 -1.957471865759659124e+01
1.749000000000000000e+03 3.667008575551796525e+02 8.268354000540078630e+00 6.225582820313129567e-02 -1.934058043490142609e+01
1.750000000000000000e+03 3.662868211497957986e+02 8.216471083859429925e+00 6.221341883208650336e-02 -1.910565384582676174e+01
1.751000000000000000e+03 3.658574674103242046e+02 8.166027111415644413e+00 6.217077400697774286e-02 -1.886997438111244563e+01
1.752000000000000000e+03 3.654135877025456125e+02 8.117014481904901047e+00 6.212789107702598040e-02 -1.863371418703160387e+01
1.753000000000000000e+03 3.649552206045526077e+02 8.069426123966980668e+00 6.208476748993627115e-02 -1.839689384159854768e+01
1.754000000000000000e+03 3.644816593675970466e+02 8.023255179487980726e+00 6.204140079082167553e-02 -1.815960818565584489e+01
1.755000000000000000e+03 3.639929376073652065e+02 7.978569287818852551e+00 6.199778862116802486e-02 -1.792202633861514371e+01
1.756000000000000000e+03 3.634898293245205991e+02 7.935287735898343797e+00 6.195392871802639367e-02 -1.768409458014900792e+01
1.757000000000000000e+03 3.629716204193996987e+02 7.893478592807451122e+00 6.190981891332576065e-02 -1.744605635036401736e+01
1.758000000000000000e+03 3.624383372160100976e+02 7.853061576217303497e+00 6.186545713339355185e-02 -1.720793228088561833e+01
1.759000000000000000e+03 3.618900036450189646e+02 7.814149756871596075e+00 6.182084139863549405e-02 -1.696981734441002487e+01
1.760000000000000000e+03 3.613273840958410119e+02 7.776670713007347580e+00 6.177596982339766951e-02 -1.673173230317379279e+01
1.761000000000000000e+03 3.607497549276438349e+02 7.740633951159510140e+00 6.173084061606181477e-02 -1.649384657486154993e+01
1.762000000000000000e+03 3.601571329895144800e+02 7.706049194415665937e+00 6.168545207925623525e-02 -1.625618111391505494e+01
1.763000000000000000e+03 3.595502756345633770e+02 7.672911525734302352e+00 6.163980261034106983e-02 -1.601897984427684207e+01
1.764000000000000000e+03 3.589284522279903626e+02 7.641216244575228522e+00 6.159389070201792826e-02 -1.578218969000919003e+01
1.765000000000000000e+03 3.582931583344241631e+02 7.610973723440733529e+00 6.154771494316497310e-02 -1.554590629134439794e+01
1.766000000000000000e+03 3.576436587191152512e+02 7.582179694225867017e+00 6.150127401981179270e-02 -1.531037401961230415e+01
1.767000000000000000e+03 3.569799586985755013e+02 7.554822676230266154e+00 6.145456671631882584e-02 -1.507554029103867954e+01
1.768000000000000000e+03 3.563028041503977761e+02 7.528913689131009335e+00 6.140759191668897915e-02 -1.484157556595570604e+01
1.769000000000000000e+03 3.556121958524042839e+02 7.504441682363071742e+00 6.136034860603846453e-02 -1.460850194585588468e+01
1.770000000000000000e+03 3.549081323263571335e+02 7.481403247912391308e+00 6.131283587218685355e-02 -1.437649032183570164e+01
1.771000000000000000e+03 3.541906098462531531e+02 7.459795191267798664e+00 6.126505290737297577e-02 -1.414563753838326754e+01
1.772000000000000000e+03 3.534596224463621184e+02 7.439599673932900892e+00 6.121699901008417072e-02 -1.391589212402644371e+01
1.773000000000000000e+03 3.527159047641737288e+02 7.420813925949842016e+00 6.116867358694100948e-02 -1.368742572284583581e+01
1.774000000000000000e+03 3.519587035432784887e+02 7.403435388232122882e+00 6.112007615466697602e-02 -1.346033597430954210e+01
1.775000000000000000e+03 3.511894918166408956e+02 7.387454283158559676e+00 6.107120634208806909e-02 -1.323464652695668242e+01
1.776000000000000000e+03 3.504067690699250193e+02 7.372868470129191998e+00 6.102206389215712040e-02 -1.301052990242195051e+01
1.777000000000000000e+03 3.496120039307153320e+02 7.359661159281576381e+00 6.097264866400787381e-02 -1.278793609126833886e+01
1.778000000000000000e+03 3.488051771680751472e+02 7.347823195220780867e+00 6.092296063494738456e-02 -1.256703826717065375e+01
1.779000000000000000e+03 3.479855245381369855e+02 7.337345627261050218e+00 6.087299990243476289e-02 -1.234786138238972875e+01
1.780000000000000000e+03 3.471545081357936056e+02 7.328219707931133975e+00 6.082276668599549685e-02 -1.213057931458257599e+01
1.781000000000000000e+03 3.463113593973301931e+02 7.320429463043431006e+00 6.077226132905937106e-02 -1.191514346189882545e+01
1.782000000000000000e+03 3.454567932896858338e+02 7.313973975079091083e+00 6.072148430064754077e-02 -1.170180273991130093e+01
1.783000000000000000e+03 3.445907798210253077e+02 7.308837668037058144e+00 6.067043619701607132e-02 -1.149043504230644075e+01
1.784000000000000000e+03 3.437140297280975005e+02 7.304997733951170247e+00 6.061911774306257689e-02 -1.128121580441516336e+01
1.785000000000000000e+03 3.428257659902714636e+02 7.302453844375667913e+00 6.056752979364771888e-02 -1.107424659750005169e+01
1.786000000000000000e+03 3.419274380257083976e+02 7.301183578287099074e+00 6.051567333468597237e-02 -1.086948085683975940e+01
1.787000000000000000e+03 3.410190075393414304e+02 7.301172133408667442e+00 6.046354948405968655e-02 -1.066716959411433585e+01
1.788000000000000000e+03 3.400996913831733650e+02 7.302412324054836645e+00 6.041115949230437682e-02 -1.046719285703255053e+01
1.789000000000000000e+03 3.391709329239133126e+02 7.304882293847692942e+00 6.035850474306609509e-02 -1.026980257528259166e+01
1.790000000000000000e+03 3.382326878977377191e+02 7.308567798458632581e+00 6.030558675336073621e-02 -1.007487973620506949e+01
1.791000000000000000e+03 3.372841672776169730e+02 7.313462203224671221e+00 6.025240717351146302e-02 -9.882602946782403919e+00
1.792000000000000000e+03 3.363268086481871251e+02 7.319529338940221841e+00 6.019896778686440603e-02 -9.693002742856210219e+00
1.793000000000000000e+03 3.353605620679038566e+02 7.326762926130401254e+00 6.014527050926526952e-02 -9.506184449629612843e+00
1.794000000000000000e+03 3.343846329438731004e+02 7.335134574000535146e+00 6.009131738819756263e-02 -9.322179624416151000e+00
1.795000000000000000e+03 3.334004534142887906e+02 7.344645776220591671e+00 6.003711060171240677e-02 -9.141020349652494659e+00
1.796000000000000000e+03 3.324072253831387798e+02 7.355261053038855579e+00 5.998265245704680060e-02 -8.962739242161999798e+00
1.797000000000000000e+03 3.314063775776994589e+02 7.366967375284738218e+00 5.992794538896058232e-02 -8.787518029173785550e+00
1.798000000000000000e+03 3.303971085881714203e+02 7.379737019754964322e+00 5.987299195783333389e-02 -8.615390423074684279e+00
1.799000000000000000e+03 3.293808439299943416e+02 7.393564708040714528e+00 5.981779484747190567e-02 -8.446242129916528896e+00
1.800000000000000000e+03 3.283567790881594419e+02 7.408415605092017131e+00 5.976235686265308350e-02 -8.280330842183737161e+00
1.801000000000000000e+03 3.273263252562616685e+02 7.424278154381407369e+00 5.970668092643910407e-02 -8.117610128721645779e+00
1.802000000000000000e+03 3.262893612368387721e+02 7.441136880666266329e+00 5.965077007724995523e-02 -7.958145015511212783e+00
1.803000000000000000e+03 3.252457531554451293e+02 7.458969867575583557e+00 5.959462746568695846e-02 -7.802000982447825805e+00
1.804000000000000000e+03 3.241961086860018213e+02 7.477762771352391979e+00 5.953825635114869119e-02 -7.649214395328041149e+00
1.805000000000000000e+03 3.231410342800115245e+02 7.497493960898481191e+00 5.948166009826724027e-02 -7.499814797830589796e+00
1.806000000000000000e+03 3.220803923972943608e+02 7.518149371171598538e+00 5.942484217317241940e-02 -7.353847203227283913e+00
1.807000000000000000e+03 3.210140444081206965e+02 7.539707643135085569e+00 5.936780613953600294e-02 -7.211342387370235585e+00
1.808000000000000000e+03 3.199425934965137799e+02 7.562147548713465284e+00 5.931055565454711187e-02 -7.072339179857173974e+00
1.809000000000000000e+03 3.188658990594574902e+02 7.585455415705251170e+00 5.925309446471207359e-02 -6.936884469870750358e+00
1.810000000000000000e+03 3.177845624469926520e+02 7.609610267604034917e+00 5.919542640158536456e-02 -6.805010926690131967e+00
1.811000000000000000e+03 3.166984413628030097e+02 7.634591248431217281e+00 5.913755537740484486e-02 -6.676744433325351835e+00
1.812000000000000000e+03 3.156081356052910110e+02 7.660370190831029547e+00 5.907948538066831040e-02 -6.552104091521613327e+00
1.813000000000000000e+03 3.145135014687415378e+02 7.686941325881392117e+00 5.902122047167520508e-02 -6.431124511533333532e+00
1.814000000000000000e+03 3.134151374845699820e+02 7.714276709368644624e+00 5.896276477808427147e-02 -6.313833531514569941e+00
1.815000000000000000e+03 3.123136416572817211e+02 7.742355931533014157e+00 5.890412249043726345e-02 -6.200252221676730180e+00
1.816000000000000000e+03 3.112088687000186837e+02 7.771158685032745872e+00 5.884529785775778621e-02 -6.090402316512295577e+00
1.817000000000000000e+03 3.101014157745763100e+02 7.800664761230199140e+00 5.878629518316861452e-02 -5.984321075083512298e+00
1.818000000000000000e+03 3.089911368905296172e+02 7.830854046451332096e+00 5.872711881960571839e-02 -5.882016714222962683e+00
1.819000000000000000e+03 3.078786286434879003e+02 7.861699089870019641e+00 5.866777316561529870e-02 -5.783505553300105184e+00
1.820000000000000000e+03 3.067637446121095763e+02 7.893179956419810850e+00 5.860826266129279954e-02 -5.688804588598865841e+00
1.821000000000000000e+03 3.056470810939155172e+02 7.925239652882076768e+00 5.854859178430903838e-02 -5.597931495757469733e+00
1.822000000000000000e+03 3.045292343345765858e+02 7.957947547761047069e+00 5.848876504611685151e-02 -5.510897203569675717e+00
1.823000000000000000e+03 3.034093149205891109e+02 7.991217090125345202e+00 5.842878698832284362e-02 -5.427728180898217403e+00
1.824000000000000000e+03 3.022879191803894514e+02 8.024984086147991746e+00 5.836866217923618316e-02 -5.348436724847647206e+00
1.825000000000000000e+03 3.011663864085216460e+02 8.059258693676706997e+00 5.830839521060496994e-02 -5.273013533698755140e+00
1.826000000000000000e+03 3.000438275828150267e+02 8.094125418338405709e+00 5.824799069454166672e-02 -5.201472278005817351e+00
1.827000000000000000e+03 2.989208395947902659e+02 8.129371692118571247e+00 5.818745326067971402e-02 -5.133797602851602804e+00
1.828000000000000000e+03 2.977980196328309148e+02 8.165082137461949330e+00 5.812678755354127452e-02 -5.069989698366939024e+00
1.829000000000000000e+03 2.966759652332980295e+02 8.201267145830938077e+00 5.806599823012304623e-02 -5.010056871510234267e+00
1.830000000000000000e+03 2.955537886594546535e+02 8.237862873767998195e+00 5.800508995770777693e-02 -4.954000689208806207e+00
1.831000000000000000e+03 2.944335739584376483e+02 8.274805522453442919e+00 5.794406741192169308e-02 -4.901808549563289041e+00
1.832000000000000000e+03 2.933144343257256423e+02 8.312105617257451229e+00 5.788293527498301894e-02 -4.853475966166376665e+00
1.833000000000000000e+03 2.921969691578225365e+02 8.349699436780021244e+00 5.782169823419906762e-02 -4.808999138734961321e+00
1.834000000000000000e+03 2.910810355876129165e+02 8.387671859400233743e+00 5.776036098066923696e-02 -4.768360095107174956e+00
1.835000000000000000e+03 2.899672341927893058e+02 8.425884941803513328e+00 5.769892820820814866e-02 -4.731556403057409987e+00
1.836000000000000000e+03 2.888561661972126444e+02 8.464349332533174675e+00 5.763740461248099273e-02 -4.698571455026850252e+00
1.837000000000000000e+03 2.877469478353344812e+02 8.503075701025002431e+00 5.757579489030709152e-02 -4.669404179375043817e+00
1.838000000000000000e+03 2.866409245599697897e+02 8.542000450146105095e+00 5.751410373915965407e-02 -4.644039324549850356e+00
1.839000000000000000e+03 2.855372140630728950e+02 8.581134279244226448e+00 5.745233585684423466e-02 -4.622462313081079799e+00
1.840000000000000000e+03 2.844371633152051686e+02 8.620413613191319158e+00 5.739049594130803816e-02 -4.604644381896925154e+00
1.841000000000000000e+03 2.833406344182417911e+02 8.659849165442533803e+00 5.732858869062064378e-02 -4.590564864117493649e+00
1.842000000000000000e+03 2.822474903018997452e+02 8.699303083589439822e+00 5.726661880303022395e-02 -4.580196328824791330e+00
1.843000000000000000e+03 2.811590804190522590e+02 8.738934646443599519e+00 5.720459097718826047e-02 -4.573519433963830316e+00
1.844000000000000000e+03 2.800745265947986127e+02 8.778605992094385968e+00 5.714250991239427924e-02 -4.570515493925178419e+00
1.845000000000000000e+03 2.789944372248655213e+02 8.818253531509688159e+00 5.708038030894458520e-02 -4.571151618512028669e+00
1.846000000000000000e+03 2.779194216280675960e+02 8.857962228138275051e+00 5.701820686853170672e-02 -4.575410421746100909e+00
1.847000000000000000e+03 2.768500900682084307e+02 8.897668460012681635e+00 5.695599429464526242e-02 -4.583260303611559117e+00
1.848000000000000000e+03 2.757848252704512788e+02 8.937308582881312802e+00 5.689374729300016725e-02 -4.594662873293069438e+00
1.849000000000000000e+03 2.747257251226648691e+02 8.976893209853606947e+00 5.683147057195835072e-02 -4.609595228860137617e+00
1.850000000000000000e+03 2.736719171811965339e+02 9.016358640554615889e+00 5.676916884289346515e-02 -4.628020238248661933e+00
1.851000000000000000e+03 2.726240107974807074e+02 9.055715994827590265e+00 5.670684682053190456e-02 -4.649926028872495287e+00
1.852000000000000000e+03 2.715825967555128955e+02 9.094904353485777193e+00 5.664450922319044790e-02 -4.675281044238619010e+00
1.853000000000000000e+03 2.705467763368365013e+02 9.134011893478877653e+00 5.658216077296691210e-02 -4.704056689820480308e+00
1.854000000000000000e+03 2.695178804220348638e+02 9.172829612598999205e+00 5.651980619577973153e-02 -4.736217544393726442e+00
1.855000000000000000e+03 2.684957553379610431e+02 9.211519877267644318e+00 5.645745022135860436e-02 -4.771713924863753675e+00
1.856000000000000000e+03 2.674809913858035770e+02 9.249947867303008664e+00 5.639509758300852854e-02 -4.810526449314932229e+00
1.857000000000000000e+03 2.664726943597377158e+02 9.288201556753900690e+00 5.633275301729570583e-02 -4.852614031280517715e+00
1.858000000000000000e+03 2.654721997465970276e+02 9.326146009229361766e+00 5.627042126353103135e-02 -4.897936157292837045e+00
1.859000000000000000e+03 2.644786157411649015e+02 9.363794791785405636e+00 5.620810706310555571e-02 -4.946460307514962906e+00
1.860000000000000000e+03 2.634940231177443479e+02 9.401161404325440785e+00 5.614581515865004618e-02 -4.998147091107694173e+00
1.861000000000000000e+03 2.625160469073041440e+02 9.438259276038360568e+00 5.608355029298844885e-02 -5.052950238087455581e+00
1.862000000000000000e+03 2.615467704462064376e+02 9.474953194865891604e+00 5.602131720789253755e-02 -5.110824019329094803e+00
1.863000000000000000e+03 2.605860498904577867e+02 9.511330721523133747e+00 5.595912064267199310e-02 -5.171738094718124401e+00
1.864000000000000000e+03 2.596337427513105922e+02 9.547405052033974826e+00 5.589696533254628202e-02 -5.235647791004965690e+00
1.865000000000000000e+03 2.586897079268263155e+02 9.582966447310379721e+00 5.583485600679900102e-02 -5.302508949568955465e+00
1.866000000000000000e+03 2.577538057344484059e+02 9.618176497797065849e+00 5.577279738679410959e-02 -5.372277917294548288e+00
1.867000000000000000e+03 2.568273836145912696e+02 9.652973852118265086e+00 5.571079418372460595e-02 -5.444911537265012313e+00
1.868000000000000000e+03 2.559103048249879464e+02 9.687297064295501414e+00 5.564885109624280457e-02 -5.520344854227475118e+00
1.869000000000000000e+03 2.550016913110016219e+02 9.721158874005544348e+00 5.558697280784465761e-02 -5.598535675037226156e+00
1.870000000000000000e+03 2.541028950817656380e+02 9.754571919879994724e+00 5.552516398415867360e-02 -5.679427417080914253e+00
1.871000000000000000e+03 2.532137840717557822e+02 9.787474452853183848e+00 5.546342926999588835e-02 -5.762963954988187254e+00
1.872000000000000000e+03 2.523334850130611358e+02 9.819878900067235961e+00 5.540177328631561149e-02 -5.849097038834445428e+00
1.873000000000000000e+03 2.514633548131585030e+02 9.851797578321011883e+00 5.534020062700147763e-02 -5.937771427139251657e+00
1.874000000000000000e+03 2.506025235827368078e+02 9.883094124069215169e+00 5.527871585557827400e-02 -6.028932304766834172e+00
1.875000000000000000e+03 2.497523516839825959e+02 9.913854907993339793e+00 5.521732350175079934e-02 -6.122510415632024916e+00
1.876000000000000000e+03 2.489119727585818396e+02 9.944017614603209765e+00 5.515602805792570174e-02 -6.218451765369002793e+00
1.877000000000000000e+03 2.480820079408589152e+02 9.973668373418197675e+00 5.509483397561690254e-02 -6.316695325414440454e+00
1.878000000000000000e+03 2.472623373904233119e+02 1.000267033868438382e+01 5.503374566180711108e-02 -6.417180450362878652e+00
1.879000000000000000e+03 2.464528431644600630e+02 1.003103510417655642e+01 5.497276747528721114e-02 -6.519846866848078903e+00
1.880000000000000000e+03 2.456534092543770669e+02 1.005884841704635235e+01 5.491190372299534911e-02 -6.624634662305600941e+00
1.881000000000000000e+03 2.448654072917190945e+02 1.008589875772281097e+01 5.485115865632487347e-02 -6.731484273621543224e+00
1.882000000000000000e+03 2.440879824079584921e+02 1.011234588891160335e+01 5.479053646747004958e-02 -6.840329047322356359e+00
1.883000000000000000e+03 2.433210246084003359e+02 1.013812658511647413e+01 5.473004128586082817e-02 -6.951102656361373811e+00
1.884000000000000000e+03 2.425644259696922802e+02 1.016325176425674037e+01 5.466967717460893827e-02 -7.063753945156869385e+00
1.885000000000000000e+03 2.418188235059574254e+02 1.018758363483426166e+01 5.460944812705945811e-02 -7.178224632785113357e+00
1.886000000000000000e+03 2.410848563633012702e+02 1.021120711118843261e+01 5.454935806346384447e-02 -7.294434444434958920e+00
1.887000000000000000e+03 2.403609373425487945e+02 1.023413267729779008e+01 5.448941082773730432e-02 -7.412340526281178121e+00
1.888000000000000000e+03 2.396484527703772756e+02 1.025629638466144655e+01 5.442961018439985282e-02 -7.531855721624328481e+00
1.889000000000000000e+03 2.389465626781171750e+02 1.027770841725641837e+01 5.436995981561512647e-02 -7.652907985611553165e+00
1.890000000000000000e+03 2.382559149987559692e+02 1.029837880605897915e+01 5.431046331848048830e-02 -7.775425516386166080e+00
1.891000000000000000e+03 2.375764170815401997e+02 1.031824314363841211e+01 5.425112420240715827e-02 -7.899336742873845907e+00
1.892000000000000000e+03 2.369087213794061597e+02 1.033731114933122441e+01 5.419194588677189034e-02 -8.024555455809533555e+00
1.893000000000000000e+03 2.362519969589095012e+02 1.035559238398154491e+01 5.413293169874863753e-02 -8.151017937162199800e+00
1.894000000000000000e+03 2.356061580178611905e+02 1.037309624825819654e+01 5.407408487133422148e-02 -8.278653234358404944e+00
1.895000000000000000e+03 2.349718638953907828e+02 1.038983198104647876e+01 5.401540854164166294e-02 -8.407375719512634404e+00
1.896000000000000000e+03 2.343490334094227592e+02 1.040573437441256921e+01 5.395690574939569079e-02 -8.537122218720170963e+00
1.897000000000000000e+03 2.337375876966652868e+02 1.042081233915094884e+01 5.389857943567703813e-02 -8.667829714513889172e+00
1.898000000000000000e+03 2.331374502150011097e+02 1.043500033639766933e+01 5.384043244188579935e-02 -8.799427904992375815e+00
1.899000000000000000e+03 2.325485467433099984e+02 1.044838122683218273e+01 5.378246750898646455e-02 -8.931846619624549177e+00
1.900000000000000000e+03 2.319715482137648053e+02 1.046088913543801091e+01 5.372468727694053314e-02 -9.065008378334415085e+00
1.901000000000000000e+03 2.314049040052212831e+02 1.047253216351228033e+01 5.366709428440869650e-02 -9.198853066190112671e+00
1.902000000000000000e+03 2.308500556968842830e+02 1.048324340854923875e+01 5.360969096867004152e-02 -9.333315414066616356e+00
1.903000000000000000e+03 2.303062232967964462e+02 1.049317850928558293e+01 5.355247966579596702e-02 -9.468310351050664764e+00
1.904000000000000000e+03 2.297741147657620786e+02 1.050212151410232231e+01 5.349546261100202038e-02 -9.603879156636409675e+00
1.905000000000000000e+03 2.292529546625305557e+02 1.051022771520306165e+01 5.343864193924625916e-02 -9.739803173926075530e+00
1.906000000000000000e+03 2.287434554670241766e+02 1.051742937982373682e+01 5.338201968601041791e-02 -9.876123781571813254e+00
1.907000000000000000e+03 2.282448462213202163e+02 1.052373288354858616e+01 5.332559778827413582e-02 -1.001280810545444488e+01
1.908000000000000000e+03 2.277571010138784686e+02 1.052914442618968494e+01 5.326937808567173971e-02 -1.014967472264165060e+01
1.909000000000000000e+03 2.272816817919165544e+02 1.053367003124485457e+01 5.321336232180404885e-02 -1.028676506638687727e+01
1.910000000000000000e+03 2.268170813269422013e+02 1.053724126192858535e+01 5.315755214570692250e-02 -1.042404627963636088e+01
1.911000000000000000e+03 2.263632801990574421e+02 1.053986378778578370e+01 5.310194911343418117e-02 -1.056133691907947991e+01
1.912000000000000000e+03 2.259210039347071302e+02 1.054161738437540130e+01 5.304655468977950011e-02 -1.069860407675231606e+01
1.913000000000000000e+03 2.254894944731466069e+02 1.054243308252113032e+01 5.299137025008346380e-02 -1.083588908417456587e+01
1.914000000000000000e+03 2.250687386419815823e+02 1.054231601865127566e+01 5.293639708212079242e-02 -1.097301036602973845e+01
1.915000000000000000e+03 2.246594681267110047e+02 1.054127115120233960e+01 5.288163638806722688e-02 -1.111000912892631476e+01
1.916000000000000000e+03 2.242609309344274209e+02 1.053922897709592377e+01 5.282708928647885521e-02 -1.124677793169218987e+01
1.917000000000000000e+03 2.238731198670560048e+02 1.053634266580095513e+01 5.277275681433189064e-02 -1.138320924025265413e+01
1.918000000000000000e+03 2.234960296540332365e+02 1.053246807494071824e+01 5.271863992905087559e-02 -1.151934398257931491e+01
1.919000000000000000e+03 2.231303997547248059e+02 1.052775801850925141e+01 5.266473951054596175e-02 -1.165500011919745482e+01
1.920000000000000000e+03 2.227747429855547807e+02 1.052206799911904156e+01 5.261105636320684287e-02 -1.179021833230187433e+01
1.921000000000000000e+03 2.224298024973565475e+02 1.051547619285700641e+01 5.255759121786142407e-02 -1.192489059643117955e+01
1.922000000000000000e+03 2.220955804025820441e+02 1.050791203218068937e+01 5.250434473368310179e-02 -1.205898301725292576e+01
1.923000000000000000e+03 2.217713377428411832e+02 1.049952762390912930e+01 5.245131750003148574e-02 -1.219238725293210379e+01
1.924000000000000000e+03 2.214585657968899568e+02 1.049025204875535877e+01 5.239851003817625613e-02 -1.232506906961033444e+01
1.925000000000000000e+03 2.211550433687735904e+02 1.048001421244991604e+01 5.234592280296279654e-02 -1.245699404648311059e+01
1.926000000000000000e+03 2.208615222719456881e+02 1.046889141342978746e+01 5.229355618432845326e-02 -1.258812756448992154e+01
1.927000000000000000e+03 2.205787559587008388e+02 1.045688649308224427e+01 5.224141050872995601e-02 -1.271828622811450415e+01
1.928000000000000000e+03 2.203052709853440945e+02 1.044400212006540052e+01 5.218948604041704492e-02 -1.284758355532503948e+01
1.929000000000000000e+03 2.200418239933601683e+02 1.043016650768996634e+01 5.213778298257058796e-02 -1.297583569860372954e+01
1.930000000000000000e+03 2.197884303411575786e+02 1.041545626537649838e+01 5.208630147832503388e-02 -1.310300713514066651e+01
1.931000000000000000e+03 2.195443640767761622e+02 1.039987354916265794e+01 5.203504161159684671e-02 -1.322906208914116810e+01
1.932000000000000000e+03 2.193089007465069074e+02 1.038349462978723636e+01 5.198400340779265466e-02 -1.335396452127637268e+01
1.933000000000000000e+03 2.190835458744635105e+02 1.036617275982290565e+01 5.193318683433620353e-02 -1.347767811827617024e+01
1.934000000000000000e+03 2.188668350928026882e+02 1.034798387589701996e+01 5.188259180108580754e-02 -1.360009199916655298e+01
1.935000000000000000e+03 2.186595339631841171e+02 1.032892946594987293e+01 5.183221816053557723e-02 -1.372116927216529447e+01
1.936000000000000000e+03 2.184609237787917948e+02 1.030901085406719986e+01 5.178206570793605218e-02 -1.384087274122530253e+01
1.937000000000000000e+03 2.182710300473836469e+02 1.028830348537388240e+01 5.173213418120565371e-02 -1.395909061273705198e+01
1.938000000000000000e+03 2.180898796350189741e+02 1.026673407697807860e+01 5.168242326075279947e-02 -1.407585933640392639e+01
1.939000000000000000e+03 2.179167579105072718e+02 1.024437775349270652e+01 5.163293256912072221e-02 -1.419106646176696707e+01
1.940000000000000000e+03 2.177516943955847069e+02 1.022116091459602671e+01 5.158366167055176282e-02 -1.430474776292001948e+01
1.941000000000000000e+03 2.175947199105899017e+02 1.019715837067071185e+01 5.153461007039129849e-02 -1.441679009537894629e+01
1.942000000000000000e+03 2.174458665556542201e+02 1.017237049398308102e+01 5.148577721444275168e-02 -1.452707995414331599e+01
1.943000000000000000e+03 2.173051676922881654e+02 1.014679750392946289e+01 5.143716248816741776e-02 -1.463572631544144009e+01
1.944000000000000000e+03 2.171711722552128663e+02 1.012043946883625800e+01 5.138876521585277607e-02 -1.474254064363436179e+01
1.945000000000000000e+03 2.170446589095578815e+02 1.009329630781558151e+01 5.134058465969209423e-02 -1.484755686734196800e+01
1.946000000000000000e+03 2.169256646929141823e+02 1.006536779267567105e+01 5.129262001882785998e-02 -1.495065995372917023e+01
1.947000000000000000e+03 2.168134849974548501e+02 1.003672783338780583e+01 5.124487042832500533e-02 -1.505188303450729315e+01
1.948000000000000000e+03 2.167081592219578567e+02 1.000730162959636615e+01 5.119733495816872204e-02 -1.515111026411110728e+01
1.949000000000000000e+03 2.166089850834639208e+02 9.977162806698778752e+00 5.115001261221650136e-02 -1.524829966259130920e+01
1.950000000000000000e+03 2.165160042686528072e+02 9.946236283956968904e+00 5.110290232717577819e-02 -1.534348310820005601e+01
1.951000000000000000e+03 2.164300107377648033e+02 9.914594784465132093e+00 5.105600297159576528e-02 -1.543654387224318292e+01
1.952000000000000000e+03 2.163496043339924881e+02 9.882234108221146229e+00 5.100931334491119046e-02 -1.552744064029558757e+01
1.953000000000000000e+03 2.162748799688310726e+02 9.849223580045109117e+00 5.096283217652525233e-02 -1.561620632768642203e+01
1.954000000000000000e+03 2.162059336076090119e+02 9.815558111107133499e+00 5.091655812497582895e-02 -1.570279911333132361e+01
1.955000000000000000e+03 2.161428622472319319e+02 9.781158201292738497e+00 5.087048977718191395e-02 -1.578710243335164343e+01
1.956000000000000000e+03 2.160850210578799420e+02 9.746092792121638482e+00 5.082462564777801700e-02 -1.586922210891584228e+01
1.957000000000000000e+03 2.160325090286705461e+02 9.710430702198896924e+00 5.077896417855516653e-02 -1.594911492277199727e+01
1.958000000000000000e+03 2.159854261070568100e+02 9.674166346212368595e+00 5.073350373803726249e-02 -1.602658861350790431e+01
1.959000000000000000e+03 2.159431303369663340e+02 9.637294020977881459e+00 5.068824262118388352e-02 -1.610182185454484127e+01
1.960000000000000000e+03 2.159057235006925737e+02 9.599733624521027409e+00 5.064317904924624247e-02 -1.617462141380634932e+01
1.961000000000000000e+03 2.158733082543382693e+02 9.561627792711940188e+00 5.059831116974551624e-02 -1.624509070015293943e+01
1.962000000000000000e+03 2.158445024268180816e+02 9.522970484416882542e+00 5.055363705663213497e-02 -1.631310977399611772e+01
1.963000000000000000e+03 2.158208959976156507e+02 9.483681267702934292e+00 5.050915471061102890e-02 -1.637870676016278182e+01
1.964000000000000000e+03 2.158011083827251184e+02 9.443828173084625632e+00 5.046486205963598287e-02 -1.644183499296033801e+01
1.965000000000000000e+03 2.157845025744431950e+02 9.403404845791204281e+00 5.042075695956638876e-02 -1.650244729547362255e+01
1.966000000000000000e+03 2.157726707746153920e+02 9.362479115580802258e+00 5.037683719501954288e-02 -1.656057025908374669e+01
1.967000000000000000e+03 2.157642345112000442e+02 9.320970149075256117e+00 5.033310048038305839e-02 -1.661615567270213845e+01
1.968000000000000000e+03 2.157585587737010258e+02 9.279019870146674620e+00 5.028954446103296033e-02 -1.666922908623750033e+01
1.969000000000000000e+03 2.157572376421308320e+02 9.236472978304547610e+00 5.024616671467405787e-02 -1.671974124027598307e+01
1.970000000000000000e+03 2.157581515643767602e+02 9.193545503151931086e+00 5.020296475292986699e-02 -1.676771662999493273e+01
1.971000000000000000e+03 2.157621528277020957e+02 9.150156255824416718e+00 5.015993602303470827e-02 -1.681303065178773082e+01
1.972000000000000000e+03 2.157693513386772679e+02 9.106298249490524910e+00 5.011707790971942772e-02 -1.685585530163488599e+01
1.973000000000000000e+03 2.157783717420664686e+02 9.061964418862016757e+00 5.007438773726989589e-02 -1.689599062116142392e+01
1.974000000000000000e+03 2.157900675488077127e+02 9.017221906732881820e+00 5.003186277169006935e-02 -1.693345896346056279e+01
1.975000000000000000e+03 2.158045497478052255e+02 8.972063500032932737e+00 4.998950022304743390e-02 -1.696835642411609513e+01
1.976000000000000000e+03 2.158204439219363735e+02 8.926556199912196732e+00 4.994729724792724285e-02 -1.700055570544331829e+01
1.977000000000000000e+03 2.158378615384323780e+02 8.880618374332099663e+00 4.990525095201796962e-02 -1.703007753247591438e+01
1.978000000000000000e+03 2.158569142284724194e+02 8.834242611689578695e+00 4.986335839278267790e-02 -1.705694208465849826e+01
1.979000000000000000e+03 2.158769709012849773e+02 8.787644290955105575e+00 4.982161658225639500e-02 -1.708109471126466161e+01
1.980000000000000000e+03 2.158988861979566138e+02 8.740593033298257097e+00 4.978002248990868323e-02 -1.710255449754513535e+01
1.981000000000000000e+03 2.159212862647737836e+02 8.693304107279381299e+00 4.973857304556345699e-02 -1.712133998059076845e+01
1.982000000000000000e+03 2.159450257117019589e+02 8.645695596998379528e+00 4.969726514240584841e-02 -1.713746914891993001e+01
1.983000000000000000e+03 2.159694733855824040e+02 8.597759822791738671e+00 4.965609564000451198e-02 -1.715095944228749048e+01
1.984000000000000000e+03 2.159939979886266315e+02 8.549637627928889927e+00 4.961506136736192063e-02 -1.716175346821226100e+01
1.985000000000000000e+03 2.160194536971628452e+02 8.501246964301428122e+00 4.957415912598983621e-02 -1.716986756923261837e+01
1.986000000000000000e+03 2.160444659355875956e+02 8.452580029641355353e+00 4.953338569296699551e-02 -1.717531753987458032e+01
1.987000000000000000e+03 2.160698883360973923e+02 8.403777554236917524e+00 4.949273782398360549e-02 -1.717811862734182426e+01
1.988000000000000000e+03 2.160950885137714295e+02 8.354757386637182037e+00 4.945221225636855372e-02 -1.717828553242462775e+01
1.989000000000000000e+03 2.161194336875734052e+02 8.305585914383964763e+00 4.941180571205602140e-02 -1.717575812712434669e+01
1.990000000000000000e+03 2.161437763022082095e+02 8.256180933222280416e+00 4.937151490052266167e-02 -1.717062430650546290e+01
1.991000000000000000e+03 2.161674826407897854e+02 8.206683067832997835e+00 4.933133652159759491e-02 -1.716282285624666670e+01
1.992000000000000000e+03 2.161899184487194816e+02 8.157010074036371350e+00 4.929126726824110266e-02 -1.715236630492540471e+01
1.993000000000000000e+03 2.162104488886659794e+02 8.107228259520100622e+00 4.925130382923860461e-02 -1.713934092600984371e+01
1.994000000000000000e+03 2.162306670018560055e+02 8.057403920045716816e+00 4.921144289174510938e-02 -1.712360960605487037e+01
1.995000000000000000e+03 2.162484509854008934e+02 8.007454775649515355e+00 4.917168114376663929e-02 -1.710533183163862603e+01
1.996000000000000000e+03 2.162653925014509468e+02 7.957372824349262075e+00 4.913201527646555988e-02 -1.708444370747594121e+01
1.997000000000000000e+03 2.162801111223086252e+02 7.907298628837962973e+00 4.909244198640818485e-02 -1.706095509327015236e+01
1.998000000000000000e+03 2.162919684673747724e+02 7.857224185655986126e+00 4.905295797762890264e-02 -1.703494960676438907e+01
1.999000000000000000e+03 2.163025538365401417e+02 7.807067211865392764e+00 4.901355996357358025e-02 -1.700636177649368719e+01
2.000000000000000000e+03 2.163097414948746575e+02 7.756893998717744765e+00 4.897424466889433586e-02 -1.697527417926146853e+01
2.001000000000000000e+03 2.163151232806781934e+02 7.706770355295056163e+00 4.893500883111122357e-02 -1.694161871287828092e+01
2.002000000000000000e+03 2.163173359323184286e+02 7.656685850635987833e+00 4.889584920211463570e-02 -1.690554322678073973e+01
2.003000000000000000e+03 2.163165051939568855e+02 7.606629577862562108e+00 4.885676254952477787e-02 -1.686697061586353641e+01
2.004000000000000000e+03 2.163127558253254676e+02 7.556590649784892477e+00 4.881774565792916520e-02 -1.682589755569069467e+01
2.005000000000000000e+03 2.163062115744417042e+02 7.506706768992127188e+00 4.877879532993515538e-02 -1.678239450697215673e+01
2.006000000000000000e+03 2.162962523168146163e+02 7.456818529905270054e+00 4.873990838709053863e-02 -1.673645715323187133e+01
2.007000000000000000e+03 2.162822568661795515e+02 7.407063689845707621e+00 4.870108167072698113e-02 -1.668815497268033710e+01
2.008000000000000000e+03 2.162650886216926835e+02 7.357431471048614391e+00 4.866231204256895454e-02 -1.663740839276668737e+01
2.009000000000000000e+03 2.162441242063578386e+02 7.307911130674963118e+00 4.862359638531150996e-02 -1.658428592943818458e+01
2.010000000000000000e+03 2.162194819519523321e+02 7.258566247298808172e+00 4.858493160301205482e-02 -1.652878134206956062e+01
2.011000000000000000e+03 2.161905362100864920e+02 7.209311873361207823e+00 4.854631462141136000e-02 -1.647088792258719891e+01
2.012000000000000000e+03 2.161574030045513837e+02 7.160211672117331894e+00 4.850774238815005329e-02 -1.641067278477538238e+01
2.013000000000000000e+03 2.161194543446815430e+02 7.111255070040767734e+00 4.846921187285680582e-02 -1.634812830325438782e+01
2.014000000000000000e+03 2.160775467148761777e+02 7.062505826713998403e+00 4.843072006718344980e-02 -1.628332068664484211e+01
2.015000000000000000e+03 2.160310497198991300e+02 7.013953470681555835e+00 4.839226398478133073e-02 -1.621624141689553511e+01
2.016000000000000000e+03 2.159793317411972282e+02 6.965661869284957675e+00 4.835384066115980956e-02 -1.614695582279122021e+01
2.017000000000000000e+03 2.159239884290253997e+02 6.917546380955824858e+00 4.831544715352854152e-02 -1.607552880311975585e+01
2.018000000000000000e+03 2.158629000099934956e+02 6.869670991996272846e+00 4.827708054061576742e-02 -1.600195055000273925e+01
2.019000000000000000e+03 2.157976596256714572e+02 6.822099752313117271e+00 4.823873792241618885e-02 -1.592628512289336840e+01
2.020000000000000000e+03 2.157268878062418480e+02 6.774748211119875130e+00 4.820041641992942050e-02 -1.584859617222321759e+01
2.021000000000000000e+03 2.156514323049913173e+02 6.727754837123101517e+00 4.816211317492297139e-02 -1.576879837969879539e+01
2.022000000000000000e+03 2.155713967478827442e+02 6.680990750045645576e+00 4.812382534964255304e-02 -1.568702888326437694e+01
2.023000000000000000e+03 2.154853977884786786e+02 6.634572279398502914e+00 4.808555012658014688e-02 -1.560335015068688058e+01
2.024000000000000000e+03 2.153942792732159432e+02 6.588474692836388868e+00 4.804728470825598424e-02 -1.551767570378898498e+01
2.025000000000000000e+03 2.152981408915841541e+02 6.542703050745018345e+00 4.800902631701671475e-02 -1.543006726033107157e+01
2.026000000000000000e+03 2.151955953314417229e+02 6.497277352034138254e+00 4.797077219488847522e-02 -1.534066045851301574e+01
2.027000000000000000e+03 2.150874824444832143e+02 6.452202823191075964e+00 4.793251960349086821e-02 -1.524936773109635446e+01
2.028000000000000000e+03 2.149738978964262230e+02 6.407492205746117442e+00 4.789426582398828569e-02 -1.515624973117252061e+01
2.029000000000000000e+03 2.148541931571949419e+02 6.363150901945736848e+00 4.785600815711962136e-02 -1.506136677353270414e+01
2.030000000000000000e+03 2.147284611610061233e+02 6.319199262135208883e+00 4.781774392330759987e-02 -1.496477884315727458e+01
2.031000000000000000e+03 2.145975362962220743e+02 6.275650301996918756e+00 4.777947046283300553e-02 -1.486647132031279739e+01
2.032000000000000000e+03 2.144600230548913657e+02 6.232502276445399225e+00 4.774118513610607628e-02 -1.476657783976446758e+01
2.033000000000000000e+03 2.143160101972806331e+02 6.189783251929420693e+00 4.770288532401796566e-02 -1.466508316557189140e+01
2.034000000000000000e+03 2.141663279060075809e+02 6.147499110135190570e+00 4.766456842838472791e-02 -1.456204605049843614e+01
2.035000000000000000e+03 2.140103192698690009e+02 6.105663263495706872e+00 4.762623187249673262e-02 -1.445745067799963834e+01
2.036000000000000000e+03 2.138480687775634976e+02 6.064274372200914698e+00 4.758787310174820290e-02 -1.435142952181072928e+01
2.037000000000000000e+03 2.136789166360401566e+02 6.023338631260949150e+00 4.754948958436838041e-02 -1.424389193759628647e+01
2.038000000000000000e+03 2.135036872637406873e+02 5.982877200819622487e+00 4.751107881224665014e-02 -1.413504415670715808e+01
2.039000000000000000e+03 2.133217179384533324e+02 5.942889066316237034e+00 4.747263830185251277e-02 -1.402479502747245554e+01
2.040000000000000000e+03 2.131330872901584712e+02 5.903388182098926684e+00 4.743416559524717135e-02 -1.391327600909698603e+01
2.041000000000000000e+03 2.129371296186000961e+02 5.864373759833869215e+00 4.739565826119401110e-02 -1.380046976359192001e+01
2.042000000000000000e+03 2.127346633858723237e+02 5.825859983663896458e+00 4.735711389633922436e-02 -1.368643301578392979e+01
2.043000000000000000e+03 2.125257626987929882e+02 5.787861155212132402e+00 4.731853012647456447e-02 -1.357122227936838321e+01
2.044000000000000000e+03 2.123097572963398534e+02 5.750384266881703788e+00 4.727990460788587118e-02 -1.345489386651431296e+01
2.045000000000000000e+03 2.120874610422038131e+02 5.713436431801013349e+00 4.724123502875095248e-02 -1.333750389751420506e+01
2.046000000000000000e+03 2.118582005722703627e+02 5.677024885363123552e+00 4.720251911062432054e-02 -1.321903402697159891e+01
2.047000000000000000e+03 2.116213009524155098e+02 5.641156986708820043e+00 4.716375460996313773e-02 -1.309968858753706478e+01
2.048000000000000000e+03 2.113783141715585714e+02 5.605855076853266894e+00 4.712493931969964633e-02 -1.297944889865057760e+01
2.049000000000000000e+03 2.111285621197886542e+02 5.571111909953097907e+00 4.708607107083688514e-02 -1.285837041033604677e+01
2.050000000000000000e+03 2.108721079171113502e+02 5.536942653068621212e+00 4.704714773412358580e-02 -1.273643414600374513e+01
2.051000000000000000e+03 2.106082675278673548e+02 5.503340341393384350e+00 4.700816722169272321e-02 -1.261376765811426814e+01
2.052000000000000000e+03 2.103378301415535248e+02 5.470313093435713370e+00 4.696912748874496751e-02 -1.249034219000064816e+01
2.053000000000000000e+03 2.100600949367593842e+02 5.437876611564049334e+00 4.693002653524502160e-02 -1.236620125023513772e+01
2.054000000000000000e+03 2.097751022816989348e+02 5.406024445599959094e+00 4.689086240757302237e-02 -1.224146252715589078e+01
2.055000000000000000e+03 2.094828908907486777e+02 5.374765135582279640e+00 4.685163320019164468e-02 -1.211602076471666756e+01
2.056000000000000000e+03 2.091842406518293274e+02 5.344099927668630734e+00 4.681233705727685934e-02 -1.199006775686256177e+01
2.057000000000000000e+03 2.088777012795210339e+02 5.314045060077524418e+00 4.677297217434567278e-02 -1.186349808936288852e+01
2.058000000000000000e+03 2.085647921543759082e+02 5.284594622167431588e+00 4.673353679976363639e-02 -1.173650341767515215e+01
2.059000000000000000e+03 2.082440596378366422e+02 5.255750268606747433e+00 4.669402923629979024e-02 -1.160905249225866775e+01
2.060000000000000000e+03 2.079170197485934466e+02 5.227528648431664315e+00 4.665444784255615845e-02 -1.148111401889696914e+01
2.061000000000000000e+03 2.075822154796300083e+02 5.199924263941092306e+00 4.661479103433396193e-02 -1.135287951900022385e+01
2.062000000000000000e+03 2.072411594768069847e+02 5.172946613032504359e+00 4.657505728598396871e-02 -1.122424335485924374e+01
2.063000000000000000e+03 2.068923913582250123e+02 5.146590476324185204e+00 4.653524513156817588e-02 -1.109539700741015267e+01
2.064000000000000000e+03 2.065366775601796689e+02 5.120873059368191704e+00 4.649535316606163288e-02 -1.096630910143128368e+01
2.065000000000000000e+03 2.061747828341160016e+02 5.095781994599122733e+00 4.645538004635059448e-02 -1.083694826573137959e+01
2.066000000000000000e+03 2.058052417448595861e+02 5.071327340125201921e+00 4.641532449220003159e-02 -1.070750599330093777e+01
2.067000000000000000e+03 2.054288156853688747e+02 5.047511866605677966e+00 4.637518528709540233e-02 -1.057787666639835500e+01
2.068000000000000000e+03 2.050462643775757385e+02 5.024331057468571338e+00 4.633496127897454575e-02 -1.044825183413009562e+01
2.069000000000000000e+03 2.046561173745474491e+02 5.001787965768477839e+00 4.629465138086271553e-02 -1.031852595394422067e+01
2.070000000000000000e+03 2.042598739142244710e+02 4.979893214283817926e+00 4.625425457138088170e-02 -1.018881638561177283e+01
2.071000000000000000e+03 2.038568030841313714e+02 4.958635282153377233e+00 4.621376989515538908e-02 -1.005916626662751057e+01
2.072000000000000000e+03 2.034461723376535929e+02 4.938017646605805666e+00 4.617319646306779213e-02 -9.929618805067317311e+00
2.073000000000000000e+03 2.030294760116162820e+02 4.918036497828149223e+00 4.613253345249112430e-02 -9.800217288883862565e+00
2.074000000000000000e+03 2.026059783299212427e+02 4.898703023877616580e+00 4.609178010727991992e-02 -9.670930811637624913e+00
2.075000000000000000e+03 2.021764275937185857e+02 4.880013697083551705e+00 4.605093573775771720e-02 -9.541877132172597697e+00
2.076000000000000000e+03 2.017393420225584748e+02 4.861957702143353544e+00 4.600999972052580850e-02 -9.413025549706247830e+00
2.077000000000000000e+03 2.012962096170396364e+02 4.844546649212281508e+00 4.596897149819247075e-02 -9.284494046868070782e+00
2.078000000000000000e+03 2.008462883322656580e+02 4.827770003434499912e+00 4.592785057898841200e-02 -9.156326448146312913e+00
2.079000000000000000e+03 2.003903202727185544e+02 4.811639654621486351e+00 4.588663653627245848e-02 -9.028492428764737454e+00
2.080000000000000000e+03 1.999283032080012106e+02 4.796137918322087579e+00 4.584532900798030802e-02 -8.901110373986442781e+00
2.081000000000000000e+03 1.994602334297017308e+02 4.781276962092016802e+00 4.580392769588213786e-02 -8.774150253816802802e+00
2.082000000000000000e+03 1.989861057742002401e+02 4.767054234805963020e+00 4.576243236487390065e-02 -8.647730765639847661e+00
2.083000000000000000e+03 1.985059136463891605e+02 4.753459894368424088e+00 4.572084284210277405e-02 -8.521896492247705623e+00
2.084000000000000000e+03 1.980196490442499169e+02 4.740506520422824721e+00 4.567915901605118512e-02 -8.396617910284973618e+00
2.085000000000000000e+03 1.975287882542755256e+02 4.728169686805874683e+00 4.563738083552707631e-02 -8.272014249105076544e+00
2.086000000000000000e+03 1.970310920324055246e+02 4.716462244255369640e+00 4.559550830860523846e-02 -8.148056365010596380e+00
2.087000000000000000e+03 1.965280339810597070e+02 4.705374892763049210e+00 4.555354150152337439e-02 -8.024789599909519566e+00
2.088000000000000000e+03 1.960203435663851508e+02 4.694898465730569903e+00 4.551148053749586725e-02 -7.902259505856957134e+00
2.089000000000000000e+03 1.955065204761529003e+02 4.685038785726152177e+00 4.546932559551693231e-02 -7.780511852991756960e+00
2.090000000000000000e+03 1.949872916583429969e+02 4.675786950091462835e+00 4.542707690909889018e-02 -7.659592637362601764e+00
2.091000000000000000e+03 1.944626400099054422e+02 4.667141614952537765e+00 4.538473476502053600e-02 -7.539473805138099394e+00
2.092000000000000000e+03 1.939325472410118039e+02 4.659094137432581384e+00 4.534229950199664128e-02 -7.420276110710349649e+00
2.093000000000000000e+03 1.933977367396128386e+02 4.651636002869151909e+00 4.529977150940952407e-02 -7.302046273664218212e+00
2.094000000000000000e+03 1.928581879311686578e+02 4.644766251985815941e+00 4.525715122595302259e-02 -7.184682702629073603e+00
2.095000000000000000e+03 1.923131363086206989e+02 4.638484051318310541e+00 4.521443913833426975e-02 -7.068381203523036227e+00
2.096000000000000000e+03 1.917640448026012905e+02 4.632773835246204008e+00 4.517163577994892654e-02 -6.953115002136507350e+00
2.097000000000000000e+03 1.912101468014793966e+02 4.627635018082409069e+00 4.512874172958678681e-02 -6.838887315010887313e+00
2.098000000000000000e+03 1.906514175216925082e+02 4.623067136018196521e+00 4.508575761016960642e-02 -6.725775926376571512e+00
2.099000000000000000e+03 1.900885740379696358e+02 4.619047560675677566e+00 4.504268408744629970e-02 -6.613799484548577468e+00
2.100000000000000000e+03 1.895208468084261142e+02 4.615583496120983398e+00 4.499952186880960825e-02 -6.502984363639892074e+00
2.101000000000000000e+03 1.889489448779455927e+02 4.612667846327580534e+00 4.495627170207044943e-02 -6.393364128197464247e+00
2.102000000000000000e+03 1.883728089026681403e+02 4.610280530789390596e+00 4.491293437432607866e-02 -6.284970485777273019e+00
2.103000000000000000e+03 1.877923725151813414e+02 4.608431735929097606e+00 4.486951071083791071e-02 -6.177827490072106187e+00
2.104000000000000000e+03 1.872075685209030667e+02 4.607116904353042663e+00 4.482600157395461027e-02 -6.071974373724674301e+00
2.105000000000000000e+03 1.866190717624735669e+02 4.606324161563591701e+00 4.478240786210453683e-02 -5.967428412403828375e+00
2.106000000000000000e+03 1.860260706438032798e+02 4.606041742633462555e+00 4.473873050885641967e-02 -5.864207215528941752e+00
2.107000000000000000e+03 1.854299813340555545e+02 4.606280275543162439e+00 4.469497048196188066e-02 -5.762351016838239914e+00
2.108000000000000000e+03 1.848292479510482167e+02 4.607020780979010688e+00 4.465112878253724854e-02 -5.661878109646690582e+00
2.109000000000000000e+03 1.842260281047605588e+02 4.608259240648201249e+00 4.460720644427556419e-02 -5.562821993796526421e+00
2.110000000000000000e+03 1.836187645750605668e+02 4.609991738756267665e+00 4.456320453268017290e-02 -5.465194238943060334e+00
2.111000000000000000e+03 1.830088708545956990e+02 4.612214460149981932e+00 4.451912414441511895e-02 -5.369029059529351500e+00
2.112000000000000000e+03 1.823955313309680548e+02 4.614916260075649923e+00 4.447496640666345064e-02 -5.274353606092721414e+00
2.113000000000000000e+03 1.817794154888934486e+02 4.618093518954358601e+00 4.443073247657514796e-02 -5.181165684754180489e+00
2.114000000000000000e+03 1.811597065968214224e+02 4.621735283723110044e+00 4.438642354077271951e-02 -5.089508045092308919e+00
2.115000000000000000e+03 1.805378159084698098e+02 4.625830694194256409e+00 4.434204081486803339e-02 -4.999379244141369583e+00
2.116000000000000000e+03 1.799129256787823579e+02 4.630376409383064384e+00 4.429758554310401358e-02 -4.910807933923460489e+00
2.117000000000000000e+03 1.792857033648674587e+02 4.635369177103731531e+00 4.425305899796869169e-02 -4.823808295203790841e+00
2.118000000000000000e+03 1.786553303114301627e+02 4.640790975184629019e+00 4.420846247994562189e-02 -4.738409754574829158e+00
2.119000000000000000e+03 1.780232159511608074e+02 4.646638722755454864e+00 4.416379731720296298e-02 -4.654619846213186918e+00
2.120000000000000000e+03 1.773877979845701702e+02 4.652901993053550456e+00 4.411906486542275380e-02 -4.572446500263001035e+00
2.121000000000000000e+03 1.767512279199884233e+02 4.659577867953349717e+00 4.407426650759156683e-02 -4.491912902692592802e+00
2.122000000000000000e+03 1.761119427478699606e+02 4.666648650717077018e+00 4.402940365388426092e-02 -4.413027784872522119e+00
2.123000000000000000e+03 1.754706076453500430e+02 4.674119005520874559e+00 4.398447774154169709e-02 -4.335807711427880129e+00
2.124000000000000000e+03 1.748286303303714533e+02 4.681963956752150935e+00 4.393949023475895305e-02 -4.260269654511396276e+00
2.125000000000000000e+03 1.741837040755537203e+02 4.690180885185458060e+00 4.389444262464552160e-02 -4.186423567898351905e+00
2.126000000000000000e+03 1.735379789173513529e+02 4.698767240631885223e+00 4.384933642914165541e-02 -4.114279817603215150e+00
2.127000000000000000e+03 1.728906333295722391e+02 4.707705682915507950e+00 4.380417319302023355e-02 -4.043856612317744847e+00
2.128000000000000000e+03 1.722423312572040288e+02 4.716986364579001112e+00 4.375895448779799218e-02 -3.975157720269140160e+00
2.129000000000000000e+03 1.715929936349463958e+02 4.726599500166958734e+00 4.371368191172763512e-02 -3.908187327650930687e+00
2.130000000000000000e+03 1.709417984107700477e+02 4.736535363839291080e+00 4.366835708974652064e-02 -3.842972325225397334e+00
2.131000000000000000e+03 1.702901519095505591e+02 4.746784286965425537e+00 4.362298167342987254e-02 -3.779517739595572579e+00
2.132000000000000000e+03 1.696372318464479179e+02 4.757344084050632915e+00 4.357755734092086386e-02 -3.717836447801709188e+00
2.133000000000000000e+03 1.689837015255776578e+02 4.768190336894024384e+00 4.353208579686636270e-02 -3.657919464938158782e+00
2.134000000000000000e+03 1.683294813585192742e+02 4.779328390583414965e+00 4.348656877226973749e-02 -3.599780515095693190e+00
2.135000000000000000e+03 1.676752345580050871e+02 4.790733924221571627e+00 4.344100802438106979e-02 -3.543426318624713911e+00
2.136000000000000000e+03 1.670208814915843902e+02 4.802397518542292687e+00 4.339540533655606575e-02 -3.488849164273354120e+00
2.137000000000000000e+03 1.663655997054285365e+02 4.814317225062350936e+00 4.334976251798361435e-02 -3.436056622901549673e+00
2.138000000000000000e+03 1.657107952883439168e+02 4.826483706871787405e+00 4.330408140352076662e-02 -3.385049262568896822e+00
2.139000000000000000e+03 1.650563887206820652e+02 4.838872807764505346e+00 4.325836385335351392e-02 -3.335835505200051454e+00
2.140000000000000000e+03 1.644023005685601220e+02 4.851490119811740165e+00 4.321261175268081151e-02 -3.288416769676322016e+00
2.141000000000000000e+03 1.637484515081780501e+02 4.864311554024491890e+00 4.316682701131111660e-02 -3.242787471455880866e+00
2.142000000000000000e+03 1.630955051853183306e+02 4.877335336263372234e+00 4.312101156325961332e-02 -3.198942450373257973e+00
2.143000000000000000e+03 1.624426397349105855e+02 4.890537434590232380e+00 4.307516736621956610e-02 -3.156891826619178776e+00
2.144000000000000000e+03 1.617912619809682155e+02 4.903923555169280135e+00 4.302929640102435421e-02 -3.116626086604868728e+00
2.145000000000000000e+03 1.611405504514268046e+02 4.917469712911988644e+00 4.298340067105994866e-02 -3.078152480820959713e+00
2.146000000000000000e+03 1.604904267434119447e+02 4.931159370674187414e+00 4.293748220155056000e-02 -3.041468280552669601e+00
2.147000000000000000e+03 1.598415555485873654e+02 4.944998293402504963e+00 4.289154303885065606e-02 -3.006568947675690051e+00
2.148000000000000000e+03 1.591938590086325007e+02 4.958962547130026266e+00 4.284558524965557946e-02 -2.973447390267607293e+00
2.149000000000000000e+03 1.585480024109958777e+02 4.973043066527991662e+00 4.279961092013056384e-02 -2.942097675066355666e+00
2.150000000000000000e+03 1.579031657096950596e+02 4.987230795659538529e+00 4.275362215497984647e-02 -2.912515025591969842e+00
2.151000000000000000e+03 1.572600111774663105e+02 5.001509668963893596e+00 4.270762107649445777e-02 -2.884695355766899727e+00
2.152000000000000000e+03 1.566184437849180142e+02 5.015872701047790372e+00 4.266160982347932951e-02 -2.858638331705400493e+00
2.153000000000000000e+03 1.559791080388799855e+02 5.030305891834228937e+00 4.261559055018114550e-02 -2.834344305371205408e+00
2.154000000000000000e+03 1.553411632177807462e+02 5.044802668871246176e+00 4.256956542506581259e-02 -2.811808090891754652e+00
2.155000000000000000e+03 1.547059975733497197e+02 5.059363884825273772e+00 4.252353662968175879e-02 -2.791022007515676862e+00
2.156000000000000000e+03 1.540720285121149971e+02 5.073960673234900298e+00 4.247750635734175856e-02 -2.771978922416888924e+00
2.157000000000000000e+03 1.534406453023511574e+02 5.088601301180801784e+00 4.243147681178380259e-02 -2.754672619140976497e+00
2.158000000000000000e+03 1.528117520907302946e+02 5.103271740015211222e+00 4.238545020585518519e-02 -2.739096903081979395e+00
2.159000000000000000e+03 1.521845107641771335e+02 5.117965376309484782e+00 4.233942876003855826e-02 -2.725246341047569576e+00
2.160000000000000000e+03 1.515603123168017987e+02 5.132660724365900151e+00 4.229341470104094891e-02 -2.713113955054016202e+00
2.161000000000000000e+03 1.509383198665581176e+02 5.147358565548677767e+00 4.224741026027113711e-02 -2.702691144480910523e+00
2.162000000000000000e+03 1.503191828571207793e+02 5.162052232480900393e+00 4.220141767233765578e-02 -2.693965453861103310e+00
2.163000000000000000e+03 1.497028085794769936e+02 5.176727606661650327e+00 4.215543917348893443e-02 -2.686928517368768699e+00
2.164000000000000000e+03 1.490891050334975318e+02 5.191370544453593361e+00 4.210947700001464039e-02 -2.681569369317854168e+00
2.165000000000000000e+03 1.484779809543271085e+02 5.205974303091589483e+00 4.206353338669291397e-02 -2.677878897048074247e+00
2.166000000000000000e+03 1.478700886736096720e+02 5.220532110012915616e+00 4.201761056514940335e-02 -2.675848350994784131e+00
2.167000000000000000e+03 1.472653384754083845e+02 5.235029732210280784e+00 4.197171076227274034e-02 -2.675465626120043350e+00
2.168000000000000000e+03 1.466636414569328224e+02 5.249467759009620593e+00 4.192583619856964788e-02 -2.676712286046754041e+00
2.169000000000000000e+03 1.460649095539329778e+02 5.263824458070362589e+00 4.187998908656825892e-02 -2.679565786908482572e+00
2.170000000000000000e+03 1.454697984007691502e+02 5.278107771613970378e+00 4.183417162920888277e-02 -2.684005415246883963e+00
2.171000000000000000e+03 1.448774788499912063e+02 5.292295887424745437e+00 4.178838601825176496e-02 -2.690010797433649348e+00
2.172000000000000000e+03 1.442893511716845580e+02 5.306396663481310227e+00 4.174263443270197216e-02 -2.697559666134538681e+00
2.173000000000000000e+03 1.437045880670662825e+02 5.320388199011428121e+00 4.169691903728230814e-02 -2.706633797838279065e+00
2.174000000000000000e+03 1.431238488668381308e+02 5.334270830828577559e+00 4.165124198090124769e-02 -2.717211579236787689e+00
2.175000000000000000e+03 1.425470510487784850e+02 5.348029989494072822e+00 4.160560539518780993e-02 -2.729274687355420781e+00
2.176000000000000000e+03 1.419741130948323757e+02 5.361658482310324381e+00 4.156001139304794922e-02 -2.742802884209842862e+00
2.177000000000000000e+03 1.414049545125312761e+02 5.375156491293032524e+00 4.151446206726803340e-02 -2.757777725372796862e+00
2.178000000000000000e+03 1.408394958557279892e+02 5.388501857772519443e+00 4.146895948920014535e-02 -2.774180325753191401e+00
2.179000000000000000e+03 1.402784015796308665e+02 5.401694650528281016e+00 4.142350570744744720e-02 -2.791992839445214258e+00
2.180000000000000000e+03 1.397215943899995523e+02 5.414720022101818131e+00 4.137810274667822613e-02 -2.811196225300596652e+00
2.181000000000000000e+03 1.391682552615888255e+02 5.427570491943123798e+00 4.133275260643459043e-02 -2.831771949427122959e+00
2.182000000000000000e+03 1.386197947958564782e+02 5.440238516188029116e+00 4.128745726007156114e-02 -2.853694402153390097e+00
2.183000000000000000e+03 1.380753962275509252e+02 5.452723914168500663e+00 4.124221865372126872e-02 -2.876937131631647215e+00
2.184000000000000000e+03 1.375357296156724090e+02 5.465011581554632514e+00 4.119703870534290047e-02 -2.901473728938575025e+00
2.185000000000000000e+03 1.369999805182796422e+02 5.477093773631235507e+00 4.115191930388389235e-02 -2.927278564522011628e+00
2.186000000000000000e+03 1.364688213465392721e+02 5.488970103557173630e+00 4.110686230846069544e-02 -2.954324701790751462e+00
2.187000000000000000e+03 1.359429257076473334e+02 5.500625255607705988e+00 4.106186954767880593e-02 -2.982587753304047684e+00
2.188000000000000000e+03 1.354207399117248087e+02 5.512058696902747634e+00 4.101694281899603139e-02 -3.012042605667562878e+00
2.189000000000000000e+03 1.349036828279479892e+02 5.523254962367567522e+00 4.097208388817569213e-02 -3.042662150009784128e+00
2.190000000000000000e+03 1.343916888843230595e+02 5.534220794880498673e+00 4.092729448885386312e-02 -3.074420246547518332e+00
2.191000000000000000e+03 1.338839509115967985e+02 5.544925716902545432e+00 4.088257632212148607e-02 -3.107293203413907356e+00
2.192000000000000000e+03 1.333811486561709785e+02 5.555383740797078751e+00 4.083793105627623460e-02 -3.141253084237363158e+00
2.193000000000000000e+03 1.328832202818196606e+02 5.565571655479803148e+00 4.079336032658541916e-02 -3.176275872360410535e+00
2.194000000000000000e+03 1.323893623754343878e+02 5.575488451759487596e+00 4.074886573516216248e-02 -3.212337006806007977e+00
2.195000000000000000e+03 1.319010012918296297e+02 5.585125607512058998e+00 4.070444885091827059e-02 -3.249409146695410033e+00
2.196000000000000000e+03 1.314180789822921440e+02 5.594474514642623575e+00 4.066011120956757041e-02 -3.287459935615684614e+00
2.197000000000000000e+03 1.309397958322635418e+02 5.603533906084470217e+00 4.061585431373845173e-02 -3.326458679960979214e+00
2.198000000000000000e+03 1.304660963330485401e+02 5.612294997784669448e+00 4.057167963312310888e-02 -3.366363713519654688e+00
2.199000000000000000e+03 1.299976690824964862e+02 5.620756344128345461e+00 4.052758860468579083e-02 -3.407153589288182793e+00
2.200000000000000000e+03 1.295344611146807381e+02 5.628908979999896367e+00 4.048358263298967863e-02 -3.448788444756294869e+00
2.201000000000000000e+03 1.290764219869686258e+02 5.636751321574630325e+00 4.043966309049727703e-02 -3.491244872215563788e+00
2.202000000000000000e+03 1.286235075376512214e+02 5.644274444330041440e+00 4.039583131797751248e-02 -3.534483119829210374e+00
2.203000000000000000e+03 1.281756761232993256e+02 5.651476802751203898e+00 4.035208862494224502e-02 -3.578494732524305721e+00
2.204000000000000000e+03 1.277336301968049810e+02 5.658349327256599892e+00 4.030843629008217660e-02 -3.623249096075622067e+00
2.205000000000000000e+03 1.272965877977926397e+02 5.664890279855670840e+00 4.026487556182077598e-02 -3.668723143081899618e+00
2.206000000000000000e+03 1.268645110524556259e+02 5.671097824795852560e+00 4.022140765881688368e-02 -3.714908773875039039e+00
2.207000000000000000e+03 1.264381061676435678e+02 5.676955170899885772e+00 4.017803377051239883e-02 -3.761775707314791273e+00
2.208000000000000000e+03 1.260165949192500108e+02 5.682460284045554033e+00 4.013475505769020096e-02 -3.809301186725927213e+00
2.209000000000000000e+03 1.256006859852034978e+02 5.687611029585205813e+00 4.009157265306706464e-02 -3.857462544077460365e+00
2.210000000000000000e+03 1.251903464327656508e+02 5.692405171507505912e+00 4.004848766182715625e-02 -3.906237192508694278e+00
2.211000000000000000e+03 1.247848017104415987e+02 5.696840371641205714e+00 4.000550116221641278e-02 -3.955595190504475944e+00
2.212000000000000000e+03 1.243847641445587442e+02 5.700914188901417212e+00 3.996261420606230658e-02 -4.005514091123874465e+00
2.213000000000000000e+03 1.239902044253452829e+02 5.704609221878136793e+00 3.991982781930843854e-02 -4.055956649483110077e+00
2.214000000000000000e+03 1.236010944328141790e+02 5.707945106620233133e+00 3.987714300253699523e-02 -4.106907957049043212e+00
2.215000000000000000e+03 1.232166643923596325e+02 5.710904232508720924e+00 3.983456073140699549e-02 -4.158338292441513317e+00
2.216000000000000000e+03 1.228383742052939880e+02 5.713483740128165955e+00 3.979208195709080242e-02 -4.210210542351365604e+00
2.217000000000000000e+03 1.224654564290063661e+02 5.715688092380275975e+00 3.974970760667070890e-02 -4.262509907526261799e+00
2.218000000000000000e+03 1.220978876072917529e+02 5.717514217291769008e+00 3.970743858349549266e-02 -4.315199325273749942e+00
2.219000000000000000e+03 1.217349025905033244e+02 5.718958935917916264e+00 3.966527576739657668e-02 -4.368256603839395069e+00
2.220000000000000000e+03 1.213779658658725111e+02 5.720026390291051754e+00 3.962322001497742274e-02 -4.421659558358331132e+00
2.221000000000000000e+03 1.210263145376428895e+02 5.720705758013566289e+00 3.958127215973316487e-02 -4.475378575184659979e+00
2.222000000000000000e+03 1.206799296575574090e+02 5.721000965348175704e+00 3.953943301220059353e-02 -4.529376604601373479e+00
2.223000000000000000e+03 1.203395362153868433e+02 5.720915830252613077e+00 3.949770335992526527e-02 -4.583638866963899439e+00
2.224000000000000000e+03 1.200036317895322355e+02 5.720439205460214005e+00 3.945608396747439517e-02 -4.638128275376429244e+00
2.225000000000000000e+03 1.196736863831049789e+02 5.719567263358018572e+00 3.941457557627855990e-02 -4.692829998608874398e+00
2.226000000000000000e+03 1.193481997348589232e+02 5.718310924210569191e+00 3.937317890448992219e-02 -4.747706883850820070e+00
2.227000000000000000e+03 1.190286439907685292e+02 5.716651285978401553e+00 3.933189464669707008e-02 -4.802736591360752705e+00
2.228000000000000000e+03 1.187142638504921592e+02 5.714599051086447723e+00 3.929072347360428735e-02 -4.857896730708104904e+00
2.229000000000000000e+03 1.184043050643551709e+02 5.712149956335396794e+00 3.924966603161807177e-02 -4.913149997062591368e+00
2.230000000000000000e+03 1.181002429306053472e+02 5.709299629661503950e+00 3.920872294240106137e-02 -4.968473877634274061e+00
2.231000000000000000e+03 1.178013252777146818e+02 5.706051018592551927e+00 3.916789480230278842e-02 -5.023838359713590940e+00
2.232000000000000000e+03 1.175075437971949128e+02 5.702406962049585637e+00 3.912718218178438956e-02 -5.079220780516464195e+00
2.233000000000000000e+03 1.172181483665140860e+02 5.698362762194835618e+00 3.908658562474844750e-02 -5.134590963684686038e+00
2.234000000000000000e+03 1.169346183823958683e+02 5.693935898076915691e+00 3.904610564780146287e-02 -5.189918640895238688e+00
2.235000000000000000e+03 1.166554629090534974e+02 5.689114027469005741e+00 3.900574273949151266e-02 -5.245173445180042471e+00
2.236000000000000000e+03 1.163821633519790453e+02 5.683914414006336457e+00 3.896549735949881438e-02 -5.300324904308483909e+00
2.237000000000000000e+03 1.161132307714804597e+02 5.678324500764933447e+00 3.892536993777388071e-02 -5.355357290935357284e+00
2.238000000000000000e+03 1.158494057217019417e+02 5.672361337489199684e+00 3.888536087366344790e-02 -5.410232474364288890e+00
2.239000000000000000e+03 1.155899440694108620e+02 5.666004725909889572e+00 3.884547053494856461e-02 -5.464927055882899509e+00
2.240000000000000000e+03 1.153363311630537424e+02 5.659278932111051041e+00 3.880569925696251282e-02 -5.519424934068087651e+00
2.241000000000000000e+03 1.150863391464562113e+02 5.652163546885002887e+00 3.876604734159706800e-02 -5.573687585114155851e+00
2.242000000000000000e+03 1.148414553028879936e+02 5.644667769835860938e+00 3.872651505639775754e-02 -5.627698626739367604e+00
2.243000000000000000e+03 1.146016822035606566e+02 5.636800696622300322e+00 3.868710263357531126e-02 -5.681419241967471834e+00
2.244000000000000000e+03 1.143662805361249895e+02 5.628549034592558620e+00 3.864781026908816614e-02 -5.734840171542626486e+00
2.245000000000000000e+03 1.141352547679311584e+02 5.619914245262948249e+00 3.860863812172768417e-02 -5.787922281173006667e+00
2.246000000000000000e+03 1.139086103038896454e+02 5.610912545085923853e+00 3.856958631223379730e-02 -5.840655982462746643e+00
2.247000000000000000e+03 1.136863534789699202e+02 5.601545192857326327e+00 3.853065492245662249e-02 -5.893001800326651995e+00
2.248000000000000000e+03 1.134684915502482596e+02 5.591805918914366735e+00 3.849184399454715078e-02 -5.944934937397052366e+00
2.249000000000000000e+03 1.132550326884417728e+02 5.581703211072840176e+00 3.845315353022702581e-02 -5.996445268420059982e+00
2.250000000000000000e+03 1.130459859688667734e+02 5.571238030500877514e+00 3.841458349008811807e-02 -6.047492764643299878e+00
2.251000000000000000e+03 1.128413656156952669e+02 5.560418374782168272e+00 3.837613379299743832e-02 -6.098060071219694400e+00
2.252000000000000000e+03 1.126404609183616827e+02 5.549236110066411598e+00 3.833780431555077611e-02 -6.148124541591152514e+00
2.253000000000000000e+03 1.124433091286852004e+02 5.537697569301148093e+00 3.829959489161748054e-02 -6.197663907516208326e+00
2.254000000000000000e+03 1.122506911950089119e+02 5.525808991198881692e+00 3.826150531201380489e-02 -6.246670546284645908e+00
2.255000000000000000e+03 1.120611604093225964e+02 5.513554236289047061e+00 3.822353532418427263e-02 -6.295114333951322472e+00
2.256000000000000000e+03 1.118762422387644335e+02 5.500946786505499730e+00 3.818568463208509012e-02 -6.342987210527899045e+00
2.257000000000000000e+03 1.116952344658377712e+02 5.487985176253157071e+00 3.814795289608554490e-02 -6.390258605078737553e+00
2.258000000000000000e+03 1.115181785129339005e+02 5.474667850307981531e+00 3.811033973306053591e-02 -6.436920001128739521e+00
2.259000000000000000e+03 1.113443737557070676e+02 5.461000593397363545e+00 3.807284471651224689e-02 -6.482947790329327553e+00
2.260000000000000000e+03 1.111746060105548395e+02 5.446989103109643793e+00 3.803546737687878848e-02 -6.528325553039088014e+00
2.261000000000000000e+03 1.110089190109128054e+02 5.432631562832535010e+00 3.799820720189570067e-02 -6.573036625617765694e+00
2.262000000000000000e+03 1.108466143875795638e+02 5.417948356470729365e+00 3.796106363712211523e-02 -6.617071524536933147e+00
2.263000000000000000e+03 1.106869944830200012e+02 5.402944928038396100e+00 3.792403608656408354e-02 -6.660405657207341790e+00
2.264000000000000000e+03 1.105315908346766633e+02 5.387611783029239376e+00 3.788712391339343899e-02 -6.703021603027162101e+00
2.265000000000000000e+03 1.103797071420269731e+02 5.371969059913431543e+00 3.785032644082348546e-02 -6.744901681149902295e+00
2.266000000000000000e+03 1.102313905828802376e+02 5.356007104755725834e+00 3.781364295304979334e-02 -6.786072516826531675e+00
2.267000000000000000e+03 1.100859461185422248e+02 5.339745899461300738e+00 3.777707269634199977e-02 -6.826426757363582176e+00
2.268000000000000000e+03 1.099434221381307424e+02 5.323175636440698355e+00 3.774061488015766769e-02 -6.866020202622291180e+00
2.269000000000000000e+03 1.098046104319342220e+02 5.306308718550609704e+00 3.770426867844427210e-02 -6.904796952674539412e+00
2.270000000000000000e+03 1.096688176588361472e+02 5.289150047203402316e+00 3.766803323098387446e-02 -6.942849396804209761e+00
2.271000000000000000e+03 1.095360938230856505e+02 5.271689595548080476e+00 3.763190764482976514e-02 -6.980046792865462812e+00
2.272000000000000000e+03 1.094064894102255465e+02 5.253939551772695005e+00 3.759589099579657701e-02 -7.016406681795414713e+00
2.273000000000000000e+03 1.092800553573699602e+02 5.235912035623965011e+00 3.755998233005283793e-02 -7.051946317739528958e+00
2.274000000000000000e+03 1.091561001878551735e+02 5.217596814945441253e+00 3.752418066573971062e-02 -7.086608381810422408e+00
2.275000000000000000e+03 1.090346756504410166e+02 5.199020734086237105e+00 3.748848499469258078e-02 -7.120409546485904961e+00
2.276000000000000000e+03 1.089165766880213226e+02 5.180180860372752605e+00 3.745289428411441301e-02 -7.153366189631846339e+00
2.277000000000000000e+03 1.088003700658793207e+02 5.161074199150145425e+00 3.741740747834289976e-02 -7.185420108657861960e+00
2.278000000000000000e+03 1.086868513499287161e+02 5.141727408839698477e+00 3.738202350064370044e-02 -7.216587085313827643e+00
2.279000000000000000e+03 1.085760735345331369e+02 5.122129947458284427e+00 3.734674125497163683e-02 -7.246882600112519945e+00
2.280000000000000000e+03 1.084680898453736830e+02 5.102293501106768048e+00 3.731155962775909579e-02 -7.276247546886219553e+00
2.281000000000000000e+03 1.083622108722858854e+02 5.082214843919313552e+00 3.727647748965126628e-02 -7.304622514482373319e+00
2.282000000000000000e+03 1.082584902072884603e+02 5.061912981528728928e+00 3.724149369728622927e-02 -7.332096352096012737e+00
2.283000000000000000e+03 1.081562387427247813e+02 5.041384582692115757e+00 3.720660709497986690e-02 -7.358683317223947640e+00
2.284000000000000000e+03 1.080569959798637001e+02 5.020633694431512417e+00 3.717181651638806067e-02 -7.384248790758026537e+00
2.285000000000000000e+03 1.079593301526288371e+02 4.999664315435212281e+00 3.713712078613637391e-02 -7.408880693227558822e+00
2.286000000000000000e+03 1.078640380421727798e+02 4.978487826171100750e+00 3.710251872133053797e-02 -7.432518066150527680e+00
2.287000000000000000e+03 1.077704307717359882e+02 4.957115562310340451e+00 3.706800913308069129e-02 -7.455248205040853726e+00
2.288000000000000000e+03 1.076785622823744717e+02 4.935536531461098164e+00 3.703359082784762196e-02 -7.476935241026354539e+00
2.289000000000000000e+03 1.075884864693371412e+02 4.913784270115171715e+00 3.699926260875181089e-02 -7.497665841127053810e+00
2.290000000000000000e+03 1.075002571542933225e+02 4.891847705248778766e+00 3.696502327682265471e-02 -7.517377790138286109e+00
2.291000000000000000e+03 1.074131852234298918e+02 4.869745439637906514e+00 3.693087163204131218e-02 -7.536157124168023635e+00
2.292000000000000000e+03 1.073280671066056868e+02 4.847481183578020492e+00 3.689680647439951000e-02 -7.553940996285536613e+00
2.293000000000000000e+03 1.072442134123454878e+02 4.825073470114352503e+00 3.686282660472627731e-02 -7.570666243315521626e+00
2.294000000000000000e+03 1.071616774090713449e+02 4.802518515127343512e+00 3.682893082547802899e-02 -7.586492236264583688e+00
2.295000000000000000e+03 1.070805121673382558e+02 4.779819932577315633e+00 3.679511794140009201e-02 -7.601206612349450609e+00
2.296000000000000000e+03 1.070000277032065128e+02 4.756996164704877295e+00 3.676138676003914280e-02 -7.614968110198504725e+00
2.297000000000000000e+03 1.069210194628753925e+02 4.734043342135787924e+00 3.672773609211753276e-02 -7.627712302135866373e+00
2.298000000000000000e+03 1.068427969633188752e+02 4.710972427493642201e+00 3.669416475186849935e-02 -7.639523012124761259e+00
2.299000000000000000e+03 1.067661551143057750e+02 4.687786932215522562e+00 3.666067155715063697e-02 -7.650260898811665378e+00
2.300000000000000000e+03 1.066896600263763872e+02 4.664497775123146894e+00 3.662725532950586449e-02 -7.659934873720460224e+00
2.301000000000000000e+03 1.066141091042943998e+02 4.641100675561432354e+00 3.659391489408486686e-02 -7.668701516105038252e+00
2.302000000000000000e+03 1.065395689894563844e+02 4.617619754322322301e+00 3.656064907944955866e-02 -7.676343331501509049e+00
2.303000000000000000e+03 1.064646234143300205e+02 4.594041651427853701e+00 3.652745671729669408e-02 -7.683087629165522792e+00
2.304000000000000000e+03 1.063915699362351290e+02 4.570382706849535737e+00 3.649433664203240862e-02 -7.688715707167153468e+00
2.305000000000000000e+03 1.063182487407445080e+02 4.546651820640374098e+00 3.646128769032506989e-02 -7.693379972210430573e+00
2.306000000000000000e+03 1.062454709815982596e+02 4.522843026468581940e+00 3.642830870050324521e-02 -7.697009673024359344e+00
2.307000000000000000e+03 1.061733045961720308e+02 4.498972635252733276e+00 3.639539851191264663e-02 -7.699608035901985836e+00
2.308000000000000000e+03 1.061010742969313156e+02 4.475042095293659372e+00 3.636255596419422920e-02 -7.701177982843991465e+00
2.309000000000000000e+03 1.060288472337249743e+02 4.451052850856651588e+00 3.632977989652507594e-02 -7.701722133320522801e+00
2.310000000000000000e+03 1.059574329867376719e+02 4.427021200751470431e+00 3.629706914679112911e-02 -7.701317089650504322e+00
2.311000000000000000e+03 1.058861550549937789e+02 4.402941158457710280e+00 3.626442255070704002e-02 -7.699890588484478826e+00
2.312000000000000000e+03 1.058143365205242930e+02 4.378829024099132994e+00 3.623183894096512064e-02 -7.697370069912643054e+00
2.313000000000000000e+03 1.057427857129799236e+02 4.354678816210581616e+00 3.619931714630539310e-02 -7.693905530186732733e+00
2.314000000000000000e+03 1.056715676994726181e+02 4.330514272052808700e+00 3.616685599063697298e-02 -7.689498106532228761e+00
2.315000000000000000e+03 1.056000042797480205e+02 4.306321994317176660e+00 3.613445429215002280e-02 -7.684000079582212983e+00
2.316000000000000000e+03 1.055281596515688989e+02 4.282118308127956574e+00 3.610211086244018847e-02 -7.677560576934006953e+00
2.317000000000000000e+03 1.054560975710866586e+02 4.257912121133291095e+00 3.606982450567944309e-02 -7.670105591280134583e+00
2.318000000000000000e+03 1.053838813482053922e+02 4.233697496988516384e+00 3.603759401783030586e-02 -7.661635117172096443e+00
2.319000000000000000e+03 1.053108310067940749e+02 4.209483370581200923e+00 3.600541818592389864e-02 -7.652223153878459527e+00
2.320000000000000000e+03 1.052377517847805706e+02 4.185278693144327988e+00 3.597329578735997818e-02 -7.641869141340644767e+00
2.321000000000000000e+03 1.051639627887637118e+02 4.161085005708357265e+00 3.594122558936775624e-02 -7.630497963235383097e+00
2.322000000000000000e+03 1.050895254934100649e+02 4.136918725942202002e+00 3.590920634846050952e-02 -7.618182800644711428e+00
2.323000000000000000e+03 1.050152437353061430e+02 4.112774008179041374e+00 3.587723681007271015e-02 -7.604922284809804367e+00
2.324000000000000000e+03 1.049396923661678329e+02 4.088667315281006687e+00 3.584531570822395430e-02 -7.590714783991995063e+00
2.325000000000000000e+03 1.048636742556907961e+02 4.064600278636167907e+00 3.581344176536886692e-02 -7.575632690429708660e+00
2.326000000000000000e+03 1.047865061084571892e+02 4.040589413292101639e+00 3.578161369227920996e-02 -7.559599573379577109e+00
2.327000000000000000e+03 1.047089897953474633e+02 4.016628977920486676e+00 3.574983018813133323e-02 -7.542613033265222811e+00
2.328000000000000000e+03 1.046304410039882953e+02 3.992742974967214309e+00 3.571808994068537829e-02 -7.524818988912122641e+00
2.329000000000000000e+03 1.045516605686031539e+02 3.968918297180098698e+00 3.568639162657868263e-02 -7.506140263856757144e+00
2.330000000000000000e+03 1.044712202838142616e+02 3.945179012772081606e+00 3.565473391177678697e-02 -7.486573724265901397e+00
2.331000000000000000e+03 1.043899199028808908e+02 3.921512083559301143e+00 3.562311545215907094e-02 -7.466190282931704836e+00
2.332000000000000000e+03 1.043078157848424610e+02 3.897934221733001081e+00 3.559153489421735400e-02 -7.444912052843191574e+00
2.333000000000000000e+03 1.042249637159457762e+02 3.874439893005656277e+00 3.555999087591004554e-02 -7.422809485357300119e+00
2.334000000000000000e+03 1.041406760601949628e+02 3.851045888287790486e+00 3.552848202763730229e-02 -7.399878523932465590e+00
2.335000000000000000e+03 1.040550074141725645e+02 3.827754183488734530e+00 3.549700697331358706e-02 -7.376114891950252606e+00
2.336000000000000000e+03 1.039680117560161960e+02 3.804559369394722168e+00 3.546556433163706307e-02 -7.351588380612841256e+00
2.337000000000000000e+03 1.038804852637181142e+02 3.781485794923230337e+00 3.543415271739526473e-02 -7.326294286406905165e+00
2.338000000000000000e+03 1.037909949576256565e+02 3.758520713448228356e+00 3.540277074292789289e-02 -7.300153415643913846e+00
2.339000000000000000e+03 1.037003356925792872e+02 3.735681139403757900e+00 3.537141701965746537e-02 -7.273309223079791330e+00
2.340000000000000000e+03 1.036085587992576080e+02 3.712976707957095446e+00 3.534009015974318851e-02 -7.245756399079100518e+00
2.341000000000000000e+03 1.035149720651580481e+02 3.690402248055447476e+00 3.530878877780046360e-02 -7.217415157858678043e+00
2.342000000000000000e+03 1.034203682202732892e+02 3.667967497195782745e+00 3.527751149270608177e-02 -7.188354092798618034e+00
2.343000000000000000e+03 1.033240535773057616e+02 3.645682246064563703e+00 3.524625692941726895e-02 -7.158641614300183420e+00
2.344000000000000000e+03 1.032260765168679910e+02 3.623541483148216003e+00 3.521502372091535327e-02 -7.128271671203652460e+00
2.345000000000000000e+03 1.031264846324976503e+02 3.601562537765708338e+00 3.518381051012612476e-02 -7.097163755763030935e+00
2.346000000000000000e+03 1.030260675457441266e+02 3.579733082867984084e+00 3.515261595188639426e-02 -7.065460042682802921e+00
2.347000000000000000e+03 1.029233855462636313e+02 3.558070563060539815e+00 3.512143871490282232e-02 -7.033079693179045577e+00
2.348000000000000000e+03 1.028192265824108205e+02 3.536570197341260879e+00 3.509027748373386157e-02 -7.000090277614613221e+00
2.349000000000000000e+03 1.027128920669169503e+02 3.515242122009877068e+00 3.505913096075895935e-02 -6.966484930158345357e+00
2.350000000000000000e+03 1.026051681982713291e+02 3.494096535094044498e+00 3.502799786805642357e-02 -6.932330920997876511e+00
2.351000000000000000e+03 1.024960970598224037e+02 3.473128755329085937e+00 3.499687694929966286e-02 -6.897545760427311379e+00
2.352000000000000000e+03 1.023849754692657683e+02 3.452341252028146013e+00 3.496576697159754776e-02 -6.862265469688047403e+00
2.353000000000000000e+03 1.022718417651864797e+02 3.431751330705043124e+00 3.493466672721923238e-02 -6.826402037222478292e+00
2.354000000000000000e+03 1.021567333340567814e+02 3.411354077734331636e+00 3.490357503526739930e-02 -6.790090175685257634e+00
2.355000000000000000e+03 1.020404294306176070e+02 3.391152074716391684e+00 3.487249074326612130e-02 -6.753167342798381156e+00
2.356000000000000000e+03 1.019214798242640825e+02 3.371162827758778846e+00 3.484141272861352584e-02 -6.715768014768356942e+00
2.357000000000000000e+03 1.018014046319272978e+02 3.351374198272592420e+00 3.481033989993525396e-02 -6.677952274192704429e+00
2.358000000000000000e+03 1.016787516268885980e+02 3.331803830639099129e+00 3.477927119831728670e-02 -6.639631531995736857e+00
2.359000000000000000e+03 1.015550389093790642e+02 3.312439726238982640e+00 3.474820559840407358e-02 -6.600865666893157346e+00
2.360000000000000000e+03 1.014288122182331762e+02 3.293292242701946648e+00 3.471714210936682060e-02 -6.561565896850574120e+00
2.361000000000000000e+03 1.013008447694324587e+02 3.274356952919974972e+00 3.468607977566101619e-02 -6.521940485577989222e+00
2.362000000000000000e+03 1.011704230759143854e+02 3.255651787529552532e+00 3.465501767772715541e-02 -6.481826196495416248e+00
2.363000000000000000e+03 1.010383182842123091e+02 3.237165037157553105e+00 3.462395493247708705e-02 -6.441356849749430680e+00
2.364000000000000000e+03 1.009038148325306139e+02 3.218899923187011680e+00 3.459289069362440211e-02 -6.400443343193108703e+00
2.365000000000000000e+03 1.007676817906752547e+02 3.200867170037820397e+00 3.456182415185000273e-02 -6.359219358899472319e+00
2.366000000000000000e+03 1.006299443564711851e+02 3.183070149063902399e+00 3.453075453484692747e-02 -6.317595667643383983e+00
2.367000000000000000e+03 1.004891410238891183e+02 3.165497450767528420e+00 3.449968110715456726e-02 -6.275631551907282280e+00
2.368000000000000000e+03 1.003467805979912271e+02 3.148167455432269612e+00 3.446860316986829348e-02 -6.233311960860534739e+00
2.369000000000000000e+03 1.002028851911958327e+02 3.131076335169801439e+00 3.443752006015547706e-02 -6.190770366345587306e+00
2.370000000000000000e+03 1.000559902312725455e+02 3.114227767786566847e+00 3.440643115066526619e-02 -6.147843067330961198e+00
2.371000000000000000e+03 9.990760148102103244e+01 3.097625508866498567e+00 3.437533584878189191e-02 -6.104663463386554412e+00
2.372000000000000000e+03 9.975699520409970944e+01 3.081265963821147036e+00 3.434423359575358020e-02 -6.061216359109102392e+00
2.373000000000000000e+03 9.960493235256042510e+01 3.065153044958196737e+00 3.431312386561987532e-02 -6.017560820053438952e+00
2.374000000000000000e+03 9.944994440546190617e+01 3.049298171817073300e+00 3.428200616414742857e-02 -5.973681611132552582e+00
2.375000000000000000e+03 9.929353322902436219e+01 3.033683129721280292e+00 3.425088002753195332e-02 -5.929563485504463216e+00
2.376000000000000000e+03 9.913497124758028178e+01 3.018326925202151401e+00 3.421974502109605132e-02 -5.885265473436727568e+00
2.377000000000000000e+03 9.897352996581919626e+01 3.003226359436591775e+00 3.418860073784174558e-02 -5.840772320639334936e+00
2.378000000000000000e+03 9.881070849196635209e+01 2.988378313505843931e+00 3.415744679696507830e-02 -5.796113347180633646e+00
2.379000000000000000e+03 9.864577654655637673e+01 2.973787176922244146e+00 3.412628284230748849e-02 -5.751317882670338832e+00
2.380000000000000000e+03 9.847948865718106504e+01 2.959457419424132762e+00 3.409510854074226938e-02 -5.706400414814364552e+00
2.381000000000000000e+03 9.831037000356371891e+01 2.945378734389281217e+00 3.406392358055398972e-02 -5.661368022989845095e+00
2.382000000000000000e+03 9.813917344835778067e+01 2.931563180669030544e+00 3.403272766977734343e-02 -5.616235240138210294e+00
2.383000000000000000e+03 9.796590821801767390e+01 2.918008040889004118e+00 3.400152053456503148e-02 -5.571024057924192974e+00
2.384000000000000000e+03 9.779058275898717056e+01 2.904718106521090970e+00 3.397030191753995509e-02 -5.525741646809143148e+00
2.385000000000000000e+03 9.761394759395292908e+01 2.891683392823306775e+00 3.393907157619550918e-02 -5.480410074539608267e+00
2.386000000000000000e+03 9.743452400291063498e+01 2.878908852200976920e+00 3.390782928130493812e-02 -5.435044026146541363e+00
2.387000000000000000e+03 9.725306105429564241e+01 2.866399517436053479e+00 3.387657481544446153e-02 -5.389673094006940168e+00
2.388000000000000000e+03 9.707030712058117672e+01 2.854153073236594729e+00 3.384530797150616527e-02 -5.344312069413424737e+00
2.389000000000000000e+03 9.688552422847968160e+01 2.842174712806894377e+00 3.381402855136520641e-02 -5.298975804203632123e+00
2.390000000000000000e+03 9.669797374871143347e+01 2.830454852636538732e+00 3.378273636457860413e-02 -5.253679215646378964e+00
2.391000000000000000e+03 9.650914492016165980e+01 2.818998845711413459e+00 3.375143122725353384e-02 -5.208452147984035108e+00
2.392000000000000000e+03 9.631904069310560601e+01 2.807812124593669800e+00 3.372011296095735189e-02 -5.163309663828148821e+00
2.393000000000000000e+03 9.612617774673852011e+01 2.796885344472194390e+00 3.368878139180274400e-02 -5.118259477259647916e+00
2.394000000000000000e+03 9.593204351595632318e+01 2.786224096285274232e+00 3.365743634964515202e-02 -5.073316815231395438e+00
2.395000000000000000e+03 9.573589636184382812e+01 2.775826621362323277e+00 3.362607766743239135e-02 -5.028504422221193870e+00
2.396000000000000000e+03 9.553847976143607923e+01 2.765683811087393362e+00 3.359470518065223871e-02 -4.983837708133824762e+00
2.397000000000000000e+03 9.533905098118020760e+01 2.755808919934737755e+00 3.356331872698983115e-02 -4.939324752851975475e+00
2.398000000000000000e+03 9.513760959446103982e+01 2.746192994973180479e+00 3.353191814611838212e-02 -4.894988595784892205e+00
2.399000000000000000e+03 9.493489749291555313e+01 2.736834588844456295e+00 3.350050327961481139e-02 -4.850837526911090158e+00
2.400000000000000000e+03 9.473017039152227881e+01 2.727732330961901486e+00 3.346907397103351250e-02 -4.806894804567364510e+00
2.401000000000000000e+03 9.452342354847108652e+01 2.718885108730509259e+00 3.343763006618328398e-02 -4.763175835469454888e+00
2.402000000000000000e+03 9.431612622540414748e+01 2.710292612137759072e+00 3.340617141348758284e-02 -4.719686561205620912e+00
2.403000000000000000e+03 9.410603023165121783e+01 2.701954788120294548e+00 3.337469786453751280e-02 -4.676454793629850393e+00
2.404000000000000000e+03 9.389534390939144259e+01 2.693871658301706162e+00 3.334320927477045504e-02 -4.633478759821807458e+00
2.405000000000000000e+03 9.368256095300706932e+01 2.686050746752540075e+00 3.331170550425647386e-02 -4.590779104627835672e+00
2.406000000000000000e+03 9.346840309292707616e+01 2.678477365971765778e+00 3.328018641867902527e-02 -4.548361752934940938e+00
2.407000000000000000e+03 9.325284875825234110e+01 2.671159186343828651e+00 3.324865189035888791e-02 -4.506247627031515712e+00
2.408000000000000000e+03 9.303513307863872228e+01 2.664089093716143886e+00 3.321710179944328822e-02 -4.464435508748666237e+00
2.409000000000000000e+03 9.281671922552206411e+01 2.657267473752164655e+00 3.318553603514624861e-02 -4.422939185035506426e+00
2.410000000000000000e+03 9.259609856740387102e+01 2.650702211207407455e+00 3.315395449713703924e-02 -4.381780023362783716e+00
2.411000000000000000e+03 9.237473334994828633e+01 2.644378975778629570e+00 3.312235709693344549e-02 -4.340957262004044637e+00
2.412000000000000000e+03 9.215111401522240442e+01 2.638298363079563114e+00 3.309074375940757734e-02 -4.300485155395796788e+00
2.413000000000000000e+03 9.192670188099296524e+01 2.632468465489900211e+00 3.305911442429049218e-02 -4.260378120971091143e+00
2.414000000000000000e+03 9.170072929442146403e+01 2.626875157928477478e+00 3.302746904777104781e-02 -4.220643314266910195e+00
2.415000000000000000e+03 9.147317097092900440e+01 2.621526667104403074e+00 3.299580760404332430e-02 -4.181295489004310362e+00
2.416000000000000000e+03 9.124474399297896809e+01 2.616416428891109369e+00 3.296413008692437169e-02 -4.142342143688029665e+00
2.417000000000000000e+03 9.101467930392681183e+01 2.611545372478588423e+00 3.293243651138333394e-02 -4.103798381525879613e+00
2.418000000000000000e+03 9.078369304731243972e+01 2.606907062750826842e+00 3.290072691512277436e-02 -4.065679485214832134e+00
2.419000000000000000e+03 9.055101522634306832e+01 2.602509984391491393e+00 3.286900136004876349e-02 -4.027986063292617658e+00
2.420000000000000000e+03 9.031810387911401961e+01 2.598332970814685172e+00 3.283725993372336310e-02 -3.990733766505129676e+00
2.421000000000000000e+03 9.008344523416018035e+01 2.594392058327288364e+00 3.280550275073795818e-02 -3.953923577284707669e+00
2.422000000000000000e+03 8.984775355710280564e+01 2.590673629965067004e+00 3.277372995400619493e-02 -3.917578954292082916e+00
2.423000000000000000e+03 8.961174264789987376e+01 2.587178984561345541e+00 3.274194171591852248e-02 -3.881693836665366604e+00
2.424000000000000000e+03 8.937389733905268940e+01 2.583902050642617798e+00 3.271013823945054938e-02 -3.846284645081265552e+00
2.425000000000000000e+03 8.913567334511355966e+01 2.580851670405473364e+00 3.267831975911354714e-02 -3.811360570871007880e+00
2.426000000000000000e+03 8.889629742298103565e+01 2.578007028521593025e+00 3.264648654175660025e-02 -3.776923578443389662e+00
2.427000000000000000e+03 8.865573871868600975e+01 2.575377077827047057e+00 3.261463888726932880e-02 -3.742983264313491709e+00
2.428000000000000000e+03 8.841470877536075079e+01 2.572955968089522205e+00 3.258277712910268020e-02 -3.709549430984494744e+00
2.429000000000000000e+03 8.817317587249866051e+01 2.570745329909773336e+00 3.255090163463505992e-02 -3.676632089082763066e+00
2.430000000000000000e+03 8.793036503665103965e+01 2.568731988504083574e+00 3.251901280541318745e-02 -3.644226602694390582e+00
2.431000000000000000e+03 8.768698655862060320e+01 2.566917675921684516e+00 3.248711107716031193e-02 -3.612358261404846171e+00
2.432000000000000000e+03 8.744300750194931027e+01 2.565304173144372424e+00 3.245519691967488352e-02 -3.581022855335571187e+00
2.433000000000000000e+03 8.719839455296174435e+01 2.563878452170474720e+00 3.242327083655222042e-02 -3.550231246983669653e+00
2.434000000000000000e+03 8.695385687226192317e+01 2.562642388185368159e+00 3.239133336469097318e-02 -3.519987087808423176e+00
2.435000000000000000e+03 8.670787477254457087e+01 2.561597901616062600e+00 3.235938507365516970e-02 -3.490294248117354226e+00
2.436000000000000000e+03 8.646189958309456358e+01 2.560732100172014469e+00 3.232742656491447569e-02 -3.461164246850440218e+00
2.437000000000000000e+03 8.621515382531100613e+01 2.560039562624136344e+00 3.229545847085679017e-02 -3.432601396211403699e+00
2.438000000000000000e+03 8.596834540985473438e+01 2.559529765870862672e+00 3.226348145365170311e-02 -3.404602802896997016e+00
2.439000000000000000e+03 8.572069631983315219e+01 2.559182513540603665e+00 3.223149620401535159e-02 -3.377180654274602123e+00
2.440000000000000000e+03 8.547291397537351543e+01 2.559007361486635546e+00 3.219950343977236867e-02 -3.350339934355666571e+00
2.441000000000000000e+03 8.522496275412592581e+01 2.558991618017700809e+00 3.216750390433834733e-02 -3.324085853067613172e+00
2.442000000000000000e+03 8.497680685287797075e+01 2.559137484321841072e+00 3.213549836504082935e-02 -3.298416418722938115e+00
2.443000000000000000e+03 8.472766748002797499e+01 2.559432339728806571e+00 3.210348761135147638e-02 -3.273337295436741901e+00
2.444000000000000000e+03 8.447899422398104718e+01 2.559878453766004203e+00 3.207147245299669241e-02 -3.248854375391944771e+00
2.445000000000000000e+03 8.423075090699961720e+01 2.560478128105081463e+00 3.203945371802843084e-02 -3.224973779353129455e+00
2.446000000000000000e+03 8.398141561473404693e+01 2.561211410151146950e+00 3.200743225077935100e-02 -3.201687000379117354e+00
2.447000000000000000e+03 8.373318057135283254e+01 2.562088090127970563e+00 3.197540890977641770e-02 -3.179015474237210981e+00
2.448000000000000000e+03 8.348452381953902091e+01 2.563095701253816916e+00 3.194338456564154577e-02 -3.156943724464016832e+00
2.449000000000000000e+03 8.323540909606411731e+01 2.564229231764888706e+00 3.191136009892200226e-02 -3.135486217631857198e+00
2.450000000000000000e+03 8.298728586220136094e+01 2.565491123533198969e+00 3.187933639792606133e-02 -3.114635364913006743e+00
2.451000000000000000e+03 8.273862998355188836e+01 2.566869230877221852e+00 3.184731435660468485e-02 -3.094398969754432294e+00
2.452000000000000000e+03 8.249087941933370871e+01 2.568359839965763225e+00 3.181529487238787118e-02 -3.074771432313168962e+00
2.453000000000000000e+03 8.224249859272852348e+01 2.569966931683658640e+00 3.178327884409954535e-02 -3.055769972920677979e+00
2.454000000000000000e+03 8.199492344046680614e+01 2.571687078289876638e+00 3.175126716993374038e-02 -3.037397183959619884e+00
2.455000000000000000e+03 8.174736159605532748e+01 2.573509442022239302e+00 3.171926074544944435e-02 -3.019641029403335786e+00
2.456000000000000000e+03 8.150050659250511842e+01 2.575430630401798204e+00 3.168726046170641103e-02 -3.002511986014335665e+00
2.457000000000000000e+03 8.125430938393893143e+01 2.577454694836576188e+00 3.165526720346113071e-02 -2.986005900949372016e+00
2.458000000000000000e+03 8.100797837123936063e+01 2.579570844174981392e+00 3.162328184745690635e-02 -2.970133704426806798e+00
2.459000000000000000e+03 8.076146509660627260e+01 2.581783156711938698e+00 3.159130526086817436e-02 -2.954891695503361060e+00
2.460000000000000000e+03 8.051620710185163432e+01 2.584080865394607240e+00 3.155933829987166844e-02 -2.940276397864901803e+00
2.461000000000000000e+03 8.027141377521900267e+01 2.586468069832294159e+00 3.152738180829661035e-02 -2.926291987180707821e+00
2.462000000000000000e+03 8.002629487700065170e+01 2.588934021506968719e+00 3.149543661653416565e-02 -2.912942861672303430e+00
2.463000000000000000e+03 7.978303189871121504e+01 2.591475407438895040e+00 3.146350354047933867e-02 -2.900218784248215442e+00
2.464000000000000000e+03 7.953934973038796841e+01 2.594096348805236207e+00 3.143158338070670826e-02 -2.888124594657683453e+00
2.465000000000000000e+03 7.929668786185071383e+01 2.596786114512231514e+00 3.139967692181426517e-02 -2.876657923111376913e+00
2.466000000000000000e+03 7.905425771689040459e+01 2.599541404873761952e+00 3.136778493188654288e-02 -2.865816617222928020e+00
2.467000000000000000e+03 7.881275684116931757e+01 2.602358921894237120e+00 3.133590816216639402e-02 -2.855598740521485102e+00
2.468000000000000000e+03 7.857214040830245949e+01 2.605242796257854820e+00 3.130404734687992213e-02 -2.846002570886412730e+00
2.469000000000000000e+03 7.833236406442813404e+01 2.608174872572952996e+00 3.127220320324981817e-02 -2.837026598905708408e+00
2.470000000000000000e+03 7.809264110113753077e+01 2.611166706475992250e+00 3.124037643162551336e-02 -2.828669526158912539e+00
2.471000000000000000e+03 7.785441380197146088e+01 2.614200136489047033e+00 3.120856771583390907e-02 -2.820922835075752477e+00
2.472000000000000000e+03 7.761689643715359921e+01 2.617279281138869429e+00 3.117677772365168298e-02 -2.813785643772360956e+00
2.473000000000000000e+03 7.738004660711655447e+01 2.620400824231436498e+00 3.114500710743082351e-02 -2.807257275764920124e+00
2.474000000000000000e+03 7.714382240951314884e+01 2.623554013536207208e+00 3.111325650485284935e-02 -2.801329829612345890e+00
2.475000000000000000e+03 7.690892527496586695e+01 2.626742944530241708e+00 3.108152653984197489e-02 -2.796010461890324539e+00
2.476000000000000000e+03 7.667457146149200753e+01 2.629964274050410999e+00 3.104981782358225140e-02 -2.791284243294420708e+00
2.477000000000000000e+03 7.644146339297611803e+01 2.633207219006346467e+00 3.101813095564628572e-02 -2.787143869827947373e+00
2.478000000000000000e+03 7.620956115144400655e+01 2.636468411804339773e+00 3.098646652520281250e-02 -2.783589660521972320e+00
2.479000000000000000e+03 7.597882530852589866e+01 2.639751899081540287e+00 3.095482511234632500e-02 -2.780607270038919498e+00
2.480000000000000000e+03 7.574847408607546129e+01 2.643046855400659201e+00 3.092320728946459235e-02 -2.778204828013433936e+00
2.481000000000000000e+03 7.551995469124365457e+01 2.646357295408095389e+00 3.089161362264657845e-02 -2.776353509776267714e+00
2.482000000000000000e+03 7.529248630075846904e+01 2.649672359202022598e+00 3.086004467319206773e-02 -2.775069245670092943e+00
2.483000000000000000e+03 7.506603139504065325e+01 2.652996024514961526e+00 3.082850099908609337e-02 -2.774338434948192766e+00
2.484000000000000000e+03 7.484055291691160505e+01 2.656317392107097053e+00 3.079698315652317289e-02 -2.774147656515823623e+00
2.485000000000000000e+03 7.461675710020000452e+01 2.659632969624605714e+00 3.076549170135750577e-02 -2.774498522911083676e+00
2.486000000000000000e+03 7.439460779325335693e+01 2.662946670420633932e+00 3.073402719065230007e-02 -2.775377964125336661e+00
2.487000000000000000e+03 7.417332645260867707e+01 2.666240098989326235e+00 3.070259018405809004e-02 -2.776780509817311060e+00
2.488000000000000000e+03 7.395362064197327356e+01 2.669524548266716479e+00 3.067118124527294307e-02 -2.778708286419512064e+00
2.489000000000000000e+03 7.373471268638733989e+01 2.672789000042893548e+00 3.063980094328851503e-02 -2.781141300787439263e+00
2.490000000000000000e+03 7.351731100706058442e+01 2.676022408891473248e+00 3.060844985369175209e-02 -2.784074578946174050e+00
2.491000000000000000e+03 7.330212444664289251e+01 2.679235986114447243e+00 3.057712855980360134e-02 -2.787503306331033048e+00
2.492000000000000000e+03 7.308763376015710378e+01 2.682418628550385709e+00 3.054583765372386947e-02 -2.791415396325706677e+00
2.493000000000000000e+03 7.287454862193892779e+01 2.685566630901117247e+00 3.051457773726798731e-02 -2.795806343799149385e+00
2.494000000000000000e+03 7.266320770070747415e+01 2.688683684673697893e+00 3.048334942276073253e-02 -2.800656936840525635e+00
2.495000000000000000e+03 7.245328152415731893e+01 2.691751163737917452e+00 3.045215333375603586e-02 -2.805962966896353272e+00
2.496000000000000000e+03 7.224496101461029696e+01 2.694780121753598934e+00 3.042099010550834010e-02 -2.811720368757709032e+00
2.497000000000000000e+03 7.203814037116416102e+01 2.697759292711513712e+00 3.038986038540383849e-02 -2.817910360500292644e+00
2.498000000000000000e+03 7.183293705599349721e+01 2.700692231694902024e+00 3.035876483315210622e-02 -2.824529153480120236e+00
2.499000000000000000e+03 7.162924609625673611e+01 2.703560172156277641e+00 3.032770412089437137e-02 -2.831565663832899205e+00
2.500000000000000000e+03 7.142718578919044603e+01 2.706374023415424546e+00 3.029667893306666610e-02 -2.839008937331210181e+00
2.501000000000000000e+03 7.122672623050515028e+01 2.709122465967542581e+00 3.026568996619502169e-02 -2.846848876324925115e+00
2.502000000000000000e+03 7.102791199328787286e+01 2.711801948053537803e+00 3.023473792844606767e-02 -2.855078427591611234e+00
2.503000000000000000e+03 7.083071374654589647e+01 2.714408972326127767e+00 3.020382353908350470e-02 -2.863698815647283791e+00
2.504000000000000000e+03 7.063517689019897716e+01 2.716947428626361294e+00 3.017294752772087946e-02 -2.872696523569301608e+00
2.505000000000000000e+03 7.044134728129671430e+01 2.719413736424203698e+00 3.014211063344502534e-02 -2.882058146010040289e+00
2.506000000000000000e+03 7.024912267774725194e+01 2.721796843979405800e+00 3.011131360378738187e-02 -2.891792670526910580e+00
2.507000000000000000e+03 7.005869845101535986e+01 2.724100512573144783e+00 3.008055719359194885e-02 -2.901872047027367785e+00
2.508000000000000000e+03 6.986997333065997395e+01 2.726328459008767080e+00 3.004984216367268673e-02 -2.912305467487870558e+00
2.509000000000000000e+03 6.968292083519315838e+01 2.728469498132995774e+00 3.001916927944340771e-02 -2.923079935339605750e+00
2.510000000000000000e+03 6.949766356962457792e+01 2.730519827129214150e+00 2.998853930937264364e-02 -2.934182546680185855e+00
2.511000000000000000e+03 6.931417610608639279e+01 2.732490453131229735e+00 2.995795302337468657e-02 -2.945615343109943218e+00
2.512000000000000000e+03 6.913250784945938676e+01 2.734362622406565357e+00 2.992741119108107209e-02 -2.957358166093436935e+00
2.513000000000000000e+03 6.895248591884984535e+01 2.736139818114359468e+00 2.989691458011610459e-02 -2.969413223152583825e+00
2.514000000000000000e+03 6.877430943134281449e+01 2.737825474582567864e+00 2.986646395419979144e-02 -2.981767942187686593e+00
2.515000000000000000e+03 6.859795524983785242e+01 2.739415548307399195e+00 2.983606007133044954e-02 -2.994409824233182693e+00
2.516000000000000000e+03 6.842332656590282625e+01 2.740898517325220940e+00 2.980570368180863322e-02 -3.007333867847787889e+00
2.517000000000000000e+03 6.825047576599365584e+01 2.742277665657325336e+00 2.977539552637852027e-02 -3.020535136791057784e+00
2.518000000000000000e+03 6.807938159639134312e+01 2.743556226026021783e+00 2.974513633426712628e-02 -3.034001327688742311e+00
2.519000000000000000e+03 6.791009774525312537e+01 2.744729950943527452e+00 2.971492682129511440e-02 -3.047720194389643922e+00
2.520000000000000000e+03 6.774260429012628038e+01 2.745787112173925681e+00 2.968476768801268928e-02 -3.061686972315325939e+00
2.521000000000000000e+03 6.757688199531540363e+01 2.746738213619110081e+00 2.965465961784774507e-02 -3.075889517754134772e+00
2.522000000000000000e+03 6.741298660847314750e+01 2.747578849075516416e+00 2.962460327537810162e-02 -3.090323160553341442e+00
2.523000000000000000e+03 6.725082602228661699e+01 2.748311986816188490e+00 2.959459930460990595e-02 -3.104968415058968034e+00
2.524000000000000000e+03 6.709045741967477738e+01 2.748925684094680300e+00 2.956464832738982598e-02 -3.119820689508570499e+00
2.525000000000000000e+03 6.693193871685991780e+01 2.749422800124246891e+00 2.953475094189347144e-02 -3.134867996975359006e+00
2.526000000000000000e+03 6.677518000523022579e+01 2.749798710628914122e+00 2.950490772124615690e-02 -3.150098379718362818e+00
2.527000000000000000e+03 6.662016640941793355e+01 2.750063592519789157e+00 2.947511921224963555e-02 -3.165507333539602897e+00
2.528000000000000000e+03 6.646703237699637157e+01 2.750205281793229428e+00 2.944538593424812084e-02 -3.181082947099446834e+00
2.529000000000000000e+03 6.631561598221405518e+01 2.750226414955445176e+00 2.941570837812622699e-02 -3.196805897943329811e+00
2.530000000000000000e+03 6.616597891375820950e+01 2.750129572019346824e+00 2.938608700546936972e-02 -3.212679161942041617e+00
2.531000000000000000e+03 6.601810934244002738e+01 2.749909847875729785e+00 2.935652224789710163e-02 -3.228683439243990705e+00
2.532000000000000000e+03 6.587199620480679130e+01 2.749562280389157731e+00 2.932701450648425925e-02 -3.244806863746218184e+00
2.533000000000000000e+03 6.572762920164197453e+01 2.749089278517972801e+00 2.929756415142327833e-02 -3.261044999182216575e+00
2.534000000000000000e+03 6.558507307834764788e+01 2.748493193758092534e+00 2.926817152180555964e-02 -3.277378550178683625e+00
2.535000000000000000e+03 6.544417048619440891e+01 2.747761463260792070e+00 2.923883692559174283e-02 -3.293810500135367469e+00
2.536000000000000000e+03 6.530498767699006635e+01 2.746903751426531759e+00 2.920956063972816874e-02 -3.310314108924653720e+00
2.537000000000000000e+03 6.516759164464463083e+01 2.745914808020585074e+00 2.918034291043969039e-02 -3.326892335869180428e+00
2.538000000000000000e+03 6.503182726519098367e+01 2.744789324764686622e+00 2.915118395366396095e-02 -3.343525837491368335e+00
2.539000000000000000e+03 6.489776298683312916e+01 2.743536791952942089e+00 2.912208395567864386e-02 -3.360210105492990706e+00
2.540000000000000000e+03 6.476539368353327575e+01 2.742144356640263680e+00 2.909304307382329716e-02 -3.376925749610969696e+00
2.541000000000000000e+03 6.463471492474646141e+01 2.740628821057980780e+00 2.906406143739809558e-02 -3.393668207304894047e+00
2.542000000000000000e+03 6.450564867686493642e+01 2.738969787449593962e+00 2.903513914870036600e-02 -3.410425455023671226e+00
2.543000000000000000e+03 6.437834042097975384e+01 2.737191369935642715e+00 2.900627628416288170e-02 -3.427185432905386353e+00
2.544000000000000000e+03 6.425263915101699297e+01 2.735273054346847754e+00 2.897747289559049477e-02 -3.443936041160129413e+00
2.545000000000000000e+03 6.412854305641489816e+01 2.733231410136859552e+00 2.894872901156247263e-02 -3.460665136487284244e+00
2.546000000000000000e+03 6.400612521940365696e+01 2.731053235313913863e+00 2.892004463884848692e-02 -3.477360528528067096e+00
2.547000000000000000e+03 6.388531074451837810e+01 2.728747555000141656e+00 2.889141976395566067e-02 -3.494017404704882424e+00
2.548000000000000000e+03 6.376602530498561805e+01 2.726308479811498486e+00 2.886285435470124783e-02 -3.510623470047215200e+00
2.549000000000000000e+03 6.364834368859697378e+01 2.723737491063115357e+00 2.883434836187208708e-02 -3.527158943756336651e+00
2.550000000000000000e+03 6.353219264218363804e+01 2.721036012596975695e+00 2.880590172088323686e-02 -3.543618840859942498e+00
2.551000000000000000e+03 6.341757552296070344e+01 2.718197881613849010e+00 2.877751435347992298e-02 -3.559998571375937892e+00
2.552000000000000000e+03 6.330450346095086189e+01 2.715223902541263890e+00 2.874918616942368291e-02 -3.576273029607593301e+00
2.553000000000000000e+03 6.319291558577617707e+01 2.712114721986573773e+00 2.872091706820504436e-02 -3.592454640010899425e+00
2.554000000000000000e+03 6.308282574930451858e+01 2.708870930025175205e+00 2.869270694070624739e-02 -3.608518611240522311e+00
2.555000000000000000e+03 6.297424822065279670e+01 2.705485632141975127e+00 2.866455567083566608e-02 -3.624462359764005992e+00
2.556000000000000000e+03 6.286704909806730512e+01 2.701974162946255031e+00 2.863646313709119345e-02 -3.640283221666936964e+00
2.557000000000000000e+03 6.276146627282122381e+01 2.698322088055615797e+00 2.860842921413396869e-02 -3.655971021203538118e+00
2.558000000000000000e+03 6.265721800716912071e+01 2.694537202905193940e+00 2.858045377416612229e-02 -3.671508067742728976e+00
2.559000000000000000e+03 6.255446860057065095e+01 2.690619819725400319e+00 2.855253668833070829e-02 -3.686906294511673288e+00
2.560000000000000000e+03 6.245323410316360224e+01 2.686562767941838015e+00 2.852467782795781864e-02 -3.702140400482632820e+00
2.561000000000000000e+03 6.235330801464194650e+01 2.682373679646773201e+00 2.849687706572625809e-02 -3.717207274261537631e+00
2.562000000000000000e+03 6.225485553562140950e+01 2.678045276639423822e+00 2.846913427668962271e-02 -3.732111134522452911e+00
2.563000000000000000e+03 6.215774500049416673e+01 2.673585084288482072e+00 2.844144933916818371e-02 -3.746826385440139351e+00
2.564000000000000000e+03 6.206199356390923327e+01 2.668985718612506108e+00 2.841382213556973776e-02 -3.761357040725657797e+00
2.565000000000000000e+03 6.196754433686506047e+01 2.664247171831726657e+00 2.838625255299881064e-02 -3.775692150808821257e+00
2.566000000000000000e+03 6.187441494148312415e+01 2.659376812888314845e+00 2.835874048377037479e-02 -3.789820656873844396e+00
2.567000000000000000e+03 6.178262321646653987e+01 2.654367102934846123e+00 2.833128582576190102e-02 -3.803738816596629491e+00
2.568000000000000000e+03 6.169211292376253652e+01 2.649232737643297586e+00 2.830388848263966015e-02 -3.817442773234215547e+00
2.569000000000000000e+03 6.160290230693709645e+01 2.643958649329295696e+00 2.827654836389983939e-02 -3.830928553117875612e+00
2.570000000000000000e+03 6.151486123323019228e+01 2.638559434347893085e+00 2.824926538481926583e-02 -3.844184634850172699e+00
2.571000000000000000e+03 6.142815688830462761e+01 2.633034783603365625e+00 2.822203946619808793e-02 -3.857206803607764023e+00
2.572000000000000000e+03 6.134258521959480959e+01 2.627376911527770087e+00 2.819487053404119356e-02 -3.869990720449148380e+00
2.573000000000000000e+03 6.125823948379434114e+01 2.621600270127016241e+00 2.816775851901811428e-02 -3.882524491679041123e+00
2.574000000000000000e+03 6.117513882634813882e+01 2.615704407890887762e+00 2.814070335589641952e-02 -3.894810951671108246e+00
2.575000000000000000e+03 6.109307971242807866e+01 2.609681398820578035e+00 2.811370498272744434e-02 -3.906837947297135294e+00
2.576000000000000000e+03 6.101223019383700574e+01 2.603545556522337101e+00 2.808676334005456507e-02 -3.918600620866888651e+00
2.577000000000000000e+03 6.093238707369044249e+01 2.597281436463543258e+00 2.805987836991367251e-02 -3.930093979726934972e+00
2.578000000000000000e+03 6.085364445838042258e+01 2.590903263497163156e+00 2.803305001477675307e-02 -3.941305465919862971e+00
2.579000000000000000e+03 6.077594805764111641e+01 2.584410362496968094e+00 2.800627821640488957e-02 -3.952237239306179095e+00
2.580000000000000000e+03 6.069924375317405207e+01 2.577802015808533742e+00 2.797956291467958156e-02 -3.962883890646777374e+00
2.581000000000000000e+03 6.062347760070216651e+01 2.571077464013272529e+00 2.795290404626295591e-02 -3.973232439799228910e+00
2.582000000000000000e+03 6.054867011585165670e+01 2.564243335055585771e+00 2.792630154332785899e-02 -3.983284619028735207e+00
2.583000000000000000e+03 6.047484199324212994e+01 2.557298788331928474e+00 2.789975533216562317e-02 -3.993027157931760662e+00
2.584000000000000000e+03 6.040186554217445547e+01 2.550250372192943704e+00 2.787326533185190483e-02 -4.002468923577348292e+00
2.585000000000000000e+03 6.032976182331988468e+01 2.543089739706180463e+00 2.784683145279980010e-02 -4.011596348861679040e+00
2.586000000000000000e+03 6.025847780076421856e+01 2.535830791232003723e+00 2.782045359542850010e-02 -4.020410572782179059e+00
2.587000000000000000e+03 6.018796062782229939e+01 2.528472533507980291e+00 2.779413164876151990e-02 -4.028890297276478627e+00
2.588000000000000000e+03 6.011830621600618230e+01 2.521006508845175631e+00 2.776786548910826352e-02 -4.037051212682682966e+00
2.589000000000000000e+03 6.004938781902002631e+01 2.513446509385261596e+00 2.774165497878037026e-02 -4.044879141314101645e+00
2.590000000000000000e+03 5.998107888421809974e+01 2.505791436215026202e+00 2.771549996484132597e-02 -4.052374606356857534e+00
2.591000000000000000e+03 5.991355018691140089e+01 2.498047585292074491e+00 2.768940027795881859e-02 -4.059523117334722819e+00
2.592000000000000000e+03 5.984660127839799060e+01 2.490206363277889245e+00 2.766335573128029038e-02 -4.066332310796417104e+00
2.593000000000000000e+03 5.978025475270878530e+01 2.482266573480726546e+00 2.763736611947467323e-02 -4.072787379220833337e+00
2.594000000000000000e+03 5.971453339392271431e+01 2.474249273456328169e+00 2.761143121780349277e-02 -4.078888211845842271e+00
2.595000000000000000e+03 5.964931160601489069e+01 2.466138349113696115e+00 2.758555078134010408e-02 -4.084634537116863306e+00
2.596000000000000000e+03 5.958461254269138152e+01 2.457947370782346042e+00 2.755972454428443075e-02 -4.090018493557092683e+00
2.597000000000000000e+03 5.952038525162999605e+01 2.449675024032631487e+00 2.753395221939299725e-02 -4.095046914110617386e+00
2.598000000000000000e+03 5.945657895161520656e+01 2.441327395654710131e+00 2.750823349757230279e-02 -4.099711612105614300e+00
2.599000000000000000e+03 5.939321730852938686e+01 2.432903117892359024e+00 2.748256804754956734e-02 -4.104011665741528425e+00
2.600000000000000000e+03 5.933024985967372800e+01 2.424408226083401896e+00 2.745695551573483495e-02 -4.107938560896828406e+00
2.601000000000000000e+03 5.926770233627028972e+01 2.415841127858694648e+00 2.743139552618906879e-02 -4.111498342034566988e+00
2.602000000000000000e+03 5.920538481446266132e+01 2.407214364005760387e+00 2.740588768072706530e-02 -4.114681497276604816e+00
2.603000000000000000e+03 5.914348067515193463e+01 2.398525421159790838e+00 2.738043155916816337e-02 -4.117493072705895152e+00
2.604000000000000000e+03 5.908180199033950686e+01 2.389764336158583635e+00 2.735502671971024383e-02 -4.119930520837150389e+00
2.605000000000000000e+03 5.902045806026308838e+01 2.380943410406250571e+00 2.732967269947641359e-02 -4.121976272133688113e+00
2.606000000000000000e+03 5.895926112994020940e+01 2.372060069088218093e+00 2.730436901513887474e-02 -4.123649733397229511e+00
2.607000000000000000e+03 5.889832064075502416e+01 2.363119147191308667e+00 2.727911516370182948e-02 -4.124925575923915844e+00
2.608000000000000000e+03 5.883759751207623623e+01 2.354125462125615353e+00 2.725391062339645870e-02 -4.125815447435942751e+00
2.609000000000000000e+03 5.877705269003195099e+01 2.345068957998552417e+00 2.722875485468639889e-02 -4.126308545428066132e+00
2.610000000000000000e+03 5.871664712849580070e+01 2.335954419992516851e+00 2.720364730136615172e-02 -4.126416187486897869e+00
2.611000000000000000e+03 5.865641605287652993e+01 2.326794046993011289e+00 2.717858739178207611e-02 -4.126127241475642471e+00
2.612000000000000000e+03 5.859624608929193812e+01 2.317577739167441475e+00 2.715357454013590452e-02 -4.125445267639545222e+00
2.613000000000000000e+03 5.853617237775117843e+01 2.308310240697260429e+00 2.712860814783748034e-02 -4.124373662326814127e+00
2.614000000000000000e+03 5.847615570041281785e+01 2.299003712409351419e+00 2.710368760492843851e-02 -4.122900801776019364e+00
2.615000000000000000e+03 5.841623102705450066e+01 2.289648019357001907e+00 2.707881229162560632e-02 -4.121029756070785588e+00
2.616000000000000000e+03 5.835635892634003596e+01 2.280247873553304494e+00 2.705398157980201668e-02 -4.118770861408147077e+00
2.617000000000000000e+03 5.829642554400929555e+01 2.270807978252475046e+00 2.702919483458558064e-02 -4.116112007380271720e+00
2.618000000000000000e+03 5.823653971510705674e+01 2.261333028931123312e+00 2.700445141592000553e-02 -4.113063207821931577e+00
2.619000000000000000e+03 5.817658724132680703e+01 2.251812857568046056e+00 2.697975068020713393e-02 -4.109619459867693614e+00
2.620000000000000000e+03 5.811667657063418346e+01 2.242267003724879082e+00 2.695509198181943178e-02 -4.105783029872424272e+00
2.621000000000000000e+03 5.805661879171601214e+01 2.232692717071765198e+00 2.693047467476104156e-02 -4.101556025991513366e+00
2.622000000000000000e+03 5.799652188142947296e+01 2.223079815063509823e+00 2.690589811412938404e-02 -4.096940399170845737e+00
2.623000000000000000e+03 5.793627070027784498e+01 2.213447825664086377e+00 2.688136165769629271e-02 -4.091937944195485066e+00
2.624000000000000000e+03 5.787597267407925017e+01 2.203786561515438613e+00 2.685686466730100724e-02 -4.086542872445789953e+00
2.625000000000000000e+03 5.781543779085451717e+01 2.194100691006763082e+00 2.683240651027909290e-02 -4.080771526461552945e+00
2.626000000000000000e+03 5.775477285108933501e+01 2.184402310888844401e+00 2.680798656074673617e-02 -4.074602954358847562e+00
2.627000000000000000e+03 5.769393574987574169e+01 2.174673805483709810e+00 2.678360420089818950e-02 -4.068053194606204848e+00
2.628000000000000000e+03 5.763280974455655326e+01 2.164934702793919197e+00 2.675925882211787829e-02 -4.061123278900388378e+00
2.629000000000000000e+03 5.757150057392471609e+01 2.155182248653269017e+00 2.673494982605133588e-02 -4.053814090247183088e+00
2.630000000000000000e+03 5.750981645999710423e+01 2.145413692725613330e+00 2.671067662556386724e-02 -4.046118936043442638e+00
2.631000000000000000e+03 5.744793664697500191e+01 2.135633717798222087e+00 2.668643864557722692e-02 -4.038053262961180501e+00
2.632000000000000000e+03 5.738574283834238088e+01 2.125854440719542104e+00 2.666223532380242525e-02 -4.029624945079801179e+00
2.633000000000000000e+03 5.732326488771055750e+01 2.116065699930260280e+00 2.663806611136211241e-02 -4.020834285468209757e+00
2.634000000000000000e+03 5.726038365586435219e+01 2.106279626490837664e+00 2.661393047329053962e-02 -4.011681446165451526e+00
2.635000000000000000e+03 5.719727670406602726e+01 2.096500931600175033e+00 2.658982788888409124e-02 -4.002173878208335367e+00
2.636000000000000000e+03 5.713374973605301932e+01 2.086726907508456463e+00 2.656575785200405992e-02 -3.992318895005090518e+00
2.637000000000000000e+03 5.706990514429922001e+01 2.076962285123478136e+00 2.654171987115129527e-02 -3.982123674104389277e+00
2.638000000000000000e+03 5.700562202143465385e+01 2.067204378208419957e+00 2.651771346953433681e-02 -3.971580402308618307e+00
2.639000000000000000e+03 5.694100185836479966e+01 2.057465369323154825e+00 2.649373818489074786e-02 -3.960703419282233018e+00
2.640000000000000000e+03 5.687584855798653649e+01 2.047735168955237217e+00 2.646979356934243272e-02 -3.949492077700680781e+00
2.641000000000000000e+03 5.681033698602583826e+01 2.038025986495237696e+00 2.644587918899854798e-02 -3.937945601892633540e+00
2.642000000000000000e+03 5.674427013635492756e+01 2.028335189350291223e+00 2.642199462359553705e-02 -3.926070518173271129e+00
2.643000000000000000e+03 5.667774768382181350e+01 2.018660160500290512e+00 2.639813946589922647e-02 -3.913873228517046332e+00
2.644000000000000000e+03 5.661064600193662244e+01 2.009013156044366699e+00 2.637431332110069457e-02 -3.901360012620197715e+00
2.645000000000000000e+03 5.654298958341003356e+01 1.999391592635942239e+00 2.635051580611640770e-02 -3.888529601651413703e+00
2.646000000000000000e+03 5.647480247691692767e+01 1.989792905008952673e+00 2.632674654882546927e-02 -3.875395465441259457e+00
2.647000000000000000e+03 5.640610829152407035e+01 1.980229403493493523e+00 2.630300518715786642e-02 -3.861956101256529106e+00
2.648000000000000000e+03 5.633670735118172956e+01 1.970698561418843697e+00 2.627929136826046008e-02 -3.848224749412857193e+00
2.649000000000000000e+03 5.626677096822405133e+01 1.961205300957024722e+00 2.625560474749187231e-02 -3.834199682120199792e+00
2.650000000000000000e+03 5.619617289771654356e+01 1.951747137203362126e+00 2.623194498745229017e-02 -3.819893919164825125e+00
2.651000000000000000e+03 5.612500956775736682e+01 1.942328945377778115e+00 2.620831175696989451e-02 -3.805305019278739209e+00
2.652000000000000000e+03 5.605308082018296290e+01 1.932955262426434118e+00 2.618470473003940355e-02 -3.790443303256028074e+00
2.653000000000000000e+03 5.598048346621231985e+01 1.923623130220495803e+00 2.616112358482666767e-02 -3.775303635562157645e+00
2.654000000000000000e+03 5.590716535231118911e+01 1.914329614905943666e+00 2.613756800258179233e-02 -3.759888209338190457e+00
2.655000000000000000e+03 5.583314821712679787e+01 1.905086664322031442e+00 2.611403766663231152e-02 -3.744213977190419040e+00
2.656000000000000000e+03 5.575837913075343977e+01 1.895891395304724725e+00 2.609053226139908949e-02 -3.728260655207114027e+00
2.657000000000000000e+03 5.568280478426734703e+01 1.886740951077872097e+00 2.606705147139858070e-02 -3.712052437307702846e+00
2.658000000000000000e+03 5.560644577894512963e+01 1.877647358630230023e+00 2.604359498035059908e-02 -3.695576285913688253e+00
2.659000000000000000e+03 5.552932234808832845e+01 1.868600387626482506e+00 2.602016247026952764e-02 -3.678856218000829070e+00
2.660000000000000000e+03 5.545138007839244665e+01 1.859612121156310138e+00 2.599675362068926132e-02 -3.661879024171572627e+00
2.661000000000000000e+03 5.537271276480963422e+01 1.850679814615976859e+00 2.597336810788475683e-02 -3.644668554756474332e+00
2.662000000000000000e+03 5.529319099682111016e+01 1.841800753026535453e+00 2.595000560420821639e-02 -3.627211438933779508e+00
2.663000000000000000e+03 5.521290786262098749e+01 1.832987108336773696e+00 2.592666577749554863e-02 -3.609531370875954881e+00
2.664000000000000000e+03 5.513188181761864115e+01 1.824228798258914708e+00 2.590334829055405269e-02 -3.591622257262397255e+00
2.665000000000000000e+03 5.504998240276219690e+01 1.815538056941372602e+00 2.588005280075413028e-02 -3.573500218415935237e+00
2.666000000000000000e+03 5.496722737966401695e+01 1.806912293772922506e+00 2.585677895967933293e-02 -3.555151592554438800e+00
2.667000000000000000e+03 5.488370844748818200e+01 1.798348950622525422e+00 2.583352641293040416e-02 -3.536599793664053415e+00
2.668000000000000000e+03 5.479936839210091648e+01 1.789852930712795942e+00 2.581029479994238415e-02 -3.517838459084067448e+00
2.669000000000000000e+03 5.471414965200200697e+01 1.781429170776538173e+00 2.578708375398757954e-02 -3.498883450711061105e+00
2.670000000000000000e+03 5.462806860003237830e+01 1.773067784846619421e+00 2.576389290222334469e-02 -3.479720859313334635e+00
2.671000000000000000e+03 5.454114125737137897e+01 1.764781206480984244e+00 2.574072186586163352e-02 -3.460373862462047700e+00
2.672000000000000000e+03 5.445338329035708824e+01 1.756567047468463372e+00 2.571757026042467351e-02 -3.440835872169222931e+00
2.673000000000000000e+03 5.436473572315629355e+01 1.748422954969574228e+00 2.569443769608965519e-02 -3.421122536139868942e+00
2.674000000000000000e+03 5.427521350033277514e+01 1.740354040290160276e+00 2.567132377814241445e-02 -3.401242027180197081e+00
2.675000000000000000e+03 5.418483119834598938e+01 1.732358022587375812e+00 2.564822810748949508e-02 -3.381187617664123124e+00
2.676000000000000000e+03 5.409360302003983634e+01 1.724432657609405783e+00 2.562515028127294869e-02 -3.360974824107458847e+00
2.677000000000000000e+03 5.400146850517532471e+01 1.716598023118630856e+00 2.560208989356434206e-02 -3.340611696594863123e+00
2.678000000000000000e+03 5.390851537458086540e+01 1.708829664094756673e+00 2.557904653609278239e-02 -3.320098821611239703e+00
2.679000000000000000e+03 5.381475667296176368e+01 1.701147733276013208e+00 2.555601979911736876e-02 -3.299451609926386642e+00
2.680000000000000000e+03 5.372005647845902843e+01 1.693550136328106914e+00 2.553300927223822389e-02 -3.278670586028555878e+00
2.681000000000000000e+03 5.362457559654295380e+01 1.686027388848714059e+00 2.551001454535264251e-02 -3.257756247659423288e+00
2.682000000000000000e+03 5.352817728476382797e+01 1.678592330055406201e+00 2.548703520961633287e-02 -3.236723925347233966e+00
2.683000000000000000e+03 5.343087294650736396e+01 1.671235552953989512e+00 2.546407085843335749e-02 -3.215581500185745067e+00
2.684000000000000000e+03 5.333274784027905469e+01 1.663962546342523385e+00 2.544112108847965820e-02 -3.194329406659681680e+00
2.685000000000000000e+03 5.323373822210827910e+01 1.656778838346588456e+00 2.541818550071973937e-02 -3.172968063814811224e+00
2.686000000000000000e+03 5.313385418916899283e+01 1.649682568287750950e+00 2.539526370149798595e-02 -3.151520163121826368e+00
2.687000000000000000e+03 5.303317967317017434e+01 1.642671915235733859e+00 2.537235530349081156e-02 -3.129986101179714097e+00
2.688000000000000000e+03 5.293157530008768674e+01 1.635745098193286617e+00 2.534945992682448995e-02 -3.108373695912487911e+00
2.689000000000000000e+03 5.282919836884572362e+01 1.628907804614624366e+00 2.532657720004585084e-02 -3.086683332653823442e+00
2.690000000000000000e+03 5.272598286145345980e+01 1.622165762206591255e+00 2.530370676109672604e-02 -3.064937680321468960e+00
2.691000000000000000e+03 5.262201085572583281e+01 1.615509882362872407e+00 2.528084825829375257e-02 -3.043137124076331190e+00
2.692000000000000000e+03 5.251721538709544745e+01 1.608945973683194364e+00 2.525800135119297615e-02 -3.021289481469965121e+00
2.693000000000000000e+03 5.241160329561038367e+01 1.602472457024162633e+00 2.523516571151360188e-02 -2.999402576825826117e+00
2.694000000000000000e+03 5.230525522314214726e+01 1.596095222285066617e+00 2.521234102387423862e-02 -2.977484243954371834e+00
2.695000000000000000e+03 5.219810276084735534e+01 1.589805343425992890e+00 2.518952698659558675e-02 -2.955542328851065381e+00
2.696000000000000000e+03 5.209015129844299707e+01 1.583608791921577996e+00 2.516672331231878390e-02 -2.933577264025708953e+00
2.697000000000000000e+03 5.198148002380391119e+01 1.577511580096989885e+00 2.514392972868614157e-02 -2.911596927863327355e+00
2.698000000000000000e+03 5.187201907290757674e+01 1.571504904448015161e+00 2.512114597882853656e-02 -2.889616647264161120e+00
2.699000000000000000e+03 5.176184666516773092e+01 1.565587430696415483e+00 2.509837182180654769e-02 -2.867636915211840609e+00
2.700000000000000000e+03 5.165081768812915186e+01 1.559765293778664352e+00 2.507560703303797836e-02 -2.845665678420814082e+00
2.701000000000000000e+03 5.153915681278504479e+01 1.554037291769890361e+00 2.505285140455024845e-02 -2.823710537158399703e+00
2.702000000000000000e+03 5.142663791163822395e+01 1.548402466145610390e+00 2.503010474520875675e-02 -2.801777624590032989e+00
2.703000000000000000e+03 5.131347893297513707e+01 1.542867378119882282e+00 2.500736688081390754e-02 -2.779872732509109934e+00
2.704000000000000000e+03 5.119952594384786693e+01 1.537423772869695116e+00 2.498463765418580673e-02 -2.757994259887991184e+00
2.705000000000000000e+03 5.108484740464410123e+01 1.532078292847241618e+00 2.496191692508529722e-02 -2.736162928752535972e+00
2.706000000000000000e+03 5.096936275893292390e+01 1.526822764274938793e+00 2.493920457012441597e-02 -2.714362359826632876e+00
2.707000000000000000e+03 5.085321385910999936e+01 1.521671338777677907e+00 2.491650048254160157e-02 -2.692613358453485262e+00
2.708000000000000000e+03 5.073631927425046939e+01 1.516615923147321299e+00 2.489380457193610466e-02 -2.670921918534285844e+00
2.709000000000000000e+03 5.061874571717974902e+01 1.511648464244597756e+00 2.487111676392269807e-02 -2.649279224889534046e+00
2.710000000000000000e+03 5.050041092066363291e+01 1.506783233886282103e+00 2.484843699968582523e-02 -2.627706225692065800e+00
2.711000000000000000e+03 5.038138078220725191e+01 1.502019686915667229e+00 2.482576523554240119e-02 -2.606194207966210374e+00
2.712000000000000000e+03 5.026172080837149281e+01 1.497342461009831815e+00 2.480310144237074174e-02 -2.584764226659951536e+00
2.713000000000000000e+03 5.014127327606048112e+01 1.492765946573971103e+00 2.478044560501758281e-02 -2.563407680081330575e+00
2.714000000000000000e+03 5.002025151274753512e+01 1.488289716418393471e+00 2.475779772168789847e-02 -2.542130882206232734e+00
2.715000000000000000e+03 4.989849707400502865e+01 1.483913382223417843e+00 2.473515780320929142e-02 -2.520947636501503109e+00
2.716000000000000000e+03 4.977607402436247952e+01 1.479621737589101871e+00 2.471252587236958537e-02 -2.499856953014190530e+00
2.717000000000000000e+03 4.965297181635286705e+01 1.475436756223378110e+00 2.468990196311691976e-02 -2.478857907177964837e+00
2.718000000000000000e+03 4.952917958722510150e+01 1.471343308162001318e+00 2.466728611985563938e-02 -2.457957070234826347e+00
2.719000000000000000e+03 4.940476045574441599e+01 1.467341157929178186e+00 2.464467839658888992e-02 -2.437168511271348148e+00
2.720000000000000000e+03 4.927962868500793547e+01 1.463437535882509355e+00 2.462207885617541392e-02 -2.416484085818293881e+00
2.721000000000000000e+03 4.915384682974065811e+01 1.459624852844061405e+00 2.459948756950132084e-02 -2.395918007916459924e+00
2.722000000000000000e+03 4.902747718247960051e+01 1.455910413169835049e+00 2.457690461471393265e-02 -2.375469710292967385e+00
2.723000000000000000e+03 4.890050750310685856e+01 1.452286701004115166e+00 2.455433007640472551e-02 -2.355146131302261914e+00
2.724000000000000000e+03 4.877299959868205548e+01 1.448761093322721738e+00 2.453176404489206333e-02 -2.334954288428176650e+00
2.725000000000000000e+03 4.864486648550448677e+01 1.445326146161471481e+00 2.450920661542999035e-02 -2.314893851747521492e+00
2.726000000000000000e+03 4.851624381889048720e+01 1.441981879283596557e+00 2.448665788751785977e-02 -2.294972002405563760e+00
2.727000000000000000e+03 4.838711848757885292e+01 1.438728347433672727e+00 2.446411796416513712e-02 -2.275203434351277476e+00
2.728000000000000000e+03 4.825747719226955468e+01 1.435565639929280213e+00 2.444158695131330022e-02 -2.255573214281465955e+00
2.729000000000000000e+03 4.812738074024218804e+01 1.432493880240547357e+00 2.441906495718371498e-02 -2.236103638447577424e+00
2.730000000000000000e+03 4.799681548902201200e+01 1.429513225557606626e+00 2.439655209170535355e-02 -2.216794807467226569e+00
2.731000000000000000e+03 4.786576764008511731e+01 1.426623866346154346e+00 2.437404846602612973e-02 -2.197639484596468407e+00
2.732000000000000000e+03 4.773429753207810933e+01 1.423818597541117281e+00 2.435155419203352198e-02 -2.178652810660291816e+00
2.733000000000000000e+03 4.760239108303233024e+01 1.421097674779583819e+00 2.432906938193814608e-02 -2.159835163788172530e+00
2.734000000000000000e+03 4.747003408258044033e+01 1.418468813921962335e+00 2.430659414791650277e-02 -2.141194445908249033e+00
2.735000000000000000e+03 4.733728648366604830e+01 1.415917477161065863e+00 2.428412860182087990e-02 -2.122723799096208452e+00
2.736000000000000000e+03 4.720413384324208295e+01 1.413458870973155701e+00 2.426167285490111319e-02 -2.104438748681876525e+00
2.737000000000000000e+03 4.707063589648319635e+01 1.411078518804561366e+00 2.423922701764406537e-02 -2.086340062808450746e+00
2.738000000000000000e+03 4.693677799650526339e+01 1.408776830651460532e+00 2.421679119964754989e-02 -2.068428610398204359e+00
2.739000000000000000e+03 4.680261968762879832e+01 1.406554245827561056e+00 2.419436550950410103e-02 -2.050705362371893603e+00
2.740000000000000000e+03 4.666814614418802165e+01 1.404418660772625671e+00 2.417195005478595810e-02 -2.033186249522444200e+00
2.741000000000000000e+03 4.653341674293040597e+01 1.402355715100111588e+00 2.414954494208986988e-02 -2.015857593539996717e+00
2.742000000000000000e+03 4.639834221751304000e+01 1.400373361138010919e+00 2.412715027709085719e-02 -1.998735534893307575e+00
2.743000000000000000e+03 4.626305608066024888e+01 1.398472149958052801e+00 2.410476616470145009e-02 -1.981821463760221613e+00
2.744000000000000000e+03 4.612754321097189347e+01 1.396637802446950127e+00 2.408239270918896557e-02 -1.965116877712259402e+00
2.745000000000000000e+03 4.599178842396140965e+01 1.394878350470571737e+00 2.406003001440896669e-02 -1.948615954300284114e+00
2.746000000000000000e+03 4.585585075934276489e+01 1.393194422877674032e+00 2.403767818405278325e-02 -1.932342693693115177e+00
2.747000000000000000e+03 4.571971491760107398e+01 1.391571816546484763e+00 2.401533732192262516e-02 -1.916276636013593881e+00
2.748000000000000000e+03 4.558336554690295372e+01 1.390026065875449524e+00 2.399300753222019869e-02 -1.900434573980859687e+00
2.749000000000000000e+03 4.544686152988089844e+01 1.388550443713397753e+00 2.397068891990777190e-02 -1.884818555198739531e+00
2.750000000000000000e+03 4.531026170332818026e+01 1.387138245785284552e+00 2.394838159104253905e-02 -1.869430739546985798e+00
2.751000000000000000e+03 4.517347495835734605e+01 1.385782910036523541e+00 2.392608565315182401e-02 -1.854265997684998890e+00
2.752000000000000000e+03 4.503670193659500143e+01 1.384500660973787323e+00 2.390380121559534943e-02 -1.839334275332688673e+00
2.753000000000000000e+03 4.489984477332155421e+01 1.383278150641197080e+00 2.388152839000933642e-02 -1.824638230122237026e+00
2.754000000000000000e+03 4.476287985423660132e+01 1.382116908096260532e+00 2.385926729061475793e-02 -1.810180634226840057e+00
2.755000000000000000e+03 4.462593210233357865e+01 1.381025910404588108e+00 2.383701803468769517e-02 -1.795964374802183849e+00
2.756000000000000000e+03 4.448897784740535855e+01 1.379984440228750886e+00 2.381478074289664765e-02 -1.781985026027800512e+00
2.757000000000000000e+03 4.435206768024169577e+01 1.379008940315944232e+00 2.379255553968905729e-02 -1.768253134499491841e+00
2.758000000000000000e+03 4.421510360601353540e+01 1.378086157676834622e+00 2.377034255367672586e-02 -1.754764506120292777e+00
2.759000000000000000e+03 4.407813618240201947e+01 1.377225141364497141e+00 2.374814191795414017e-02 -1.741529919743797006e+00
2.760000000000000000e+03 4.394121595696094573e+01 1.376420100046694905e+00 2.372595377043760015e-02 -1.728537985615749450e+00
2.761000000000000000e+03 4.380431918824821480e+01 1.375665258026629090e+00 2.370377825418083437e-02 -1.715799715619140908e+00
2.762000000000000000e+03 4.366742213424326735e+01 1.374969711260766614e+00 2.368161551764332712e-02 -1.703311381617616416e+00
2.763000000000000000e+03 4.353064962455884057e+01 1.374327713272546880e+00 2.365946571495097794e-02 -1.691084228902284048e+00
2.764000000000000000e+03 4.339390364843389847e+01 1.373733531165337363e+00 2.363732900610851506e-02 -1.679107334437974552e+00
2.765000000000000000e+03 4.325723477805348693e+01 1.373188873283168077e+00 2.361520555720736034e-02 -1.667392176914133106e+00
2.766000000000000000e+03 4.312069360765318038e+01 1.372695460169402359e+00 2.359309554056075384e-02 -1.655928066545010235e+00
2.767000000000000000e+03 4.298425647642319802e+01 1.372255023874308533e+00 2.357099913486020507e-02 -1.644719286675346392e+00
2.768000000000000000e+03 4.284797404221054506e+01 1.371854450561234229e+00 2.354891652523334253e-02 -1.633777665237649446e+00
2.769000000000000000e+03 4.271182272149015091e+01 1.371502921563808819e+00 2.352684790333081991e-02 -1.623092861112369611e+00
2.770000000000000000e+03 4.257585326361147793e+01 1.371194770940374008e+00 2.350479346731637956e-02 -1.612662077244077619e+00
2.771000000000000000e+03 4.244004219128326127e+01 1.370931769830302294e+00 2.348275342188584427e-02 -1.602497488661568381e+00
2.772000000000000000e+03 4.230444037529653656e+01 1.370708269059415008e+00 2.346072797817431999e-02 -1.592589100351444520e+00
2.773000000000000000e+03 4.216902447544433841e+01 1.370526055146836786e+00 2.343871735374060059e-02 -1.582941888589904256e+00
2.774000000000000000e+03 4.203384551563271287e+01 1.370379492911846908e+00 2.341672177236594349e-02 -1.573553515428688376e+00
2.775000000000000000e+03 4.189888032513761829e+01 1.370270381482677102e+00 2.339474146399674048e-02 -1.564421756538735053e+00
2.776000000000000000e+03 4.176410583049707270e+01 1.370200525256120461e+00 2.337277666448874663e-02 -1.555559357361441464e+00
2.777000000000000000e+03 4.162957334750137761e+01 1.370164304858651372e+00 2.335082761547837074e-02 -1.546949462415815546e+00
2.778000000000000000e+03 4.149540858975017699e+01 1.370163533160318803e+00 2.332889456412193252e-02 -1.538605041467585588e+00
2.779000000000000000e+03 4.136144025973401739e+01 1.370192597889795971e+00 2.330697776283215117e-02 -1.530509462053414760e+00
2.780000000000000000e+03 4.122779432545630840e+01 1.370253317652817771e+00 2.328507746903158218e-02 -1.522675915568778349e+00
2.781000000000000000e+03 4.109452261149852603e+01 1.370340084552324367e+00 2.326319394483239433e-02 -1.515095418062369470e+00
2.782000000000000000e+03 4.096160280754416050e+01 1.370454720212435751e+00 2.324132745677493991e-02 -1.507766522844107504e+00
2.783000000000000000e+03 4.082901276032136195e+01 1.370599046754911621e+00 2.321947827543156123e-02 -1.500695319653667426e+00
2.784000000000000000e+03 4.069687904893581987e+01 1.370760029428560012e+00 2.319764667514310694e-02 -1.493877605750385529e+00
2.785000000000000000e+03 4.056510557554623375e+01 1.370954346044327643e+00 2.317583293362497979e-02 -1.487307056191758736e+00
2.786000000000000000e+03 4.043367070739717661e+01 1.371161531160312474e+00 2.315403733165488642e-02 -1.480985622580277328e+00
2.787000000000000000e+03 4.030277585165717369e+01 1.371398258925569102e+00 2.313226015269082003e-02 -1.474911646723218395e+00
2.788000000000000000e+03 4.017225119502040087e+01 1.371644058923048304e+00 2.311050168250079750e-02 -1.469084316627454534e+00
2.789000000000000000e+03 4.004214997911699925e+01 1.371915599021886756e+00 2.308876220882401242e-02 -1.463501436944049550e+00
2.790000000000000000e+03 3.991252565714697198e+01 1.372192401229253012e+00 2.306704202100466963e-02 -1.458161656388392124e+00
2.791000000000000000e+03 3.978343190075769087e+01 1.372491124551946884e+00 2.304534140961943603e-02 -1.453063723786407913e+00
2.792000000000000000e+03 3.965477403963988934e+01 1.372798709208115975e+00 2.302366066614524101e-02 -1.448204258417346013e+00
2.793000000000000000e+03 3.952660620185212537e+01 1.373116946097855395e+00 2.300200008259177531e-02 -1.443581463003902776e+00
2.794000000000000000e+03 3.939898275283669449e+01 1.373447619477014214e+00 2.298035995118580949e-02 -1.439192151154867538e+00
2.795000000000000000e+03 3.927188401763947212e+01 1.373777649636500175e+00 2.295874056401051716e-02 -1.435034717456243669e+00
2.796000000000000000e+03 3.914536485333669447e+01 1.374123662389119094e+00 2.293714221270128778e-02 -1.431106164850895812e+00
2.797000000000000000e+03 3.901933180364936504e+01 1.374465133308457876e+00 2.291556518812477850e-02 -1.427405074667773999e+00
2.798000000000000000e+03 3.889384023777750343e+01 1.374818670628420003e+00 2.289400978009709098e-02 -1.423928633940811483e+00
2.799000000000000000e+03 3.876902007143024065e+01 1.375163731143894452e+00 2.287247627705950651e-02 -1.420671891203225234e+00
2.800000000000000000e+03 3.864470435356069800e+01 1.375516903122617984e+00 2.285096496582887313e-02 -1.417633697768053480e+00
2.801000000000000000e+03 3.852102317338916748e+01 1.375865127574936508e+00 2.282947613131220202e-02 -1.414811086088060277e+00
2.802000000000000000e+03 3.839803115169181069e+01 1.376203070445979337e+00 2.280801005628465064e-02 -1.412201721374777286e+00
2.803000000000000000e+03 3.827555997215787187e+01 1.376547747726706739e+00 2.278656702109929308e-02 -1.409805161214730651e+00
2.804000000000000000e+03 3.815373873409423311e+01 1.376879021081648613e+00 2.276514730350825619e-02 -1.407620303085455493e+00
2.805000000000000000e+03 3.803262253790855141e+01 1.377206452444241558e+00 2.274375117838545526e-02 -1.405646125653672973e+00
2.806000000000000000e+03 3.791204392089288433e+01 1.377532161715750325e+00 2.272237891758545347e-02 -1.403880944377762230e+00
2.807000000000000000e+03 3.779220712784263014e+01 1.377843397872679398e+00 2.270103078969900809e-02 -1.402323895590072311e+00
2.808000000000000000e+03 3.767301956195959889e+01 1.378142251832897180e+00 2.267970705988648500e-02 -1.400973449214765854e+00
2.809000000000000000e+03 3.755446320463433096e+01 1.378430799227998493e+00 2.265840798967973246e-02 -1.399828149966727775e+00
2.810000000000000000e+03 3.743659461757629714e+01 1.378703671533735520e+00 2.263713383683770008e-02 -1.398886615692314317e+00
2.811000000000000000e+03 3.731932209431404601e+01 1.378962912259260376e+00 2.261588485517537425e-02 -1.398148278522463039e+00
2.812000000000000000e+03 3.720285136311085239e+01 1.379210548093795285e+00 2.259466129441665277e-02 -1.397610411828823063e+00
2.813000000000000000e+03 3.708701703725043330e+01 1.379441160061657623e+00 2.257346340006573596e-02 -1.397268871333867679e+00
2.814000000000000000e+03 3.697187688478718570e+01 1.379649311386362598e+00 2.255229141322787761e-02 -1.397121807540523175e+00
2.815000000000000000e+03 3.685748897970243831e+01 1.379844403713590184e+00 2.253114557053725528e-02 -1.397164464121865013e+00
2.816000000000000000e+03 3.674376313650862613e+01 1.380020963241618492e+00 2.251002610398297396e-02 -1.397395861652235283e+00
2.817000000000000000e+03 3.663083232932512345e+01 1.380173496962209923e+00 2.248893324083633960e-02 -1.397811367454708131e+00
2.818000000000000000e+03 3.651860699238847729e+01 1.380311348910788105e+00 2.246786720350395228e-02 -1.398408636461615950e+00
2.819000000000000000e+03 3.640722072256036057e+01 1.380421557974185864e+00 2.244682820944573012e-02 -1.399185380873370077e+00
2.820000000000000000e+03 3.629651029627395786e+01 1.380513427560750239e+00 2.242581647105257661e-02 -1.400137882636473874e+00
2.821000000000000000e+03 3.618653565548873274e+01 1.380581383427346154e+00 2.240483219559505357e-02 -1.401263220082073824e+00
2.822000000000000000e+03 3.607735705859304431e+01 1.380627258318343209e+00 2.238387558510179440e-02 -1.402558523210294394e+00
2.823000000000000000e+03 3.596888651477900822e+01 1.380645434863351229e+00 2.236294683629914265e-02 -1.404021714631762396e+00
2.824000000000000000e+03 3.586125920290169944e+01 1.380637701886227697e+00 2.234204614050995519e-02 -1.405649279156870657e+00
2.825000000000000000e+03 3.575431348826765543e+01 1.380605825673660192e+00 2.232117368363302490e-02 -1.407437747549178386e+00
2.826000000000000000e+03 3.564818519191290136e+01 1.380536692904131169e+00 2.230032964605167464e-02 -1.409385180268470927e+00
2.827000000000000000e+03 3.554286189078794678e+01 1.380446880389538666e+00 2.227951420260133875e-02 -1.411485222854521604e+00
2.828000000000000000e+03 3.543825720239080823e+01 1.380323227924202811e+00 2.225872752252648634e-02 -1.413735275168044980e+00
2.829000000000000000e+03 3.533443363632287060e+01 1.380167408048395217e+00 2.223796976944582629e-02 -1.416132032428985221e+00
2.830000000000000000e+03 3.523137974473335987e+01 1.379988497371270162e+00 2.221724110134220068e-02 -1.418669997588736464e+00
2.831000000000000000e+03 3.512915869016543269e+01 1.379773262854342875e+00 2.219654167055862964e-02 -1.421345936377315988e+00
2.832000000000000000e+03 3.502775967926469747e+01 1.379523303258702205e+00 2.217587162378178989e-02 -1.424156646831010287e+00
2.833000000000000000e+03 3.492709796334956707e+01 1.379240192151973687e+00 2.215523110209188795e-02 -1.427097471651896265e+00
2.834000000000000000e+03 3.482723768932834219e+01 1.378925477627560348e+00 2.213462024095479846e-02 -1.430163039070208475e+00
2.835000000000000000e+03 3.472816904942452254e+01 1.378573253685355438e+00 2.211403917031595084e-02 -1.433352460715516807e+00
2.836000000000000000e+03 3.462995684822046627e+01 1.378185016675217200e+00 2.209348801461397810e-02 -1.436664872632418932e+00
2.837000000000000000e+03 3.453251765197892098e+01 1.377762236701647769e+00 2.207296689288586189e-02 -1.440082348101477283e+00
2.838000000000000000e+03 3.443584263875310114e+01 1.377298929040636999e+00 2.205247591883578023e-02 -1.443616694273938794e+00
2.839000000000000000e+03 3.433999759775005600e+01 1.376796510619411329e+00 2.203201520097193208e-02 -1.447257451750836532e+00
2.840000000000000000e+03 3.424490007793215085e+01 1.376248943107517109e+00 2.201158484270515289e-02 -1.451001606018235357e+00
2.841000000000000000e+03 3.415061652087099020e+01 1.375672446121724235e+00 2.199118494248485448e-02 -1.454838728785553759e+00
2.842000000000000000e+03 3.405713940880745128e+01 1.375053498590570245e+00 2.197081559397980749e-02 -1.458773261080393402e+00
2.843000000000000000e+03 3.396453582994014653e+01 1.374393408684654982e+00 2.195047688621312373e-02 -1.462794797897829069e+00
2.844000000000000000e+03 3.387265034240768813e+01 1.373693456957403081e+00 2.193016890375198980e-02 -1.466892942958206048e+00
2.845000000000000000e+03 3.378162495650348518e+01 1.372947467848563807e+00 2.190989172694103246e-02 -1.471079591823087007e+00
2.846000000000000000e+03 3.369130486405555303e+01 1.372164094601339368e+00 2.188964543205865199e-02 -1.475329503167006617e+00
2.847000000000000000e+03 3.360190698705233103e+01 1.371344534090461975e+00 2.186943009159823467e-02 -1.479654580363149785e+00
2.848000000000000000e+03 3.351327713942693265e+01 1.370475098363413746e+00 2.184924577445196414e-02 -1.484044442774635320e+00
2.849000000000000000e+03 3.342541000809580254e+01 1.369571784645867707e+00 2.182909254617962716e-02 -1.488488708909366132e+00
2.850000000000000000e+03 3.333830058219441383e+01 1.368620848456179484e+00 2.180897046924562196e-02 -1.492991851236104228e+00
2.851000000000000000e+03 3.325201911583702241e+01 1.367623355377598271e+00 2.178887960329113985e-02 -1.497543772650853366e+00
2.852000000000000000e+03 3.316656460668429673e+01 1.366580269524532154e+00 2.176882000536720096e-02 -1.502150393237332793e+00
2.853000000000000000e+03 3.308186274155940509e+01 1.365499936621202837e+00 2.174879173023091389e-02 -1.506795631450463802e+00
2.854000000000000000e+03 3.299791377541847481e+01 1.364368388825009992e+00 2.172879483057573932e-02 -1.511485680645786811e+00
2.855000000000000000e+03 3.291479252639906150e+01 1.363186486456132274e+00 2.170882935728748325e-02 -1.516211865510277201e+00
2.856000000000000000e+03 3.283242552018079152e+01 1.361962489637766227e+00 2.168889535973354474e-02 -1.520980353660279949e+00
2.857000000000000000e+03 3.275088811870735128e+01 1.360697201598266126e+00 2.166899288596496262e-02 -1.525775012102533745e+00
2.858000000000000000e+03 3.267010738075767051e+01 1.359376540335449857e+00 2.164912198297477483e-02 -1.530601975563914641e+00
2.859000000000000000e+03 3.259008490693124571e+01 1.358008680394322987e+00 2.162928269689220334e-02 -1.535459931334705930e+00
2.860000000000000000e+03 3.251089683405095343e+01 1.356594339504245239e+00 2.160947507322664302e-02 -1.540340117529825692e+00
2.861000000000000000e+03 3.243247097901189591e+01 1.355134206979063727e+00 2.158969915701234449e-02 -1.545241178067383148e+00
2.862000000000000000e+03 3.235480968362931264e+01 1.353621515428166111e+00 2.156995499299552491e-02 -1.550161732614105281e+00
2.863000000000000000e+03 3.227791552548961107e+01 1.352064325879941409e+00 2.155024262578699931e-02 -1.555092946548488175e+00
2.864000000000000000e+03 3.220179131234747416e+01 1.350455814464727178e+00 2.153056209994433715e-02 -1.560040814343108817e+00
2.865000000000000000e+03 3.212644007659570633e+01 1.348796557560522302e+00 2.151091346009940605e-02 -1.564996444513789831e+00
2.866000000000000000e+03 3.205179078633394596e+01 1.347087103548674225e+00 2.149129675100095241e-02 -1.569958343039248083e+00
2.867000000000000000e+03 3.197799547407936771e+01 1.345320544580305144e+00 2.147171201753809641e-02 -1.574924983398991785e+00
2.868000000000000000e+03 3.190490924710474729e+01 1.343512230104594085e+00 2.145215930473647753e-02 -1.579887376630746632e+00
2.869000000000000000e+03 3.183253598348954228e+01 1.341647768554682152e+00 2.143263865776620994e-02 -1.584851354808643142e+00
2.870000000000000000e+03 3.176095404385565857e+01 1.339735025947467850e+00 2.141315012179393490e-02 -1.589800427739689104e+00
2.871000000000000000e+03 3.169001913281887184e+01 1.337774412640597044e+00 2.139369374194147883e-02 -1.594747779883657346e+00
2.872000000000000000e+03 3.161988427920796596e+01 1.335766311850723698e+00 2.137426956311039641e-02 -1.599676842040132163e+00
2.873000000000000000e+03 3.155047984750472878e+01 1.333711079831219948e+00 2.135487762980015428e-02 -1.604593288310468990e+00
2.874000000000000000e+03 3.148181066807874728e+01 1.331601617709181617e+00 2.133551798592073917e-02 -1.609495321228683551e+00
2.875000000000000000e+03 3.141380746668355428e+01 1.329445656732855641e+00 2.131619067452864003e-02 -1.614366241964836579e+00
2.876000000000000000e+03 3.134654971174670379e+01 1.327243473426747311e+00 2.129689573755837520e-02 -1.619219019002679172e+00
2.877000000000000000e+03 3.127996847742596032e+01 1.324987889806561459e+00 2.127763321547304978e-02 -1.624036859936338173e+00
2.878000000000000000e+03 3.121406929146461096e+01 1.322693987003891403e+00 2.125840314698544675e-02 -1.628832636894326891e+00
2.879000000000000000e+03 3.114885784931346180e+01 1.320347107046982105e+00 2.123920556861465248e-02 -1.633589458382879833e+00
2.880000000000000000e+03 3.108434001202252617e+01 1.317947423203109869e+00 2.122004051434588437e-02 -1.638305238056970037e+00
2.881000000000000000e+03 3.102052180438786166e+01 1.315509940227901797e+00 2.120090801516531440e-02 -1.642985265063858558e+00
2.882000000000000000e+03 3.095726084633188080e+01 1.313019924521228843e+00 2.118180809866234901e-02 -1.647619917711195869e+00
2.883000000000000000e+03 3.089471205252298702e+01 1.310484902844414767e+00 2.116274078854103041e-02 -1.652214375612151009e+00
2.884000000000000000e+03 3.083280764665856566e+01 1.307897520842212558e+00 2.114370610417969434e-02 -1.656751476704204196e+00
2.885000000000000000e+03 3.077148001094336749e+01 1.305272685075015149e+00 2.112470406010912363e-02 -1.661243714497370405e+00
2.886000000000000000e+03 3.071081025220591698e+01 1.302602993205740356e+00 2.110573466556586383e-02 -1.665681238445791079e+00
2.887000000000000000e+03 3.065073106710983097e+01 1.299881019346338817e+00 2.108679792401425834e-02 -1.670054137849206422e+00
2.888000000000000000e+03 3.059124959195726845e+01 1.297121599411535708e+00 2.106789383263067694e-02 -1.674374725782568962e+00
2.889000000000000000e+03 3.053229883501936115e+01 1.294317261327292634e+00 2.104902238186060620e-02 -1.678625539551479084e+00
2.890000000000000000e+03 3.047403480988251090e+01 1.291467938748698696e+00 2.103018355494506303e-02 -1.682818766430507429e+00
2.891000000000000000e+03 3.041624226672670517e+01 1.288573543033316282e+00 2.101137732750597842e-02 -1.686936815827156932e+00
2.892000000000000000e+03 3.035907752657015735e+01 1.285641391921693799e+00 2.099260366707837028e-02 -1.690984316729600145e+00
2.893000000000000000e+03 3.030239992884741795e+01 1.282671353173457041e+00 2.097386253279649032e-02 -1.694965831682739177e+00
2.894000000000000000e+03 3.024629181486706031e+01 1.279655844910415619e+00 2.095515387491793044e-02 -1.698863570795370759e+00
2.895000000000000000e+03 3.019076139254099900e+01 1.276602121016340741e+00 2.093647763463244230e-02 -1.702689389281628163e+00
2.896000000000000000e+03 3.013566845138018735e+01 1.273509986441552666e+00 2.091783374365511344e-02 -1.706425359780965989e+00
2.897000000000000000e+03 3.008109577822545688e+01 1.270379225914209487e+00 2.089922212406710583e-02 -1.710083198314834130e+00
2.898000000000000000e+03 3.002705202113887140e+01 1.267209604307253601e+00 2.088064268808451779e-02 -1.713652265022814536e+00
2.899000000000000000e+03 2.997339740345005765e+01 1.264000867010980134e+00 2.086209533789911558e-02 -1.717136705135555275e+00
2.900000000000000000e+03 2.992028942193471863e+01 1.260760168661348324e+00 2.084357996561066878e-02 -1.720525734829447373e+00
2.901000000000000000e+03 2.986758952032226588e+01 1.257472280571168222e+00 2.082509645318603858e-02 -1.723823386450954231e+00
2.902000000000000000e+03 2.981531162095462406e+01 1.254158779267001034e+00 2.080664467244695143e-02 -1.727026320390230518e+00
2.903000000000000000e+03 2.976347071928435284e+01 1.250804002034388018e+00 2.078822448518975047e-02 -1.730123726842357046e+00
2.904000000000000000e+03 2.971208193445184875e+01 1.247414553670080251e+00 2.076983574328392437e-02 -1.733134434421347514e+00
2.905000000000000000e+03 2.966116050414110816e+01 1.243989593484808198e+00 2.075147828889369397e-02 -1.736032626089520914e+00
2.906000000000000000e+03 2.961057321192011926e+01 1.240528264062085606e+00 2.073315195472293093e-02 -1.738836978828327329e+00
2.907000000000000000e+03 2.956040979858117979e+01 1.237037120021630354e+00 2.071485656433379521e-02 -1.741528951289659899e+00
2.908000000000000000e+03 2.951068582144064223e+01 1.233507843386268732e+00 2.069659193253180554e-02 -1.744119638488724755e+00
2.909000000000000000e+03 2.946134264713311879e+01 1.229954385755219315e+00 2.067835786578779700e-02 -1.746605201279497255e+00
2.910000000000000000e+03 2.941239601090452638e+01 1.226360970278595808e+00 2.066015416272422994e-02 -1.748981722668914385e+00
2.911000000000000000e+03 2.936386172490439961e+01 1.222741518889733703e+00 2.064198061465559106e-02 -1.751245207467078568e+00
2.912000000000000000e+03 2.931568138600374951e+01 1.219087654287700495e+00 2.062383700619374594e-02 -1.753391581974122815e+00
2.913000000000000000e+03 2.926787093366936432e+01 1.215405842126646041e+00 2.060572311585483554e-02 -1.755431550404013663e+00
2.914000000000000000e+03 2.922044635690799197e+01 1.211695106406732725e+00 2.058763871677434659e-02 -1.757353452893086310e+00
2.915000000000000000e+03 2.917334940082060513e+01 1.207954458269645537e+00 2.056958357738013568e-02 -1.759160407047214436e+00
2.916000000000000000e+03 2.912652183980960530e+01 1.204175468096863932e+00 2.055155746217333934e-02 -1.760848022723087158e+00
2.917000000000000000e+03 2.908012831748007088e+01 1.200371979362429897e+00 2.053356013247348982e-02 -1.762411830246235933e+00
2.918000000000000000e+03 2.903403635125095761e+01 1.196542967336440499e+00 2.051559134722675051e-02 -1.763862137014734044e+00
2.919000000000000000e+03 2.898826202228260840e+01 1.192687396243148346e+00 2.049765086381739182e-02 -1.765194314036703238e+00
2.920000000000000000e+03 2.894282139722008651e+01 1.188804219721259381e+00 2.047973843887192572e-02 -1.766403652603933505e+00
2.921000000000000000e+03 2.889765623333006062e+01 1.184892381286697827e+00 2.046185382909639430e-02 -1.767492792649735467e+00
2.922000000000000000e+03 2.885278253409297378e+01 1.180950814797724568e+00 2.044399679207156012e-02 -1.768456866089964219e+00
2.923000000000000000e+03 2.880821625429475219e+01 1.176993301622648147e+00 2.042616708707994944e-02 -1.769298353598487195e+00
2.924000000000000000e+03 2.876389900518548970e+01 1.173011329357776411e+00 2.040836447586234434e-02 -1.770019656364844485e+00
2.925000000000000000e+03 2.871984661027328656e+01 1.169003805699330822e+00 2.039058872339314862e-02 -1.770615667884428257e+00
2.926000000000000000e+03 2.867614909430260894e+01 1.164969630565623193e+00 2.037283959865571203e-02 -1.771088630831247679e+00
2.927000000000000000e+03 2.863259925496888414e+01 1.160922553271434676e+00 2.035511687527594496e-02 -1.771433280561051316e+00
2.928000000000000000e+03 2.858936120397808267e+01 1.156846602901455912e+00 2.033742033219256354e-02 -1.771659130396395110e+00
2.929000000000000000e+03 2.854630180542834950e+01 1.152748087237895902e+00 2.031974975429573158e-02 -1.771753330139939520e+00
2.930000000000000000e+03 2.850351065065522249e+01 1.148640736536627793e+00 2.030210493293061608e-02 -1.771725236470003351e+00
2.931000000000000000e+03 2.846092863152387409e+01 1.144501133902770640e+00 2.028448566641600018e-02 -1.771569271512335453e+00
2.932000000000000000e+03 2.841849649876623829e+01 1.140350427620846263e+00 2.026689176045370216e-02 -1.771287208242179778e+00
2.933000000000000000e+03 2.837630342089209989e+01 1.136187476479957104e+00 2.024932302850789706e-02 -1.770880742513150308e+00
2.934000000000000000e+03 2.833436412620416434e+01 1.132003706951596245e+00 2.023177929206531472e-02 -1.770344065113145238e+00
2.935000000000000000e+03 2.829254461247276708e+01 1.127805398717278917e+00 2.021426038086646462e-02 -1.769686147247849117e+00
2.936000000000000000e+03 2.825085927481046610e+01 1.123598828444315023e+00 2.019676613304919113e-02 -1.768908455948691394e+00
2.937000000000000000e+03 2.820939661674922760e+01 1.119382841911041870e+00 2.017929639516395299e-02 -1.768004954556878117e+00
2.938000000000000000e+03 2.816809639504964480e+01 1.115148854481143648e+00 2.016185102219764103e-02 -1.766976959932808233e+00
2.939000000000000000e+03 2.812689818277565124e+01 1.110903136627508836e+00 2.014442987743313151e-02 -1.765833142989250870e+00
2.940000000000000000e+03 2.808588993313198046e+01 1.106659386053497673e+00 2.012703283229651599e-02 -1.764559815847317248e+00
2.941000000000000000e+03 2.804493655955029752e+01 1.102394158061277052e+00 2.010965976604718944e-02 -1.763165502518227123e+00
2.942000000000000000e+03 2.800412563506633035e+01 1.098128577872335310e+00 2.009231056548788780e-02 -1.761651226105353629e+00
2.943000000000000000e+03 2.796347025742536374e+01 1.093861485940883727e+00 2.007498512450682157e-02 -1.760017937779981390e+00
2.944000000000000000e+03 2.792283476543348897e+01 1.089584295117507873e+00 2.005768334363165414e-02 -1.758266517428699105e+00
2.945000000000000000e+03 2.788230615703872672e+01 1.085295847810241465e+00 2.004040512943811372e-02 -1.756390345972177913e+00
2.946000000000000000e+03 2.784189695657677177e+01 1.081009844792495178e+00 2.002315039394287829e-02 -1.754390162755858462e+00
2.947000000000000000e+03 2.780147093317603080e+01 1.076717703906421741e+00 2.000591905392000783e-02 -1.752281494611366064e+00
2.948000000000000000e+03 2.776118880429148916e+01 1.072433130615721986e+00 1.998871103020138582e-02 -1.750057514836962813e+00
2.949000000000000000e+03 2.772091397076884434e+01 1.068140120001801918e+00 1.997152624683742189e-02 -1.747711329000251057e+00
2.950000000000000000e+03 2.768065822145771904e+01 1.063844955659614122e+00 1.995436463035768840e-02 -1.745258260761060054e+00
2.951000000000000000e+03 2.764043355408661284e+01 1.059561291583714704e+00 1.993722610887060584e-02 -1.742691087211818424e+00
2.952000000000000000e+03 2.760017904768567831e+01 1.055272825291933447e+00 1.992011061120011611e-02 -1.740009167040301952e+00
2.953000000000000000e+03 2.755998256641022692e+01 1.050985482270357929e+00 1.990301806599852757e-02 -1.737219027410353833e+00
2.954000000000000000e+03 2.751985753026300330e+01 1.046705193203870676e+00 1.988594840085688986e-02 -1.734312275111267176e+00
2.955000000000000000e+03 2.747959435333981304e+01 1.042423037698568367e+00 1.986890154138869560e-02 -1.731295310828122602e+00
2.956000000000000000e+03 2.743942900072695323e+01 1.038152386451151488e+00 1.985187741034639269e-02 -1.728167044979350031e+00
2.957000000000000000e+03 2.739915159189806815e+01 1.033884331560655401e+00 1.983487592672572922e-02 -1.724918898623798880e+00
2.958000000000000000e+03 2.735884924114328598e+01 1.029617400337523359e+00 1.981789700495943315e-02 -1.721564517787695703e+00
2.959000000000000000e+03 2.731853464536518317e+01 1.025357555706566393e+00 1.980094055403381140e-02 -1.718095204307580337e+00
2.960000000000000000e+03 2.727814608921739037e+01 1.021103339903939977e+00 1.978400647675109675e-02 -1.714517058544600570e+00
2.961000000000000000e+03 2.723769601700740850e+01 1.016860731569656284e+00 1.976709466899478906e-02 -1.710828695315109060e+00
2.962000000000000000e+03 2.719727103728352091e+01 1.012628289433486373e+00 1.975020501904222944e-02 -1.707036101590866162e+00
2.963000000000000000e+03 2.715666050953112887e+01 1.008397152695569510e+00 1.973333740696363303e-02 -1.703130352466051267e+00
2.964000000000000000e+03 2.711609938296562561e+01 1.004180754802193487e+00 1.971649170406779977e-02 -1.699117325594099226e+00
2.965000000000000000e+03 2.707537679776866568e+01 9.999702537130619184e-01 1.969966777245664435e-02 -1.695002845540850567e+00
2.966000000000000000e+03 2.703465320632641777e+01 9.957716740152832147e-01 1.968286546462198056e-02 -1.690785256505655587e+00
2.967000000000000000e+03 2.699379182381161257e+01 9.915910505794396368e-01 1.966608462313143568e-02 -1.686462851760367476e+00
2.968000000000000000e+03 2.695280433065332915e+01 9.874195722093597194e-01 1.964932508045070733e-02 -1.682041303105752839e+00
2.969000000000000000e+03 2.691177658980149801e+01 9.832558670368515275e-01 1.963258665880830006e-02 -1.677511376943822130e+00
2.970000000000000000e+03 2.687064579626684946e+01 9.791134312095173264e-01 1.961586917016961557e-02 -1.672886077168895813e+00
2.971000000000000000e+03 2.682942332693224685e+01 9.749760591203104898e-01 1.959917241633860399e-02 -1.668163504572670597e+00
2.972000000000000000e+03 2.678804617209075900e+01 9.708572705341330655e-01 1.958249618906863360e-02 -1.663349143067305302e+00
2.973000000000000000e+03 2.674652550022285524e+01 9.667557408041914657e-01 1.956584027041005647e-02 -1.658433575822850337e+00
2.974000000000000000e+03 2.670494665499590425e+01 9.626701578838442463e-01 1.954920443300639868e-02 -1.653422199871612541e+00
2.975000000000000000e+03 2.666324630098917936e+01 9.585992226310985354e-01 1.953258844062100152e-02 -1.648320370626004561e+00
2.976000000000000000e+03 2.662143526968024787e+01 9.545490774567180203e-01 1.951599204864798431e-02 -1.643125974760916153e+00
2.977000000000000000e+03 2.657944998718614826e+01 9.505110215644689831e-01 1.949941500476818843e-02 -1.637851716511002476e+00
2.978000000000000000e+03 2.653730103531121642e+01 9.464912246362651160e-01 1.948285704969547616e-02 -1.632480548829051248e+00
2.979000000000000000e+03 2.649507314492226584e+01 9.424884420587491540e-01 1.946631791796352845e-02 -1.627032529810691353e+00
2.980000000000000000e+03 2.645270233819184824e+01 9.385088718941614339e-01 1.944979733880566192e-02 -1.621497968826712377e+00
2.981000000000000000e+03 2.641019877128333349e+01 9.345512984432782222e-01 1.943329503712646830e-02 -1.615881997920458613e+00
2.982000000000000000e+03 2.636757244250805599e+01 9.306145208521531265e-01 1.941681073447869624e-02 -1.610197144764200949e+00
2.983000000000000000e+03 2.632475890002854513e+01 9.266973533615738834e-01 1.940034415015996772e-02 -1.604426192224297276e+00
2.984000000000000000e+03 2.628184208318501547e+01 9.227986255495497225e-01 1.938389500226541176e-02 -1.598581606488854723e+00
2.985000000000000000e+03 2.623875717899118953e+01 9.189246109169004750e-01 1.936746300890207148e-02 -1.592675825000616552e+00
2.986000000000000000e+03 2.619558774641423682e+01 9.150741704151855727e-01 1.935104788925449265e-02 -1.586691544397370146e+00
2.987000000000000000e+03 2.615219428897745146e+01 9.112461810181161637e-01 1.933464936483427279e-02 -1.580641148661942941e+00
2.988000000000000000e+03 2.610873422932165155e+01 9.074469642859348539e-01 1.931826716065081911e-02 -1.574529568724756690e+00
2.989000000000000000e+03 2.606506763124437498e+01 9.036680015216448369e-01 1.930190100639268130e-02 -1.568346855472100065e+00
2.990000000000000000e+03 2.602120289087642746e+01 8.999156473718589178e-01 1.928555063755215543e-02 -1.562112751210208872e+00
2.991000000000000000e+03 2.597722244353213839e+01 8.961814166183473818e-01 1.926921579663472620e-02 -1.555809835878465774e+00
2.992000000000000000e+03 2.593313418733514197e+01 8.924791261147825283e-01 1.925289623419477666e-02 -1.549450383569262124e+00
2.993000000000000000e+03 2.588887147421555568e+01 8.888003248633533637e-01 1.923659170995371814e-02 -1.543039222145440981e+00
2.994000000000000000e+03 2.584436738485986140e+01 8.851514359369648810e-01 1.922030199377786075e-02 -1.536573734609196773e+00
2.995000000000000000e+03 2.579977757119976900e+01 8.815314715921171995e-01 1.920402686663023190e-02 -1.530058717170742932e+00
2.996000000000000000e+03 2.575503454799101988e+01 8.779320334252105340e-01 1.918776612146583238e-02 -1.523498952264628059e+00
2.997000000000000000e+03 2.571014482010547653e+01 8.743670259225692076e-01 1.917151956399103241e-02 -1.516899209913591395e+00
2.998000000000000000e+03 2.566504030956632931e+01 8.708280865005423310e-01 1.915528701340219256e-02 -1.510256820738899997e+00
2.999000000000000000e+03 2.561987548442138163e+01 8.673217273909996639e-01 1.913906830299024614e-02 -1.503576534017001531e+00
3.000000000000000000e+03 2.557450736997092378e+01 8.638396223671559460e-01 1.912286328065559982e-02 -1.496863090680275343e+00
3.001000000000000000e+03 2.552901517679813281e+01 8.603957492797847939e-01 1.910667180933696419e-02 -1.490113583587230783e+00
3.002000000000000000e+03 2.548332782141572039e+01 8.569743937142062506e-01 1.909049376730371367e-02 -1.483339105737695007e+00
3.003000000000000000e+03 2.543759640195004224e+01 8.535895738998749982e-01 1.907432904833435139e-02 -1.476535676376302675e+00
3.004000000000000000e+03 2.539160028300432259e+01 8.502330416898553622e-01 1.905817756183900494e-02 -1.469699311740024106e+00
3.005000000000000000e+03 2.534548993146589879e+01 8.469114244014256387e-01 1.904203923277129548e-02 -1.462840883072101139e+00
3.006000000000000000e+03 2.529926693384667402e+01 8.436165114967720813e-01 1.902591400151541073e-02 -1.455956404525015957e+00
3.007000000000000000e+03 2.525278399922047257e+01 8.403623964083828390e-01 1.900980182358478696e-02 -1.449049319504888134e+00
3.008000000000000000e+03 2.520619066424783128e+01 8.371334781537583813e-01 1.899370266926243139e-02 -1.442123073604229422e+00
3.009000000000000000e+03 2.515941331372555112e+01 8.339364598459864109e-01 1.897761652310389277e-02 -1.435166259173125347e+00
3.010000000000000000e+03 2.511245232069681066e+01 8.307780636941302088e-01 1.896154338332667333e-02 -1.428197186680700614e+00
3.011000000000000000e+03 2.506538205355124660e+01 8.276501743461629479e-01 1.894548326111576003e-02 -1.421211887511136363e+00
3.012000000000000000e+03 2.501805375007293009e+01 8.245521239754366460e-01 1.892943617981238807e-02 -1.414206400249718998e+00
3.013000000000000000e+03 2.497061551092426868e+01 8.214906923086431334e-01 1.891340217403552834e-02 -1.407184200255469531e+00
3.014000000000000000e+03 2.492299232494479355e+01 8.184652499455543628e-01 1.889738128869446199e-02 -1.400156200870311229e+00
3.015000000000000000e+03 2.487518321376253283e+01 8.154751867217467920e-01 1.888137357793386734e-02 -1.393118469564151418e+00
3.016000000000000000e+03 2.482718695960520705e+01 8.125132261980606563e-01 1.886537910403202761e-02 -1.386067085817521249e+00
3.017000000000000000e+03 2.477900211724790580e+01 8.095884535433403029e-01 1.884939793619474016e-02 -1.379005570640139400e+00
3.018000000000000000e+03 2.473070131001269800e+01 8.066980877926274163e-01 1.883343014936483123e-02 -1.371937459375104806e+00
3.019000000000000000e+03 2.468213410871609881e+01 8.038415956940717644e-01 1.881747582293151477e-02 -1.364873731189504502e+00
3.020000000000000000e+03 2.463344702951098597e+01 8.010199488475393537e-01 1.880153503947699228e-02 -1.357795668449383042e+00
3.021000000000000000e+03 2.458456356296315448e+01 7.982326523305038890e-01 1.878560788341072582e-02 -1.350721712984100042e+00
3.022000000000000000e+03 2.453540703832371150e+01 7.954807159962880014e-01 1.876969443973888763e-02 -1.343648040382189990e+00
3.023000000000000000e+03 2.448619777137308873e+01 7.927629402495379729e-01 1.875379479269805028e-02 -1.336578274476165173e+00
3.024000000000000000e+03 2.443671024319781537e+01 7.900803729991926483e-01 1.873790902452785942e-02 -1.329508631711497468e+00
3.025000000000000000e+03 2.438709023238525120e+01 7.874325954186586207e-01 1.872203721417844621e-02 -1.322450207252859666e+00
3.026000000000000000e+03 2.433733484393840740e+01 7.848199503785407982e-01 1.870617943612344972e-02 -1.315399262624476151e+00
3.027000000000000000e+03 2.428736680587668317e+01 7.822420566967495104e-01 1.869033575920218959e-02 -1.308359511788207641e+00
3.028000000000000000e+03 2.423718304890911313e+01 7.797000375562542773e-01 1.867450624552140573e-02 -1.301334693806621923e+00
3.029000000000000000e+03 2.418692900208266394e+01 7.771928062352466693e-01 1.865869094941318904e-02 -1.294321145492165481e+00
3.030000000000000000e+03 2.413645290330278570e+01 7.747215230151672793e-01 1.864288991653607896e-02 -1.287330087443480764e+00
3.031000000000000000e+03 2.408590007819608303e+01 7.722843952262160583e-01 1.862710318298895981e-02 -1.280350483265792816e+00
3.032000000000000000e+03 2.403511868216375191e+01 7.698818769759484537e-01 1.861133077458588733e-02 -1.273393610630249473e+00
3.033000000000000000e+03 2.398417969413369377e+01 7.675136976855436721e-01 1.859557270618267602e-02 -1.266455920466745821e+00
3.034000000000000000e+03 2.393315407438655740e+01 7.651810904641783706e-01 1.857982898116541243e-02 -1.259548751295105351e+00
3.035000000000000000e+03 2.388188992142641354e+01 7.628823349612720017e-01 1.856409959103109270e-02 -1.252661188390153058e+00
3.036000000000000000e+03 2.383053246287614968e+01 7.606179570672437773e-01 1.854838451508023650e-02 -1.245804634785670162e+00
3.037000000000000000e+03 2.377900407630015067e+01 7.583877574222704920e-01 1.853268372025279956e-02 -1.238975670411544217e+00
3.038000000000000000e+03 2.372737571099295906e+01 7.561915540935627567e-01 1.851699716107721091e-02 -1.232178338018800501e+00
3.039000000000000000e+03 2.367556975716362899e+01 7.540291824111283736e-01 1.850132477976547049e-02 -1.225409287339175979e+00
3.040000000000000000e+03 2.362365718205053611e+01 7.519004947971776875e-01 1.848566650641990730e-02 -1.218672632631225605e+00
3.041000000000000000e+03 2.357163468043180998e+01 7.498046177542958546e-01 1.847002225934345904e-02 -1.211979953511292951e+00
3.042000000000000000e+03 2.351949895807136315e+01 7.477429230225781653e-01 1.845439194552892653e-02 -1.205320582368595517e+00
3.043000000000000000e+03 2.346724673060987598e+01 7.457138275455442722e-01 1.843877546124173331e-02 -1.198706175267714613e+00
3.044000000000000000e+03 2.341487472143607818e+01 7.437172502856062017e-01 1.842317269266150609e-02 -1.192126142632537134e+00
3.045000000000000000e+03 2.336245394208180315e+01 7.417531263535107611e-01 1.840758351676665197e-02 -1.185592220117538176e+00
3.046000000000000000e+03 2.330990683767956284e+01 7.398214068024476786e-01 1.839200780216055861e-02 -1.179101327609949346e+00
3.047000000000000000e+03 2.325723013256705940e+01 7.379205727465634190e-01 1.837644541014344171e-02 -1.172650426667357193e+00
3.048000000000000000e+03 2.320449482458400681e+01 7.360520921545347095e-01 1.836089619575735979e-02 -1.166258806288426486e+00
3.049000000000000000e+03 2.315169761163940620e+01 7.342144769476310895e-01 1.834536000897845145e-02 -1.159908656813424033e+00
3.050000000000000000e+03 2.309883516814409177e+01 7.324077397832376990e-01 1.832983669591878653e-02 -1.153604497410868568e+00
3.051000000000000000e+03 2.304590350168271584e+01 7.306319568369797901e-01 1.831432610016795262e-02 -1.147358264918449278e+00
3.052000000000000000e+03 2.299289603781685898e+01 7.288859279476573860e-01 1.829882806408282547e-02 -1.141166864065076725e+00
3.053000000000000000e+03 2.293980551875836582e+01 7.271700016657174359e-01 1.828334243019806918e-02 -1.135027190173715672e+00
3.054000000000000000e+03 2.288669891387835165e+01 7.254845406546633901e-01 1.826786904259470462e-02 -1.128943613244318911e+00
3.055000000000000000e+03 2.283356884385262831e+01 7.238291786069533940e-01 1.825240774831789897e-02 -1.122920550190883215e+00
3.056000000000000000e+03 2.278040785527129941e+01 7.222043056609834810e-01 1.823695839876207994e-02 -1.116947608707148376e+00
3.057000000000000000e+03 2.272720841181142148e+01 7.206088396390526452e-01 1.822152085107391073e-02 -1.111044157912690844e+00
3.058000000000000000e+03 2.267403716908580691e+01 7.190431971268052003e-01 1.820609496951061321e-02 -1.105199902073250140e+00
3.059000000000000000e+03 2.262073783226149715e+01 7.175070647039749616e-01 1.819068062671888586e-02 -1.099412022851688597e+00
3.060000000000000000e+03 2.256752541609539264e+01 7.159993986766955976e-01 1.817527770506308440e-02 -1.093692608134601008e+00
3.061000000000000000e+03 2.251416911891256945e+01 7.145213961467627994e-01 1.815988609776646515e-02 -1.088031510733768581e+00
3.062000000000000000e+03 2.246088371773128500e+01 7.130720377274181176e-01 1.814450571008464561e-02 -1.082440918916030004e+00
3.063000000000000000e+03 2.240758672701574739e+01 7.116510586064888066e-01 1.812913646031158801e-02 -1.076910786705582046e+00
3.064000000000000000e+03 2.235426981073780084e+01 7.102589482665240261e-01 1.811377828075157181e-02 -1.071445976013780887e+00
3.065000000000000000e+03 2.230092449427667844e+01 7.088939788621739790e-01 1.809843111854336425e-02 -1.066051400291823992e+00
3.066000000000000000e+03 2.224761644425133511e+01 7.075574047802223321e-01 1.808309493641882537e-02 -1.060724596507682582e+00
3.067000000000000000e+03 2.219426261533663336e+01 7.062475196718782655e-01 1.806776971327894374e-02 -1.055463153797432385e+00
3.068000000000000000e+03 2.214092838264902241e+01 7.049648560080620241e-01 1.805245544470757482e-02 -1.050272142090115990e+00
3.069000000000000000e+03 2.208760469071502186e+01 7.037092134472869853e-01 1.803715214330366134e-02 -1.045149255655139164e+00
3.070000000000000000e+03 2.203435662109135507e+01 7.024804013765321153e-01 1.802185983894663904e-02 -1.040099670023858280e+00
3.071000000000000000e+03 2.198110054364066102e+01 7.012767529451973125e-01 1.800657857883201929e-02 -1.035121185483107720e+00
3.072000000000000000e+03 2.192782697000854952e+01 7.000995817773570939e-01 1.799130842743238215e-02 -1.030219083942671920e+00
3.073000000000000000e+03 2.187460055778717205e+01 6.989472389919428874e-01 1.797604946633759790e-02 -1.025383844024469360e+00
3.074000000000000000e+03 2.182141154886467760e+01 6.978195699117230033e-01 1.796080179389968751e-02 -1.020620854576362424e+00
3.075000000000000000e+03 2.176832434296199992e+01 6.967171709256121392e-01 1.794556552475127381e-02 -1.015935558057433408e+00
3.076000000000000000e+03 2.171518037130725176e+01 6.956384178444434685e-01 1.793034078925985139e-02 -1.011318593896565421e+00
3.077000000000000000e+03 2.166211808995491594e+01 6.945831797708044153e-01 1.791512773273023704e-02 -1.006782940275918747e+00
3.078000000000000000e+03 2.160912728864513355e+01 6.935513331223919220e-01 1.789992651461620385e-02 -1.002319344035425885e+00
3.079000000000000000e+03 2.155619766869966014e+01 6.925427613244090619e-01 1.788473730752931229e-02 -9.979260340535077711e-01
3.080000000000000000e+03 2.150331885486498606e+01 6.915566116659178642e-01 1.786956029618768163e-02 -9.936087212011939229e-01
3.081000000000000000e+03 2.145048040803428435e+01 6.905912949903771914e-01 1.785439567620188128e-02 -9.893731699203837104e-01
3.082000000000000000e+03 2.139767183876566747e+01 6.896481995604107906e-01 1.783924365288585417e-02 -9.852103414271466963e-01
3.083000000000000000e+03 2.134495690501020704e+01 6.887257480666902909e-01 1.782410443984108403e-02 -9.811216499817260184e-01
3.084000000000000000e+03 2.129225077644037967e+01 6.878231114914151734e-01 1.780897825759731115e-02 -9.771100487235498955e-01
3.085000000000000000e+03 2.123969146730672009e+01 6.869409516312513508e-01 1.779386533212939589e-02 -9.731748296579890711e-01
3.086000000000000000e+03 2.118711986766520639e+01 6.860777066096527266e-01 1.777876589337050450e-02 -9.693153376405011512e-01
3.087000000000000000e+03 2.113474831093342132e+01 6.852333047391570009e-01 1.776368017364691673e-02 -9.655324558336704222e-01
3.088000000000000000e+03 2.108234347157065613e+01 6.844069357031908885e-01 1.774860840614712887e-02 -9.618263769674856301e-01
3.089000000000000000e+03 2.103011778337235782e+01 6.835992787479328037e-01 1.773355082333989002e-02 -9.581958602487286036e-01
3.090000000000000000e+03 2.097791233714552916e+01 6.828080453588665222e-01 1.771850765543075273e-02 -9.546419452605128253e-01
3.091000000000000000e+03 2.092586544825431361e+01 6.820339216277344629e-01 1.770347912884769753e-02 -9.511642374918305443e-01
3.092000000000000000e+03 2.087389268782785834e+01 6.812761109293097306e-01 1.768846546472027659e-02 -9.477631365286065535e-01
3.093000000000000000e+03 2.082205831558588827e+01 6.805345621135906464e-01 1.767346687745760189e-02 -9.444376072164245572e-01
3.094000000000000000e+03 2.077027816061579557e+01 6.798069978532083057e-01 1.765848357333510074e-02 -9.411874078159631063e-01
3.095000000000000000e+03 2.071869105303891700e+01 6.790948570114920813e-01 1.764351574921956683e-02 -9.380130896366293269e-01
3.096000000000000000e+03 2.066713885290935693e+01 6.783958659807152181e-01 1.762856359130257275e-02 -9.349122824789681818e-01
3.097000000000000000e+03 2.061576073081560523e+01 6.777107238863785410e-01 1.761362727398958425e-02 -9.318871225870102304e-01
3.098000000000000000e+03 2.056447319501933180e+01 6.770379024318861072e-01 1.759870695885428632e-02 -9.289353382153103800e-01
3.099000000000000000e+03 2.051326723611314762e+01 6.763773597643283342e-01 1.758380279374198440e-02 -9.260576775523076121e-01
3.100000000000000000e+03 2.046228262008789756e+01 6.757275688260401258e-01 1.756891491195975569e-02 -9.232534512697967433e-01
3.101000000000000000e+03 2.041136187042994621e+01 6.750892779361108431e-01 1.755404343162595901e-02 -9.205213867361330404e-01
3.102000000000000000e+03 2.036064356744142145e+01 6.744619364502241199e-01 1.753918845512554558e-02 -9.178614487154292956e-01
3.103000000000000000e+03 2.031004334559549207e+01 6.738435543147971440e-01 1.752435006870103201e-02 -9.152737605593784798e-01
3.104000000000000000e+03 2.025955135752642988e+01 6.732358548950261312e-01 1.750952834222864810e-02 -9.127592347209898538e-01
3.105000000000000000e+03 2.020923227739646677e+01 6.726375891577710542e-01 1.749472332913035166e-02 -9.103173437487389608e-01
3.106000000000000000e+03 2.015907673593588711e+01 6.720475067114763945e-01 1.747993506636292757e-02 -9.079483482800659866e-01
3.107000000000000000e+03 2.010907560466649358e+01 6.714665840127310714e-01 1.746516357464385563e-02 -9.056510680142023650e-01
3.108000000000000000e+03 2.005921999530931643e+01 6.708935670595735923e-01 1.745040885875774953e-02 -9.034265953550363326e-01
3.109000000000000000e+03 2.000950125789930567e+01 6.703286852720312661e-01 1.743567090804428940e-02 -9.012745806936994786e-01
3.110000000000000000e+03 1.995998526114215110e+01 6.697706798596095856e-01 1.742094969697859444e-02 -8.991947175266261638e-01
3.111000000000000000e+03 1.991058953754440353e+01 6.692205177062129362e-01 1.740624518595025941e-02 -8.971874847288674459e-01
3.112000000000000000e+03 1.986138041189705206e+01 6.686754484021903977e-01 1.739155732208221700e-02 -8.952519174778660327e-01
3.113000000000000000e+03 1.981235014414182061e+01 6.681379179793487388e-01 1.737688604023046243e-02 -8.933885780128785203e-01
3.114000000000000000e+03 1.976349120522118241e+01 6.676051689379518539e-01 1.736223126406994874e-02 -8.915958408698128057e-01
3.115000000000000000e+03 1.971479626848052291e+01 6.670781539871396548e-01 1.734759290728176903e-02 -8.898743492918603781e-01
3.116000000000000000e+03 1.966625820021622317e+01 6.665563359227505424e-01 1.733297087483005525e-02 -8.882225576104483267e-01
3.117000000000000000e+03 1.961794433296897466e+01 6.660391730233953256e-01 1.731836506429714623e-02 -8.866397019668125212e-01
3.118000000000000000e+03 1.956984788765628380e+01 6.655261187795702416e-01 1.730377536732403271e-02 -8.851265425190051328e-01
3.119000000000000000e+03 1.952196224566830907e+01 6.650173644610910539e-01 1.728920167105554850e-02 -8.836823914639426736e-01
3.120000000000000000e+03 1.947420665352960256e+01 6.645116103477514136e-01 1.727464385968279642e-02 -8.823058552247602382e-01
3.121000000000000000e+03 1.942672334476029050e+01 6.640097796437567368e-01 1.726010181590180090e-02 -8.809970622982143951e-01
3.122000000000000000e+03 1.937943182652017171e+01 6.635105612103527895e-01 1.724557542254147660e-02 -8.797546912467117952e-01
3.123000000000000000e+03 1.933240028470962457e+01 6.630133806525100315e-01 1.723106456408640685e-02 -8.785774556902523624e-01
3.124000000000000000e+03 1.928554843759867410e+01 6.625176572343280945e-01 1.721656912816639864e-02 -8.774655892877081254e-01
3.125000000000000000e+03 1.923887037414563750e+01 6.620242893033818632e-01 1.720208900708997818e-02 -8.764178736975185569e-01
3.126000000000000000e+03 1.919250882560169558e+01 6.615319398739719636e-01 1.718762409928438137e-02 -8.754346092075673269e-01
3.127000000000000000e+03 1.914630945300536169e+01 6.610400077297023946e-01 1.717317431072357126e-02 -8.745131570039912372e-01
3.128000000000000000e+03 1.910034082072921535e+01 6.605486271902691886e-01 1.715873955620407162e-02 -8.736538811192302578e-01
3.129000000000000000e+03 1.905459725212567434e+01 6.600571822124110533e-01 1.714431976065822899e-02 -8.728549478434854958e-01
3.130000000000000000e+03 1.900914738691625416e+01 6.595650490004704158e-01 1.712991486026096619e-02 -8.721152963102488664e-01
3.131000000000000000e+03 1.896383703838857926e+01 6.590730814563965367e-01 1.711552480350795810e-02 -8.714338948953147534e-01
3.132000000000000000e+03 1.891888345353266843e+01 6.585791539541391293e-01 1.710114955217925323e-02 -8.708097404395479524e-01
3.133000000000000000e+03 1.887405818761742538e+01 6.580841038091170825e-01 1.708678908211263420e-02 -8.702418574603131285e-01
3.134000000000000000e+03 1.882957850038158298e+01 6.575872740619573831e-01 1.707244338395130095e-02 -8.697285545165786003e-01
3.135000000000000000e+03 1.878529023278280619e+01 6.570879989473218385e-01 1.705811246367308978e-02 -8.692696519029952107e-01
3.136000000000000000e+03 1.874126207145872769e+01 6.565863465324971449e-01 1.704379634303780644e-02 -8.688627666526783644e-01
3.137000000000000000e+03 1.869748841236099324e+01 6.560808900208630057e-01 1.702949505983024012e-02 -8.685077687144434622e-01
3.138000000000000000e+03 1.865396364313079047e+01 6.555724217404725884e-01 1.701520866801129947e-02 -8.682023230991684493e-01
3.139000000000000000e+03 1.861068214321639758e+01 6.550602387874218113e-01 1.700093723769195361e-02 -8.679463460359699845e-01
3.140000000000000000e+03 1.856763828523886772e+01 6.545428856843963361e-01 1.698668085499254257e-02 -8.677375470982553463e-01
3.141000000000000000e+03 1.852482643759829983e+01 6.540211255494565723e-01 1.697243962168636100e-02 -8.675751425052286026e-01
3.142000000000000000e+03 1.848231525180299428e+01 6.534942257546446642e-01 1.695821365477689913e-02 -8.674568828989854818e-01
3.143000000000000000e+03 1.844002481697849305e+01 6.529621862700032420e-01 1.694400308588688356e-02 -8.673827666282415416e-01
3.144000000000000000e+03 1.839802380004189075e+01 6.524249966726791694e-01 1.692980806051551032e-02 -8.673498390033381744e-01
3.145000000000000000e+03 1.835623231895076302e+01 6.518818931612078149e-01 1.691562873717811916e-02 -8.673573912340777348e-01
3.146000000000000000e+03 1.831471908500418166e+01 6.513321012450656866e-01 1.690146528644138196e-02 -8.674039881751114400e-01
3.147000000000000000e+03 1.827347856158453610e+01 6.507763212745475423e-01 1.688731788978373519e-02 -8.674882102401808570e-01
3.148000000000000000e+03 1.823250525778639286e+01 6.502137569656605276e-01 1.687318673842080202e-02 -8.676079096405243662e-01
3.149000000000000000e+03 1.819171945582680650e+01 6.496436009404709111e-01 1.685907203199871890e-02 -8.677616951234126130e-01
3.150000000000000000e+03 1.815119007315407629e+01 6.490665202727048388e-01 1.684497397720460810e-02 -8.679474453662857636e-01
3.151000000000000000e+03 1.811091200309940419e+01 6.484816931729759926e-01 1.683089278632946689e-02 -8.681646860100719065e-01
3.152000000000000000e+03 1.807095523146235294e+01 6.478883189785095142e-01 1.681682867574010518e-02 -8.684113229442264048e-01
3.153000000000000000e+03 1.803116717859657214e+01 6.472870792808964602e-01 1.680278186432844836e-02 -8.686876499712063993e-01
3.154000000000000000e+03 1.799161823470770472e+01 6.466764155029730565e-01 1.678875257194019019e-02 -8.689924842194853838e-01
3.155000000000000000e+03 1.795230463921902242e+01 6.460569858107615415e-01 1.677474101776585055e-02 -8.693246508689094210e-01
3.156000000000000000e+03 1.791329706114660780e+01 6.454286936804207730e-01 1.676074741870425128e-02 -8.696837250418442133e-01
3.157000000000000000e+03 1.787444347833192992e+01 6.447906878104392447e-01 1.674677198778758147e-02 -8.700692880259275341e-01
3.158000000000000000e+03 1.783588917495059789e+01 6.441428477090992422e-01 1.673281493262098601e-02 -8.704786978292574640e-01
3.159000000000000000e+03 1.779755676961399047e+01 6.434842979470705160e-01 1.671887645381153753e-02 -8.709130309242423262e-01
3.160000000000000000e+03 1.775944336150846681e+01 6.428163794252347296e-01 1.670495674352228538e-02 -8.713711386352304133e-01
3.161000000000000000e+03 1.772162054191937486e+01 6.421374494624705331e-01 1.669105598402131560e-02 -8.718511318814828881e-01
3.162000000000000000e+03 1.768401155453441120e+01 6.414473387438230922e-01 1.667717434635634585e-02 -8.723526087609245749e-01
3.163000000000000000e+03 1.764661415594417093e+01 6.407473512636593371e-01 1.666331198911284728e-02 -8.728744251304823010e-01
3.164000000000000000e+03 1.760942634121895622e+01 6.400350644287952084e-01 1.664946905720805434e-02 -8.734161793688137720e-01
3.165000000000000000e+03 1.757252063548835608e+01 6.393125001970209054e-01 1.663564568091506490e-02 -8.739767258071313716e-01
3.166000000000000000e+03 1.753582125042736095e+01 6.385779538502751596e-01 1.662184197487380152e-02 -8.745549166737636160e-01
3.167000000000000000e+03 1.749932694060412786e+01 6.378311938031823169e-01 1.660805803733333974e-02 -8.751503440482346630e-01
3.168000000000000000e+03 1.746311100810502026e+01 6.370734615715132332e-01 1.659429394945681480e-02 -8.757611104851594774e-01
3.169000000000000000e+03 1.742702417188418451e+01 6.363030147354343802e-01 1.658054977481852876e-02 -8.763867994939168460e-01
3.170000000000000000e+03 1.739128883783789448e+01 6.355210695981245994e-01 1.656682555899676931e-02 -8.770262461841732415e-01
3.171000000000000000e+03 1.735568198099752024e+01 6.347258584889187150e-01 1.655312132935242431e-02 -8.776782792630237751e-01
3.172000000000000000e+03 1.732035226342729928e+01 6.339185724317982773e-01 1.653943709493847086e-02 -8.783417202089812692e-01
3.173000000000000000e+03 1.728522576421822166e+01 6.330974184584183817e-01 1.652577284654953640e-02 -8.790168681283148100e-01
3.174000000000000000e+03 1.725030311016318052e+01 6.322643051214212884e-01 1.651212855694625045e-02 -8.797002991086175783e-01
3.175000000000000000e+03 1.721558518758845224e+01 6.314166713121437402e-01 1.649850418122086188e-02 -8.803930366156850207e-01
3.176000000000000000e+03 1.718114741988874528e+01 6.305564002887856789e-01 1.648489965727779200e-02 -8.810931223677461732e-01
3.177000000000000000e+03 1.714684262628973599e+01 6.296831341738773347e-01 1.647131490646865093e-02 -8.817985869131956811e-01
3.178000000000000000e+03 1.711282099792949296e+01 6.287965024768290556e-01 1.645774983440239855e-02 -8.825096773864656852e-01
3.179000000000000000e+03 1.707893582025657864e+01 6.278976077863303029e-01 1.644420433180167340e-02 -8.832295996070781419e-01
3.180000000000000000e+03 1.704533773039431566e+01 6.269853116222765532e-01 1.643067827556364199e-02 -8.839459464811876277e-01
3.181000000000000000e+03 1.701195472097506922e+01 6.260599486427639304e-01 1.641717152986029576e-02 -8.846685818782735744e-01
3.182000000000000000e+03 1.697878926159960500e+01 6.251225838456588857e-01 1.640368394735732330e-02 -8.853850698329962521e-01
3.183000000000000000e+03 1.694576971847674329e+01 6.241720412697698839e-01 1.639021537055230723e-02 -8.861126723132993765e-01
3.184000000000000000e+03 1.691304747437736467e+01 6.232093610509893411e-01 1.637676563315582090e-02 -8.868314933972223368e-01
3.185000000000000000e+03 1.688047692947116474e+01 6.222333424627933818e-01 1.636333456154839480e-02 -8.875439054164889763e-01
3.186000000000000000e+03 1.684813547072326401e+01 6.212442581466472991e-01 1.634992197628469188e-02 -8.882596916099394502e-01
3.187000000000000000e+03 1.681602632240771200e+01 6.202423685018400024e-01 1.633652769364314639e-02 -8.889663320884951814e-01
3.188000000000000000e+03 1.678407853039717779e+01 6.192279217499420119e-01 1.632315152719902504e-02 -8.896661449641678487e-01
3.189000000000000000e+03 1.675236979684969896e+01 6.181996683337639409e-01 1.630979328940077022e-02 -8.903614290388635055e-01
3.190000000000000000e+03 1.672090361389439295e+01 6.171585751659859342e-01 1.629645279315610276e-02 -8.910470348545926900e-01
3.191000000000000000e+03 1.668960924796245848e+01 6.161048543670727407e-01 1.628312985335863064e-02 -8.917252208053334517e-01
3.192000000000000000e+03 1.665849029138281168e+01 6.150387061826597668e-01 1.626982428846679082e-02 -8.923907958585515221e-01
3.193000000000000000e+03 1.662755036384933405e+01 6.139595762353662334e-01 1.625653592195441463e-02 -8.930459756880043676e-01
3.194000000000000000e+03 1.659686738138828233e+01 6.128676412859599409e-01 1.624326458376429763e-02 -8.936855254155762207e-01
3.195000000000000000e+03 1.656637069192106893e+01 6.117638093288378931e-01 1.623001011163036078e-02 -8.943116157638355546e-01
3.196000000000000000e+03 1.653598962905077485e+01 6.106474911865971134e-01 1.621677235238814380e-02 -8.949189658171580186e-01
3.197000000000000000e+03 1.650587635016031030e+01 6.095188291189922447e-01 1.620355116315377528e-02 -8.955171275431929034e-01
3.198000000000000000e+03 1.647596012388849829e+01 6.083779540959277643e-01 1.619034641240098965e-02 -8.960933435215356901e-01
3.199000000000000000e+03 1.644624445361386122e+01 6.072249859095441016e-01 1.617715798092396115e-02 -8.966496881835995802e-01
3.200000000000000000e+03 1.641665850097977142e+01 6.060592904552777327e-01 1.616398576270521026e-02 -8.971882106095442344e-01
3.201000000000000000e+03 1.638720606135620272e+01 6.048824228367283284e-01 1.615082966561931510e-02 -8.977035629563430152e-01
3.202000000000000000e+03 1.635804109058605960e+01 6.036928425785250685e-01 1.613768961204103611e-02 -8.981980284900896727e-01
3.203000000000000000e+03 1.632894646408759343e+01 6.024904558300804291e-01 1.612456553927581193e-02 -8.986664925909240154e-01
3.204000000000000000e+03 1.630007639036072931e+01 6.012766438523159396e-01 1.611145739988540174e-02 -8.991112417122794076e-01
3.205000000000000000e+03 1.627136213952347887e+01 6.000498061426090546e-01 1.609836516185729829e-02 -8.995345345703059659e-01
3.206000000000000000e+03 1.624280917515530831e+01 5.988120460887099705e-01 1.608528880861036583e-02 -8.999311733417552084e-01
3.207000000000000000e+03 1.621442286990259518e+01 5.975617427606482179e-01 1.607222833886930852e-02 -9.002959315709394561e-01
3.208000000000000000e+03 1.618628278934914277e+01 5.962994937364919368e-01 1.605918376640020837e-02 -9.006384104357758602e-01
3.209000000000000000e+03 1.615817127610657877e+01 5.950258867461476475e-01 1.604615511959437552e-02 -9.009607532714495326e-01
3.210000000000000000e+03 1.613031628763993197e+01 5.937407569884102232e-01 1.603314244094115187e-02 -9.012427884535703093e-01
3.211000000000000000e+03 1.610257428169148497e+01 5.924439301212203191e-01 1.602014578633390376e-02 -9.015014557932183870e-01
3.212000000000000000e+03 1.607502448934494410e+01 5.911359652549580401e-01 1.600716522424673952e-02 -9.017313793376990905e-01
3.213000000000000000e+03 1.604759750358267922e+01 5.898159266084895824e-01 1.599420083487534602e-02 -9.019345803845486564e-01
3.214000000000000000e+03 1.602037242031423858e+01 5.884850978483832096e-01 1.598125270903566139e-02 -9.021056204042555704e-01
3.215000000000000000e+03 1.599320542874665563e+01 5.871417824104345762e-01 1.596832094708308322e-02 -9.022390290247850331e-01
3.216000000000000000e+03 1.596624980455624865e+01 5.857872463492808102e-01 1.595540565766944904e-02 -9.023515887277780978e-01
3.217000000000000000e+03 1.593943593469766640e+01 5.844212615001570521e-01 1.594250695645287041e-02 -9.024229077037272395e-01
3.218000000000000000e+03 1.591269417780527817e+01 5.830435913232822065e-01 1.592962496474870440e-02 -9.024622746736369328e-01
3.219000000000000000e+03 1.588610344154938403e+01 5.816539910805549329e-01 1.591675980808404667e-02 -9.024640884695340759e-01
3.220000000000000000e+03 1.585966834282343818e+01 5.802536936844788773e-01 1.590391161475659607e-02 -9.024375711306833470e-01
3.221000000000000000e+03 1.583331921866557934e+01 5.788431813740970711e-01 1.589108051434983890e-02 -9.023770542114398774e-01
3.222000000000000000e+03 1.580706070429387999e+01 5.774207002279821976e-01 1.587826663621603671e-02 -9.022768352047371154e-01
3.223000000000000000e+03 1.578097174412598847e+01 5.759882030293467237e-01 1.586547010799886984e-02 -9.021386056300383371e-01
3.224000000000000000e+03 1.575498275216232891e+01 5.745446639376006193e-01 1.585269105410927123e-02 -9.019714507860298047e-01
3.225000000000000000e+03 1.572902418963538373e+01 5.730912785219333117e-01 1.583992959430711306e-02 -9.017695644683623168e-01
3.226000000000000000e+03 1.570324942580074001e+01 5.716277497763133653e-01 1.582718584221555133e-02 -9.015271054545541674e-01
3.227000000000000000e+03 1.567751476323137538e+01 5.701537739810654815e-01 1.581445990399191551e-02 -9.012456256552747735e-01
3.228000000000000000e+03 1.565189943156843988e+01 5.686705265659321995e-01 1.580175187699241895e-02 -9.009266415820060825e-01
3.229000000000000000e+03 1.562640846206558898e+01 5.671769481292333603e-01 1.578906184855530942e-02 -9.005716341823272186e-01
3.230000000000000000e+03 1.560097269536955444e+01 5.656734588085600146e-01 1.577638989480899950e-02 -9.001746203426020942e-01
3.231000000000000000e+03 1.557552307194228902e+01 5.641612156423693181e-01 1.576373607965879733e-02 -8.997444378097344542e-01
3.232000000000000000e+03 1.555028777205086321e+01 5.626398842626360031e-01 1.575110045381218626e-02 -8.992750316793973742e-01
3.233000000000000000e+03 1.552504938571183146e+01 5.611098675985888296e-01 1.573848305394094996e-02 -8.987603110044278809e-01
3.234000000000000000e+03 1.549981346811180671e+01 5.595715632412011642e-01 1.572588390197615649e-02 -8.982164337721603165e-01
3.235000000000000000e+03 1.547473425888073706e+01 5.580246208085065662e-01 1.571330300449285192e-02 -8.976298083981822939e-01
3.236000000000000000e+03 1.544966898268929612e+01 5.564709134866925311e-01 1.570074035228166687e-02 -8.970016637924306258e-01
3.237000000000000000e+03 1.542469783418574281e+01 5.549100812216434253e-01 1.568819591998265456e-02 -8.963331926422694051e-01
3.238000000000000000e+03 1.539975255969041434e+01 5.533417594261849093e-01 1.567566966593084490e-02 -8.956255514153845798e-01
3.239000000000000000e+03 1.537483930568995660e+01 5.517670648528348876e-01 1.566316153209611553e-02 -8.948872887317586011e-01
3.240000000000000000e+03 1.535003861560692329e+01 5.501863672917801651e-01 1.565067144420559386e-02 -8.940972036534085010e-01
3.241000000000000000e+03 1.532520829135630258e+01 5.485992897743784402e-01 1.563819931191074222e-02 -8.932786292464908184e-01
3.242000000000000000e+03 1.530042908874939123e+01 5.470069372818830988e-01 1.562574502919672134e-02 -8.924177208070077638e-01
3.243000000000000000e+03 1.527570757673084145e+01 5.454089256092546911e-01 1.561330847488120489e-02 -8.915154544093819577e-01
3.244000000000000000e+03 1.525105041303234188e+01 5.438048672392898908e-01 1.560088951320803483e-02 -8.905727703210024604e-01
3.245000000000000000e+03 1.522639005178170457e+01 5.421966000518135820e-01 1.558848799461761032e-02 -8.895905731350862711e-01
3.246000000000000000e+03 1.520173330064529793e+01 5.405837305176767194e-01 1.557610375661417149e-02 -8.885623035708108963e-01
3.247000000000000000e+03 1.517716131006531555e+01 5.389658624079909366e-01 1.556373662470398114e-02 -8.875036520417058927e-01
3.248000000000000000e+03 1.515260671117209590e+01 5.373440826681549209e-01 1.555138641351407058e-02 -8.864005603880911188e-01
3.249000000000000000e+03 1.512800217048016904e+01 5.357194759517546201e-01 1.553905292788894561e-02 -8.852612205289974723e-01
3.250000000000000000e+03 1.510350322745517637e+01 5.340908963191415282e-01 1.552673596415411229e-02 -8.840789329268925467e-01
3.251000000000000000e+03 1.507896855853351070e+01 5.324593914147446316e-01 1.551443531141771456e-02 -8.828617603381198053e-01
3.252000000000000000e+03 1.505440645026799196e+01 5.308251322213037859e-01 1.550215075292313456e-02 -8.815952066625781791e-01
3.253000000000000000e+03 1.502989971558845284e+01 5.291882552064769429e-01 1.548988206742452078e-02 -8.802943952997946964e-01
3.254000000000000000e+03 1.500545685037610966e+01 5.275481527264093140e-01 1.547762903065514305e-02 -8.789595592020740256e-01
3.255000000000000000e+03 1.498093773546126606e+01 5.259071874027629878e-01 1.546539141675130728e-02 -8.775760411603479305e-01
3.256000000000000000e+03 1.495649932316597308e+01 5.242632639738407097e-01 1.545316899971669981e-02 -8.761588642037112518e-01
3.257000000000000000e+03 1.493200135495376735e+01 5.226180006806829814e-01 1.544096155484438876e-02 -8.747007334573138060e-01
3.258000000000000000e+03 1.490760061537404546e+01 5.209707867870136955e-01 1.542876886018941171e-02 -8.731943215138051606e-01
3.259000000000000000e+03 1.488315665033208290e+01 5.193217541188930308e-01 1.541659069791277530e-02 -8.716545538150411998e-01
3.260000000000000000e+03 1.485867745486676128e+01 5.176717772634465975e-01 1.540442685568190959e-02 -8.700740388914929291e-01
3.261000000000000000e+03 1.483424517698649225e+01 5.160209880968648077e-01 1.539227712790762134e-02 -8.684527821132350667e-01
3.262000000000000000e+03 1.480986753867507666e+01 5.143680331464711708e-01 1.538014131702496179e-02 -8.667907576984025253e-01
3.263000000000000000e+03 1.478540354116492850e+01 5.127145307971442412e-01 1.536801923462155321e-02 -8.650879090800849269e-01
3.264000000000000000e+03 1.476100915557612225e+01 5.110598716414360698e-01 1.535591070249154450e-02 -8.633367209304663170e-01
3.265000000000000000e+03 1.473654304544591120e+01 5.094041900139173462e-01 1.534381555362296368e-02 -8.615519329433990459e-01
3.266000000000000000e+03 1.471208654278900418e+01 5.077483641843475448e-01 1.533173363307028560e-02 -8.597259701211394933e-01
3.267000000000000000e+03 1.468764650668416927e+01 5.060910452096667456e-01 1.531966479865680582e-02 -8.578512282195845939e-01
3.268000000000000000e+03 1.466322960047516055e+01 5.044338569699206021e-01 1.530760892167361449e-02 -8.559423591993210456e-01
3.269000000000000000e+03 1.463876800311093973e+01 5.027769393476902993e-01 1.529556588735833320e-02 -8.539917015299876013e-01
3.270000000000000000e+03 1.461426797216530460e+01 5.011204340863195661e-01 1.528353559529421063e-02 -8.519989940022179020e-01
3.271000000000000000e+03 1.458980984104470480e+01 4.994652278117170940e-01 1.527151795967090706e-02 -8.499713761436322734e-01
3.272000000000000000e+03 1.456532516688982248e+01 4.978099808775286461e-01 1.525951290942173522e-02 -8.479011035885849479e-01
3.273000000000000000e+03 1.454081958069242120e+01 4.961570702290555857e-01 1.524752038822106519e-02 -8.457952619042222731e-01
3.274000000000000000e+03 1.451637278809203480e+01 4.945051612351032966e-01 1.523554035434138490e-02 -8.436534819690907350e-01
3.275000000000000000e+03 1.449184143732891883e+01 4.928551505484836115e-01 1.522357278045160384e-02 -8.414679404066220947e-01
3.276000000000000000e+03 1.446730482335457602e+01 4.912071949445597219e-01 1.521161765317250759e-02 -8.392530734237280132e-01
3.277000000000000000e+03 1.444276775800843104e+01 4.895614543329218638e-01 1.519967497262351280e-02 -8.369935788007001332e-01
3.278000000000000000e+03 1.441816057524339278e+01 4.879173490971400740e-01 1.518774475178640872e-02 -8.347038431388452695e-01
3.279000000000000000e+03 1.439363627134072487e+01 4.862757887725595030e-01 1.517582701578897887e-02 -8.323759438584155124e-01
3.280000000000000000e+03 1.436897624400478968e+01 4.846362008767982066e-01 1.516392180109934693e-02 -8.300093630534037814e-01
3.281000000000000000e+03 1.434433313533734911e+01 4.830002452533395663e-01 1.515202915457764844e-02 -8.276109879494123467e-01
3.282000000000000000e+03 1.431963657251761113e+01 4.813666143924943408e-01 1.514014913249488864e-02 -8.251728263150224230e-01
3.283000000000000000e+03 1.429496459467709002e+01 4.797362334403767470e-01 1.512828179946652460e-02 -8.227091486796558328e-01
3.284000000000000000e+03 1.427017224531726214e+01 4.781100318552580775e-01 1.511642722727913300e-02 -8.202044903526665154e-01
3.285000000000000000e+03 1.424541156722655444e+01 4.764874578963453899e-01 1.510458549373758230e-02 -8.176730787010965118e-01
3.286000000000000000e+03 1.422061162872925877e+01 4.748694501202172513e-01 1.509275668138254124e-02 -8.151068351782422283e-01
3.287000000000000000e+03 1.419577566872544239e+01 4.732554661943270125e-01 1.508094087625945490e-02 -8.125125175603484795e-01
3.288000000000000000e+03 1.417083254087215671e+01 4.716464543880255489e-01 1.506913816659483617e-02 -8.098894353863168583e-01
3.289000000000000000e+03 1.414585957532768745e+01 4.700418823805251334e-01 1.505734864150995791e-02 -8.072368788037629361e-01
3.290000000000000000e+03 1.412085973942546779e+01 4.684427087462028627e-01 1.504557238973174699e-02 -8.045541190702609757e-01
3.291000000000000000e+03 1.409583593219740472e+01 4.668484117567398561e-01 1.503380949830981743e-02 -8.018404090602098133e-01
3.292000000000000000e+03 1.407071671162990789e+01 4.652592180254248588e-01 1.502206005135918974e-02 -7.991024121276655290e-01
3.293000000000000000e+03 1.404550487206552134e+01 4.636761026432910104e-01 1.501032412884168929e-02 -7.963393459243890415e-01
3.294000000000000000e+03 1.402027745414403981e+01 4.620985608070130590e-01 1.499860180540242560e-02 -7.935429829242377497e-01
3.295000000000000000e+03 1.399496290368879237e+01 4.605268364537737913e-01 1.498689314925655790e-02 -7.907273643548238251e-01
3.296000000000000000e+03 1.396956393097868165e+01 4.589619223877678955e-01 1.497519822113638904e-02 -7.878842306326567790e-01
3.297000000000000000e+03 1.394415751880423926e+01 4.574033318983135032e-01 1.496351707333305400e-02 -7.850201636572949893e-01
3.298000000000000000e+03 1.391867207923864491e+01 4.558513273847338843e-01 1.495184974883219560e-02 -7.821343023096862801e-01
3.299000000000000000e+03 1.389311031058286261e+01 4.543069204727517296e-01 1.494019628052351001e-02 -7.792257713576414835e-01
3.300000000000000000e+03 1.386747491940589150e+01 4.527696436224095122e-01 1.492855669046529686e-02 -7.763011103674068991e-01
3.301000000000000000e+03 1.384176854817866520e+01 4.512405109785547208e-01 1.491693098938278415e-02 -7.733518868300842675e-01
3.302000000000000000e+03 1.381599354799297252e+01 4.497197581748154649e-01 1.490531917611514871e-02 -7.703915313152986943e-01
3.303000000000000000e+03 1.379015221209180808e+01 4.482061313978094597e-01 1.489372123730302311e-02 -7.674110751194688218e-01
3.304000000000000000e+03 1.376424685444140827e+01 4.467013550950356127e-01 1.488213714713380702e-02 -7.644089666414971562e-01
3.305000000000000000e+03 1.373827981030573397e+01 4.452041893898273650e-01 1.487056686718927698e-02 -7.613910719725339726e-01
3.306000000000000000e+03 1.371217915229321171e+01 4.437156300180030710e-01 1.485901034647357094e-02 -7.583558187902482706e-01
3.307000000000000000e+03 1.368609582290183546e+01 4.422359370756634989e-01 1.484746752147045844e-02 -7.553090536587420134e-01
3.308000000000000000e+03 1.365988364754456441e+01 4.407646351033490673e-01 1.483593831640168427e-02 -7.522417575816110480e-01
3.309000000000000000e+03 1.363354503214524094e+01 4.393019988366285711e-01 1.482442264354664335e-02 -7.491523316603949656e-01
3.310000000000000000e+03 1.360715667529482253e+01 4.378475676128826821e-01 1.481292040370759712e-02 -7.460540260561511205e-01
3.311000000000000000e+03 1.358072099603084126e+01 4.364031167846384451e-01 1.480143148669611948e-02 -7.429452272027666782e-01
3.312000000000000000e+03 1.355424041130592983e+01 4.349667151088235095e-01 1.478995577204030541e-02 -7.398094584239964799e-01
3.313000000000000000e+03 1.352756876219411630e+01 4.335401531629117233e-01 1.477849312967455947e-02 -7.366673790042885805e-01
3.314000000000000000e+03 1.350093129093463773e+01 4.321230007268935247e-01 1.476704342078878802e-02 -7.335099296572491490e-01
3.315000000000000000e+03 1.347418179782535397e+01 4.307155781819516638e-01 1.475560649871426704e-02 -7.303429032489284767e-01
3.316000000000000000e+03 1.344732261713138577e+01 4.293182137303688806e-01 1.474418220989472464e-02 -7.271646603693160404e-01
3.317000000000000000e+03 1.342043032453375062e+01 4.279297577768229055e-01 1.473277039490510608e-02 -7.239661299544858375e-01
3.318000000000000000e+03 1.339343287722252640e+01 4.265512971512548934e-01 1.472137088953426841e-02 -7.207605233091981534e-01
3.319000000000000000e+03 1.336640673824985193e+01 4.251831838129892516e-01 1.470998352588696705e-02 -7.175461929758424340e-01
3.320000000000000000e+03 1.333920544919822682e+01 4.238242920563498051e-01 1.469860813354395210e-02 -7.143214900534305967e-01
3.321000000000000000e+03 1.331205388831459047e+01 4.224757327229616832e-01 1.468724454071850677e-02 -7.110773364632805293e-01
3.322000000000000000e+03 1.328473114212721562e+01 4.211371390603065867e-01 1.467589257543753557e-02 -7.078343673133183911e-01
3.323000000000000000e+03 1.325738761424281975e+01 4.198081524220450556e-01 1.466455206668351718e-02 -7.045760763551310868e-01
3.324000000000000000e+03 1.322995074781633562e+01 4.184899079648776166e-01 1.465322284558483699e-02 -7.013082433912102287e-01
3.325000000000000000e+03 1.320242215036215860e+01 4.171820633319170968e-01 1.464190474653512784e-02 -6.980366498247134732e-01
3.326000000000000000e+03 1.317487758495547290e+01 4.158842843428690039e-01 1.463059760828525242e-02 -6.947596509043791890e-01
3.327000000000000000e+03 1.314724411141097349e+01 4.145969878458498070e-01 1.461930127502810567e-02 -6.914756046642999143e-01
3.328000000000000000e+03 1.311959721254334710e+01 4.133205988959186561e-01 1.460801559738201562e-02 -6.881828725070625596e-01
3.329000000000000000e+03 1.309186365304660882e+01 4.120555507653661520e-01 1.459674043336482534e-02 -6.848872481304906223e-01
3.330000000000000000e+03 1.306404432359782142e+01 4.108007992807783393e-01 1.458547564925607130e-02 -6.815945297467556063e-01
3.331000000000000000e+03 1.303621423522150380e+01 4.095567941670811285e-01 1.457422112040399238e-02 -6.782882355932731144e-01
3.332000000000000000e+03 1.300837394747153297e+01 4.083232505432619619e-01 1.456297673195741313e-02 -6.749890312886225319e-01
3.333000000000000000e+03 1.298037528098426741e+01 4.071013774251718842e-01 1.455174237948783471e-02 -6.716878752257542384e-01
3.334000000000000000e+03 1.295244129895914575e+01 4.058894207100143814e-01 1.454051796954638522e-02 -6.683831608602931462e-01
3.335000000000000000e+03 1.292442347003368930e+01 4.046893486831938391e-01 1.452930342011557290e-02 -6.650732888884025584e-01
3.336000000000000000e+03 1.289632165165930289e+01 4.034994236567054915e-01 1.451809866093241308e-02 -6.617715244663940899e-01
3.337000000000000000e+03 1.286820980642861834e+01 4.023208874700129889e-01 1.450690363376134877e-02 -6.584673702992626110e-01
3.338000000000000000e+03 1.284008743587465240e+01 4.011527616276081565e-01 1.449571829251854009e-02 -6.551659373974657585e-01
3.339000000000000000e+03 1.281187958224475665e+01 3.999955614539696391e-01 1.448454260331248113e-02 -6.518671461872039830e-01
3.340000000000000000e+03 1.278358539823559958e+01 3.988498104004613576e-01 1.447337654437540720e-02 -6.485731553420476247e-01
3.341000000000000000e+03 1.275535243415943398e+01 3.977152971843936347e-01 1.446222010592055664e-02 -6.452831624094808038e-01
3.342000000000000000e+03 1.272703094149581382e+01 3.965910757603341996e-01 1.445107328984450781e-02 -6.419986041182154102e-01
3.343000000000000000e+03 1.269869386284080015e+01 3.954776937936608783e-01 1.443993610937656033e-02 -6.387209283256599646e-01
3.344000000000000000e+03 1.267033970414747124e+01 3.943764497912399247e-01 1.442880858863553224e-02 -6.354501087908193124e-01
3.345000000000000000e+03 1.264189254174249299e+01 3.932849360542318151e-01 1.441769076209932152e-02 -6.321876169479491159e-01
3.346000000000000000e+03 1.261342488055663580e+01 3.922052098236414319e-01 1.440658267394924127e-02 -6.289334509906051585e-01
3.347000000000000000e+03 1.258500909548411073e+01 3.911363648875642585e-01 1.439548437741017088e-02 -6.256891076267097063e-01
3.348000000000000000e+03 1.255649458980998112e+01 3.900782457111702795e-01 1.438439593397976973e-02 -6.224546111443952645e-01
3.349000000000000000e+03 1.252802778915861737e+01 3.890307045538726749e-01 1.437331741259593662e-02 -6.192314851490801075e-01
3.350000000000000000e+03 1.249945788332084717e+01 3.879943442538933418e-01 1.436224888875902057e-02 -6.160205244467794605e-01
3.351000000000000000e+03 1.247085654060533955e+01 3.869683047742211168e-01 1.435119044362194278e-02 -6.128217426381193933e-01
3.352000000000000000e+03 1.244229422671772767e+01 3.859540226343996516e-01 1.434014216305844712e-02 -6.096356998026372098e-01
3.353000000000000000e+03 1.241369248939924930e+01 3.849492428597032223e-01 1.432910413664509851e-02 -6.064629183845617888e-01
3.354000000000000000e+03 1.238504709995872055e+01 3.839561750014075514e-01 1.431807645669161064e-02 -6.033039363342774797e-01
3.355000000000000000e+03 1.235635378043816779e+01 3.829733218881176682e-01 1.430705921723180937e-02 -6.001593074563200680e-01
3.356000000000000000e+03 1.232760821418774988e+01 3.820014222400364146e-01 1.429605251301410349e-02 -5.970296017499490127e-01
3.357000000000000000e+03 1.229888033976634887e+01 3.810404792604067947e-01 1.428505643852294449e-02 -5.939146629075247041e-01
3.358000000000000000e+03 1.227009151057410108e+01 3.800905033996034854e-01 1.427407108699672682e-02 -5.908158371458667180e-01
3.359000000000000000e+03 1.224131163866668537e+01 3.791507694466930145e-01 1.426309654948939437e-02 -5.877330021857015696e-01
3.360000000000000000e+03 1.221246207013945551e+01 3.782227877936902294e-01 1.425213291394544605e-02 -5.846667960695244304e-01
3.361000000000000000e+03 1.218361272805240780e+01 3.773051045120601743e-01 1.424118026437316657e-02 -5.816178746328917182e-01
3.362000000000000000e+03 1.215468498679121367e+01 3.763977582822354284e-01 1.423023867997732020e-02 -5.785876546393228237e-01
3.363000000000000000e+03 1.212582309734854924e+01 3.755022803104796636e-01 1.421930823448079931e-02 -5.755753427338246020e-01
3.364000000000000000e+03 1.209687420992102957e+01 3.746172372334155565e-01 1.420838899534326502e-02 -5.725831355754376073e-01
3.365000000000000000e+03 1.206790836484047169e+01 3.737434308754031265e-01 1.419748102321020944e-02 -5.696095346032781226e-01
3.366000000000000000e+03 1.203892136423908887e+01 3.728801839834298693e-01 1.418658437133183021e-02 -5.666560318268922813e-01
3.367000000000000000e+03 1.200990906045665163e+01 3.720275686399019954e-01 1.417569908511073264e-02 -5.637233959201899403e-01
3.368000000000000000e+03 1.198086736015118525e+01 3.711856633331378497e-01 1.416482520170134034e-02 -5.608101868142922886e-01
3.369000000000000000e+03 1.195179222759943549e+01 3.703538100256663634e-01 1.415396274970954354e-02 -5.579179557994158323e-01
3.370000000000000000e+03 1.192275397068151399e+01 3.695335853954772043e-01 1.414311174900373912e-02 -5.550475316002633219e-01
3.371000000000000000e+03 1.189360010853386740e+01 3.687228580549333778e-01 1.413227221054834913e-02 -5.521982777851663915e-01
3.372000000000000000e+03 1.186447535691824307e+01 3.679232167979998858e-01 1.412144413639446552e-02 -5.493703215087968328e-01
3.373000000000000000e+03 1.183537592726094267e+01 3.671332849800406639e-01 1.411062751970143699e-02 -5.465645537432853862e-01
3.374000000000000000e+03 1.180622380943481708e+01 3.663539202560158192e-01 1.409982234486862121e-02 -5.437818866673695961e-01
3.375000000000000000e+03 1.177701533729829997e+01 3.655845002964465684e-01 1.408902858777065156e-02 -5.410217682136908568e-01
3.376000000000000000e+03 1.174782118651950036e+01 3.648251511817686699e-01 1.407824621601302950e-02 -5.382844107838925529e-01
3.377000000000000000e+03 1.171863780472830996e+01 3.640760044547037833e-01 1.406747518933086812e-02 -5.355707914512515266e-01
3.378000000000000000e+03 1.168946169155650772e+01 3.633364541709541151e-01 1.405671545998388866e-02 -5.328811664855377384e-01
3.379000000000000000e+03 1.166021511110760756e+01 3.626066424531683707e-01 1.404596697332017793e-02 -5.302150715399756020e-01
3.380000000000000000e+03 1.163104322143138880e+01 3.618859737032706358e-01 1.403522966830103580e-02 -5.275735503350935662e-01
3.381000000000000000e+03 1.160179408502656884e+01 3.611753429882975652e-01 1.402450347811807010e-02 -5.249569263238096362e-01
3.382000000000000000e+03 1.157261293150176229e+01 3.604741645795157545e-01 1.401378833089622807e-02 -5.223648028529054299e-01
3.383000000000000000e+03 1.154334788388699096e+01 3.597818575003194352e-01 1.400308415035585001e-02 -5.197975489853414732e-01
3.384000000000000000e+03 1.151414422074599919e+01 3.590985882376363514e-01 1.399239085659497762e-02 -5.172562996431612214e-01
3.385000000000000000e+03 1.148499866908770706e+01 3.584245277820527487e-01 1.398170836681889712e-02 -5.147399844006986802e-01
3.386000000000000000e+03 1.145575939819976163e+01 3.577591086666064291e-01 1.397103659618056937e-02 -5.122497846179543401e-01
3.387000000000000000e+03 1.142657171447775610e+01 3.571017676745495417e-01 1.396037545853240532e-02 -5.097854193785660293e-01
3.388000000000000000e+03 1.139743235427783219e+01 3.564534313809553101e-01 1.394972486726808389e-02 -5.073466312623627905e-01
3.389000000000000000e+03 1.136833804491432431e+01 3.558135446832150772e-01 1.393908473609060082e-02 -5.049354149422757843e-01
3.390000000000000000e+03 1.133921121534397614e+01 3.551815563406732768e-01 1.392845497982013805e-02 -5.025500745849513784e-01
3.391000000000000000e+03 1.131012284112148691e+01 3.545576616783842061e-01 1.391783551515895188e-02 -5.001926522706314771e-01
3.392000000000000000e+03 1.128114387216672121e+01 3.539413167849644326e-01 1.390722626144281007e-02 -4.978622425362055348e-01
3.393000000000000000e+03 1.125212237741404131e+01 3.533334668848637228e-01 1.389662714133768628e-02 -4.955587065970261107e-01
3.394000000000000000e+03 1.122320352492535633e+01 3.527320891947011150e-01 1.388603808153709984e-02 -4.932834152169875419e-01
3.395000000000000000e+03 1.119430959345821286e+01 3.521388783044350212e-01 1.387545901336759493e-02 -4.910347917215757141e-01
3.396000000000000000e+03 1.116551138659812459e+01 3.515525605275348631e-01 1.386488987337923355e-02 -4.888142546894224671e-01
3.397000000000000000e+03 1.113665681243942629e+01 3.509733507760675608e-01 1.385433060388490539e-02 -4.866217609415164347e-01
3.398000000000000000e+03 1.110796514940581403e+01 3.504007239202158730e-01 1.384378115341956123e-02 -4.844572911987361508e-01
3.399000000000000000e+03 1.107928420965907890e+01 3.498349003226224885e-01 1.383324147712718284e-02 -4.823201072222287333e-01
3.400000000000000000e+03 1.105061032270432086e+01 3.492753600323654228e-01 1.382271153711545769e-02 -4.802109802820227480e-01
3.401000000000000000e+03 1.102201384232830783e+01 3.487216080858950851e-01 1.381219130273895340e-02 -4.781307330054858640e-01
3.402000000000000000e+03 1.099348995208067237e+01 3.481747278470276319e-01 1.380168075078684435e-02 -4.760780935126109892e-01
3.403000000000000000e+03 1.096510786132626336e+01 3.476328560543692769e-01 1.379117986562178495e-02 -4.740540696539876642e-01
3.404000000000000000e+03 1.093671388232150932e+01 3.470978455982743904e-01 1.378068863923599674e-02 -4.720582071855982664e-01
3.405000000000000000e+03 1.090837713365641193e+01 3.465678370344209558e-01 1.377020707126695720e-02 -4.700915610145395829e-01
3.406000000000000000e+03 1.088009240930684562e+01 3.460439439630826342e-01 1.375973516889373617e-02 -4.681537237532649720e-01
3.407000000000000000e+03 1.085192874931168028e+01 3.455257958831817744e-01 1.374927294671262137e-02 -4.662457969433054239e-01
3.408000000000000000e+03 1.082380659351639629e+01 3.450130237268385081e-01 1.373882042652514561e-02 -4.643666767532378947e-01
3.409000000000000000e+03 1.079579492037550992e+01 3.445060025592094344e-01 1.372837763707735088e-02 -4.625167680164772865e-01
3.410000000000000000e+03 1.076781411823531975e+01 3.440036229386143618e-01 1.371794461372247143e-02 -4.606972412490610846e-01
3.411000000000000000e+03 1.073993312509028009e+01 3.435070049573207274e-01 1.370752139801989164e-02 -4.589070611526428478e-01
3.412000000000000000e+03 1.071207230072253758e+01 3.430150410974606157e-01 1.369710803734690285e-02 -4.571474434584273383e-01
3.413000000000000000e+03 1.068430056721055266e+01 3.425288531078509724e-01 1.368670458439439144e-02 -4.554173977418617958e-01
3.414000000000000000e+03 1.065661256521294753e+01 3.420465920260561399e-01 1.367631109664311367e-02 -4.537181842489529937e-01
3.415000000000000000e+03 1.062900294449476668e+01 3.415693807263912585e-01 1.366592763585104849e-02 -4.520488566941467945e-01
3.416000000000000000e+03 1.060139208762119090e+01 3.410968567783374539e-01 1.365555426742814937e-02 -4.504099762354536463e-01
3.417000000000000000e+03 1.057392325127266908e+01 3.406286579857847885e-01 1.364519105986470963e-02 -4.488006399270307312e-01
3.418000000000000000e+03 1.054651687258262704e+01 3.401651650920428649e-01 1.363483808409956047e-02 -4.472221946796745007e-01
3.419000000000000000e+03 1.051924199398594517e+01 3.397060159805673218e-01 1.362449541288459319e-02 -4.456730371943901647e-01
3.420000000000000000e+03 1.049194485296507651e+01 3.392508483815410703e-01 1.361416312017809348e-02 -4.441545564149139147e-01
3.421000000000000000e+03 1.046476887368721798e+01 3.387992997443726728e-01 1.360384128047244408e-02 -4.426659334487362818e-01
3.422000000000000000e+03 1.043770897291160438e+01 3.383524927810484528e-01 1.359352996822275027e-02 -4.412071126677667432e-01
3.423000000000000000e+03 1.041068585016044423e+01 3.379093211653215745e-01 1.358322925719432361e-02 -4.397780586284482096e-01
3.424000000000000000e+03 1.038376884458780758e+01 3.374694207480539720e-01 1.357293921989419401e-02 -4.383787558218643632e-01
3.425000000000000000e+03 1.035687880697361862e+01 3.370331694334597339e-01 1.356265992699146571e-02 -4.370092084190494441e-01
3.426000000000000000e+03 1.033015952283757599e+01 3.366002013863165776e-01 1.355239144679664873e-02 -4.356686971767963490e-01
3.427000000000000000e+03 1.030345773307827528e+01 3.361701497453496446e-01 1.354213384473324129e-02 -4.343572648442572959e-01
3.428000000000000000e+03 1.027684312316581483e+01 3.357433893376209344e-01 1.353188718292194434e-02 -4.330757158955859665e-01
3.429000000000000000e+03 1.025031119329382001e+01 3.353195508890751131e-01 1.352165151969752198e-02 -4.318226449185180726e-01
3.430000000000000000e+03 1.022385754550450088e+01 3.348990065762110224e-01 1.351142690929121870e-02 -4.305981505147442601e-01
3.431000000000000000e+03 1.019747788675002553e+01 3.344806414039244724e-01 1.350121340143831811e-02 -4.294016065165494056e-01
3.432000000000000000e+03 1.017116803137806258e+01 3.340648244296005043e-01 1.349101104116090695e-02 -4.282331473752590822e-01
3.433000000000000000e+03 1.014499818653476204e+01 3.336511801433520441e-01 1.348081986851615809e-02 -4.270929250415334000e-01
3.434000000000000000e+03 1.011889010296762947e+01 3.332400740246205806e-01 1.347063991840887105e-02 -4.259796230073850665e-01
3.435000000000000000e+03 1.009283992625693571e+01 3.328311267599433632e-01 1.346047122049049034e-02 -4.248934273554959007e-01
3.436000000000000000e+03 1.006691819695920564e+01 3.324239569671227912e-01 1.345031379908236124e-02 -4.238337979603040151e-01
3.437000000000000000e+03 1.004104699967760617e+01 3.320181810856941973e-01 1.344016767318481111e-02 -4.228009538612667040e-01
3.438000000000000000e+03 1.001529709610164076e+01 3.316141561038453700e-01 1.343003285647056087e-02 -4.217943872931799731e-01
3.439000000000000000e+03 9.989665073005257412e+00 3.312114937815733851e-01 1.341990935741291073e-02 -4.208136062184816284e-01
3.440000000000000000e+03 9.964073340257229461e+00 3.308105462154298237e-01 1.340979717941448088e-02 -4.198581340217964475e-01
3.441000000000000000e+03 9.938592978875984585e+00 3.304101772295707784e-01 1.339969632098752042e-02 -4.189282520362531126e-01
3.442000000000000000e+03 9.913220887644120793e+00 3.300107336134871505e-01 1.338960677597030198e-02 -4.180235135618834419e-01
3.443000000000000000e+03 9.887954063347990541e+00 3.296118165160268898e-01 1.337952853382258847e-02 -4.171427435508348602e-01
3.444000000000000000e+03 9.862789597173764022e+00 3.292137670161756069e-01 1.336946157987130290e-02 -4.162855239594562828e-01
3.445000000000000000e+03 9.837650387306663191e+00 3.288161803551721274e-01 1.335940589572430330e-02 -4.154514505921560463e-01
3.446000000000000000e+03 9.812682268797058072e+00 3.284193915104864359e-01 1.334936145954721508e-02 -4.146408756118306616e-01
3.447000000000000000e+03 9.787808308206397356e+00 3.280222465961674105e-01 1.333932824651090296e-02 -4.138519358718439345e-01
3.448000000000000000e+03 9.763100216637440099e+00 3.276250741101151553e-01 1.332930622917204502e-02 -4.130857524297467109e-01
3.449000000000000000e+03 9.738406927647909939e+00 3.272281991728768769e-01 1.331929537787715848e-02 -4.123404875320644258e-01
3.450000000000000000e+03 9.713874577155392487e+00 3.268312006031610095e-01 1.330929566122564245e-02 -4.116158012858004422e-01
3.451000000000000000e+03 9.689426523294219606e+00 3.264336639862028822e-01 1.329930704647194761e-02 -4.109114326474033185e-01
3.452000000000000000e+03 9.665060502812476528e+00 3.260352125508704790e-01 1.328932949995278306e-02 -4.102274000809042476e-01
3.453000000000000000e+03 9.640848599724829882e+00 3.256362189576001986e-01 1.327936298754506597e-02 -4.095638002038136660e-01
3.454000000000000000e+03 9.616788665069277542e+00 3.252370520601807757e-01 1.326940747504846974e-02 -4.089192547620013052e-01
3.455000000000000000e+03 9.592804312847560411e+00 3.248365911553548480e-01 1.325946292860005933e-02 -4.082953672823507740e-01
3.456000000000000000e+03 9.568893483216729834e+00 3.244351972444785570e-01 1.324952931506064892e-02 -4.076907800312766783e-01
3.457000000000000000e+03 9.545128438959983086e+00 3.240332272869718699e-01 1.323960660238171147e-02 -4.071063734948554003e-01
3.458000000000000000e+03 9.521507195271228241e+00 3.236295484557467628e-01 1.322969475994078929e-02 -4.065408089999468788e-01
3.459000000000000000e+03 9.497953516894291681e+00 3.232252522397980887e-01 1.321979375885381190e-02 -4.059942425168966973e-01
3.460000000000000000e+03 9.474539766144737030e+00 3.228191973635528567e-01 1.320990357224758466e-02 -4.054668386136065505e-01
3.461000000000000000e+03 9.451264050313755050e+00 3.224117238935416130e-01 1.320002417550315138e-02 -4.049580272411739679e-01
3.462000000000000000e+03 9.428124503495981301e+00 3.220024246669219714e-01 1.319015554648864455e-02 -4.044687318563902623e-01
3.463000000000000000e+03 9.405045001837617491e+00 3.215916308972843196e-01 1.318029766570336277e-02 -4.039969120258938839e-01
3.464000000000000000e+03 9.382172296729653027e+00 3.211789264424497747e-01 1.317045051641628495e-02 -4.035435057177739204e-01
3.465000000000000000e+03 9.359356029908269647e+00 3.207646334145051181e-01 1.316061408478134617e-02 -4.031079719001554040e-01
3.466000000000000000e+03 9.336668718020691315e+00 3.203483264519380591e-01 1.315078835988102435e-02 -4.026897758175131403e-01
3.467000000000000000e+03 9.314108619087848595e+00 3.199303183340671541e-01 1.314097333373490974e-02 -4.022883885946751947e-01
3.468000000000000000e+03 9.291674016889093224e+00 3.195101742575384152e-01 1.313116900131082107e-02 -4.019047725090624801e-01
3.469000000000000000e+03 9.269363222238174771e+00 3.190874546201929451e-01 1.312137536043777100e-02 -4.015369235810368753e-01
3.470000000000000000e+03 9.247174574630301791e+00 3.186632006421685204e-01 1.311159241171603630e-02 -4.011858138532216067e-01
3.471000000000000000e+03 9.225106444234642211e+00 3.182354773090551037e-01 1.310182015839951586e-02 -4.008509339786092696e-01
3.472000000000000000e+03 9.203164662553314557e+00 3.178060588427093491e-01 1.309205860624708395e-02 -4.005317784881145537e-01
3.473000000000000000e+03 9.181340239961961913e+00 3.173737431439255796e-01 1.308230776330689474e-02 -4.002285882228085456e-01
3.474000000000000000e+03 9.159639081949128681e+00 3.169388087627383332e-01 1.307256763973648275e-02 -3.999401214261605886e-01
3.475000000000000000e+03 9.138052278761515268e+00 3.165015291908467310e-01 1.306283824755700984e-02 -3.996666246818171286e-01
3.476000000000000000e+03 9.116585822018647534e+00 3.160606871563845233e-01 1.305311960037034390e-02 -3.994083468420237537e-01
3.477000000000000000e+03 9.095245751350402585e+00 3.156165459310683041e-01 1.304341171314137710e-02 -3.991640529572856311e-01
3.478000000000000000e+03 9.074015872765318846e+00 3.151701064646436623e-01 1.303371460185861509e-02 -3.989332523825237509e-01
3.479000000000000000e+03 9.052909760557263041e+00 3.147208788515144517e-01 1.302402828327670938e-02 -3.987154555451924431e-01
3.480000000000000000e+03 9.031926190650356290e+00 3.142683679748513592e-01 1.301435277461551569e-02 -3.985109163856342951e-01
3.481000000000000000e+03 9.011056572341983539e+00 3.138128163180019525e-01 1.300468809324569625e-02 -3.983184034598735712e-01
3.482000000000000000e+03 8.990299808299113238e+00 3.133544611081288678e-01 1.299503425641040412e-02 -3.981374280556622125e-01
3.483000000000000000e+03 8.969669726064129378e+00 3.128935342972131717e-01 1.298539128092391498e-02 -3.979682438065941241e-01
3.484000000000000000e+03 8.949150510928287616e+00 3.124295197103130750e-01 1.297575918288732498e-02 -3.978096178048101672e-01
3.485000000000000000e+03 8.928756135488347567e+00 3.119618958661378172e-01 1.296613797744485680e-02 -3.976610587277605302e-01
3.486000000000000000e+03 8.908470935343361319e+00 3.114916216349697953e-01 1.295652767851715285e-02 -3.975228164640040585e-01
3.487000000000000000e+03 8.888301609755352217e+00 3.110174220536454648e-01 1.294692829857382876e-02 -3.973936532384230169e-01
3.488000000000000000e+03 8.868247510137308609e+00 3.105409881630870617e-01 1.293733984843549630e-02 -3.972738145872769522e-01
3.489000000000000000e+03 8.848300641595997718e+00 3.100602914877099159e-01 1.292776233705647017e-02 -3.971628004929170785e-01
3.490000000000000000e+03 8.828467949156330263e+00 3.095770123824571063e-01 1.291819577140506346e-02 -3.970601078637284731e-01
3.491000000000000000e+03 8.808741605146481746e+00 3.090898545166237965e-01 1.290864015629661528e-02 -3.969644873493092252e-01
3.492000000000000000e+03 8.789128722983123865e+00 3.085997447201910271e-01 1.289909549433953737e-02 -3.968769143360261764e-01
3.493000000000000000e+03 8.769629072093312772e+00 3.081053759770684963e-01 1.288956178583518936e-02 -3.967953887629486198e-01
3.494000000000000000e+03 8.750227649120276396e+00 3.076084072757709897e-01 1.288003902873090765e-02 -3.967193917985851748e-01
3.495000000000000000e+03 8.730946675513527211e+00 3.071075209368147596e-01 1.287052721863210861e-02 -3.966498855132008505e-01
3.496000000000000000e+03 8.711763884401303670e+00 3.066036224676138011e-01 1.286102634881092048e-02 -3.965848555466657266e-01
3.497000000000000000e+03 8.692694230763519769e+00 3.060961263991172077e-01 1.285153641027078630e-02 -3.965237678022773271e-01
3.498000000000000000e+03 8.673730462558115306e+00 3.055851848046962638e-01 1.284205739183219563e-02 -3.964675681362411774e-01
3.499000000000000000e+03 8.654872831675817224e+00 3.050709444809747706e-01 1.283258928021713263e-02 -3.964142250425511382e-01
3.500000000000000000e+03 8.636114234440048776e+00 3.045528041305991529e-01 1.282313206021141842e-02 -3.963639291989450308e-01
3.501000000000000000e+03 8.617462665083202467e+00 3.040308927469738132e-01 1.281368571481150860e-02 -3.963161658324265146e-01
3.502000000000000000e+03 8.598912013578727809e+00 3.035060477206262819e-01 1.280425022542926172e-02 -3.962713320992192756e-01
3.503000000000000000e+03 8.580463832337626329e+00 3.029768654380990967e-01 1.279482557204644766e-02 -3.962276334636691821e-01
3.504000000000000000e+03 8.562119732378429049e+00 3.024441656226455333e-01 1.278541173349397216e-02 -3.961862392665054800e-01
3.505000000000000000e+03 8.543873950855195076e+00 3.019080200215232823e-01 1.277600868762896261e-02 -3.961453397722151104e-01
3.506000000000000000e+03 8.525735631831219408e+00 3.013677524351188741e-01 1.276661641161816463e-02 -3.961068314167748849e-01
3.507000000000000000e+03 8.507699108486209028e+00 3.008234244179653349e-01 1.275723488216086270e-02 -3.960681453598646207e-01
3.508000000000000000e+03 8.489766183703553182e+00 3.002758353114408085e-01 1.274786407575267087e-02 -3.960304184121964388e-01
3.509000000000000000e+03 8.471938697227120230e+00 2.997242937731501855e-01 1.273850396891449376e-02 -3.959925501020563621e-01
3.510000000000000000e+03 8.454211092832373708e+00 2.991688463180984803e-01 1.272915453848126426e-02 -3.959549166015926547e-01
3.511000000000000000e+03 8.436592698955806213e+00 2.986095345214980767e-01 1.271981576181272465e-02 -3.959163991420484030e-01
3.512000000000000000e+03 8.419078010971983161e+00 2.980471378932338933e-01 1.271048761703073675e-02 -3.958773551135087443e-01
3.513000000000000000e+03 8.401668972063168539e+00 2.974802025788194082e-01 1.270117008323774603e-02 -3.958366464882920321e-01
3.514000000000000000e+03 8.384360112517589059e+00 2.969102412472220953e-01 1.269186314070271625e-02 -3.957953537635723329e-01
3.515000000000000000e+03 8.367145974296411381e+00 2.963357904548039601e-01 1.268256677109299256e-02 -3.957523187225115424e-01
3.516000000000000000e+03 8.350043392553294197e+00 2.957576105362842989e-01 1.267328095755828818e-02 -3.957078583842879027e-01
3.517000000000000000e+03 8.333039493936340136e+00 2.951749714767685773e-01 1.266400568491983687e-02 -3.956615362775944278e-01
3.518000000000000000e+03 8.316136263756344960e+00 2.945886243005548244e-01 1.265474093974629927e-02 -3.956121622227778412e-01
3.519000000000000000e+03 8.299328258341287068e+00 2.939985726161540858e-01 1.264548671044890549e-02 -3.955615062925632586e-01
3.520000000000000000e+03 8.282624887852383821e+00 2.934040726678364130e-01 1.263624298731171568e-02 -3.955068702509627054e-01
3.521000000000000000e+03 8.266020701025231787e+00 2.928058618936004165e-01 1.262700976251846484e-02 -3.954500013661458868e-01
3.522000000000000000e+03 8.249510240402653238e+00 2.922031876393226812e-01 1.261778703015326540e-02 -3.953896638563652033e-01
3.523000000000000000e+03 8.233102897965933309e+00 2.915975213895058982e-01 1.260857478612393764e-02 -3.953253528647119874e-01
3.524000000000000000e+03 8.216785772716638903e+00 2.909873589789789272e-01 1.259937302810076529e-02 -3.952580370974247970e-01
3.525000000000000000e+03 8.200560812162702717e+00 2.903734204962551413e-01 1.259018175539261715e-02 -3.951857016207698803e-01
3.526000000000000000e+03 8.184437384099178203e+00 2.897556790028543716e-01 1.258100096880414819e-02 -3.951092903519945465e-01
3.527000000000000000e+03 8.168402563724592724e+00 2.891341034289551248e-01 1.257183067047982009e-02 -3.950282488639617617e-01
3.528000000000000000e+03 8.152458276281587146e+00 2.885086586352498816e-01 1.256267086369175848e-02 -3.949420098739654938e-01
3.529000000000000000e+03 8.136606441598456030e+00 2.878793054759510306e-01 1.255352155261917936e-02 -3.948514787369267753e-01
3.530000000000000000e+03 8.120841547311504982e+00 2.872460008629643680e-01 1.254438274208924745e-02 -3.947553190977034498e-01
3.531000000000000000e+03 8.105158079090644563e+00 2.866094406661827687e-01 1.253525443731959288e-02 -3.946536668984615970e-01
3.532000000000000000e+03 8.089565379488085739e+00 2.859688312747774019e-01 1.252613664364037038e-02 -3.945466445455788618e-01
3.533000000000000000e+03 8.074050508574059037e+00 2.853241181697420137e-01 1.251702936617573626e-02 -3.944328750817703844e-01
3.534000000000000000e+03 8.058622816626746399e+00 2.846767288274125729e-01 1.250793260952712260e-02 -3.943139390436128378e-01
3.535000000000000000e+03 8.043276805132347107e+00 2.840251157788258873e-01 1.249884637746329769e-02 -3.941876887994054113e-01
3.536000000000000000e+03 8.028006986357414831e+00 2.833706993604196422e-01 1.248977067260538532e-02 -3.940556767582533704e-01
3.537000000000000000e+03 8.012815314648630505e+00 2.827134107753849768e-01 1.248070549608643227e-02 -3.939164697198320186e-01
3.538000000000000000e+03 7.997696332714569145e+00 2.820524350010929493e-01 1.247165084725508979e-02 -3.937708485908130718e-01
3.539000000000000000e+03 7.982659459646470168e+00 2.813891822025618161e-01 1.246260672334883329e-02 -3.936173512527348373e-01
3.540000000000000000e+03 7.967691852079194170e+00 2.807220879615219267e-01 1.245357311919947745e-02 -3.934567294568811491e-01
3.541000000000000000e+03 7.952795548751092625e+00 2.800532988667416290e-01 1.244455002695802823e-02 -3.932882345411023994e-01
3.542000000000000000e+03 7.937965188114358916e+00 2.793812442397490825e-01 1.243553743581999986e-02 -3.931118458341802957e-01
3.543000000000000000e+03 7.923202867505065861e+00 2.787065788917879039e-01 1.242653533180194080e-02 -3.929282705626456207e-01
3.544000000000000000e+03 7.908510717029779258e+00 2.780292118612764374e-01 1.241754369753498947e-02 -3.927359724254193551e-01
3.545000000000000000e+03 7.893883473179674759e+00 2.773490493271720259e-01 1.240856251206923916e-02 -3.925348856915115703e-01
3.546000000000000000e+03 7.879315908836010962e+00 2.766667375230403847e-01 1.239959175074530594e-02 -3.923256722958852749e-01
3.547000000000000000e+03 7.864810262932710572e+00 2.759814343117699686e-01 1.239063138506543184e-02 -3.921082361085232448e-01
3.548000000000000000e+03 7.850361384694918954e+00 2.752945234411418030e-01 1.238168138262521478e-02 -3.918817228821175891e-01
3.549000000000000000e+03 7.835971590878808790e+00 2.746051576147925388e-01 1.237274170707344453e-02 -3.916460058782489373e-01
3.550000000000000000e+03 7.821643237538605575e+00 2.739139727490477738e-01 1.236381231813831610e-02 -3.914016858323166037e-01
3.551000000000000000e+03 7.807364022054629871e+00 2.732208448190269756e-01 1.235489317166913424e-02 -3.911471112878700529e-01
3.552000000000000000e+03 7.793144601262825155e+00 2.725263314181297636e-01 1.234598421971225962e-02 -3.908842963618612831e-01
3.553000000000000000e+03 7.778973542961460375e+00 2.718294875298216673e-01 1.233708541067317019e-02 -3.906107744477519961e-01
3.554000000000000000e+03 7.764861735258750564e+00 2.711308516828530579e-01 1.232819668944628959e-02 -3.903277776996688098e-01
3.555000000000000000e+03 7.750797814305467881e+00 2.704302175305072220e-01 1.231931799770253494e-02 -3.900350371957254092e-01
3.556000000000000000e+03 7.736792731773477705e+00 2.697281196055560382e-01 1.231044927407853005e-02 -3.897322686250627166e-01
3.557000000000000000e+03 7.722835181686803274e+00 2.690243477354129498e-01 1.230159045451085370e-02 -3.894184294783101796e-01
3.558000000000000000e+03 7.708928738677201409e+00 2.683186899627736932e-01 1.229274147255704844e-02 -3.890954332565899065e-01
3.559000000000000000e+03 7.695076997381776529e+00 2.676116754666016950e-01 1.228390225975979633e-02 -3.887607211631184945e-01
3.560000000000000000e+03 7.681268711460809584e+00 2.669030889783376992e-01 1.227507274603288623e-02 -3.884161761734275520e-01
3.561000000000000000e+03 7.667522359068351001e+00 2.661927137034487134e-01 1.226625286008472746e-02 -3.880599519077034820e-01
3.562000000000000000e+03 7.653819282755300435e+00 2.654810742432016091e-01 1.225744252987400092e-02 -3.876931582111087793e-01
3.563000000000000000e+03 7.640163111051852418e+00 2.647679510115720780e-01 1.224864168306359635e-02 -3.873154042158466481e-01
3.564000000000000000e+03 7.626564896314666164e+00 2.640531231573893245e-01 1.223985024749943071e-02 -3.869255412554333806e-01
3.565000000000000000e+03 7.613005967336572866e+00 2.633363686515912683e-01 1.223106815167385522e-02 -3.865253771256067505e-01
3.566000000000000000e+03 7.599504778720524989e+00 2.626182072095574194e-01 1.222229532523754977e-02 -3.861122478261786450e-01
3.567000000000000000e+03 7.586042621510654449e+00 2.618984147084111314e-01 1.221353169949945805e-02 -3.856886745144309514e-01
3.568000000000000000e+03 7.572630472441367111e+00 2.611775089444980935e-01 1.220477720787257678e-02 -3.852527067534506910e-01
3.569000000000000000e+03 7.559264417949220771e+00 2.604545212156191281e-01 1.219603178637353007e-02 -3.848046081363256099e-01
3.570000000000000000e+03 7.545947933407480157e+00 2.597307105834400498e-01 1.218729537407901332e-02 -3.843453707299696598e-01
3.571000000000000000e+03 7.532669592383372859e+00 2.590058497855352027e-01 1.217856791355634988e-02 -3.838737438534680080e-01
3.572000000000000000e+03 7.519447631224625006e+00 2.582804538274764972e-01 1.216984935127482861e-02 -3.833914340459634862e-01
3.573000000000000000e+03 7.506270516972342932e+00 2.575535515645937523e-01 1.216113963797559906e-02 -3.828964196779333640e-01
3.574000000000000000e+03 7.493134084107345494e+00 2.568263999636551387e-01 1.215243872904666830e-02 -3.823903794316296234e-01
3.575000000000000000e+03 7.480041529873604489e+00 2.560980271790756491e-01 1.214374658479176576e-02 -3.818720069190971733e-01
3.576000000000000000e+03 7.466995981626065593e+00 2.553689468140108443e-01 1.213506317072732092e-02 -3.813422106636630837e-01
3.577000000000000000e+03 7.453993064595129781e+00 2.546396723359777847e-01 1.212638845777401150e-02 -3.808011428986447511e-01
3.578000000000000000e+03 7.441035755157925813e+00 2.539092314920254334e-01 1.211772242245944681e-02 -3.802474568736148308e-01
3.579000000000000000e+03 7.428119521199378461e+00 2.531788805687136823e-01 1.210906504699246593e-02 -3.796827640077094501e-01
3.580000000000000000e+03 7.415239748044969659e+00 2.524476474662696313e-01 1.210041631935898990e-02 -3.791064341897135703e-01
3.581000000000000000e+03 7.402399164940325349e+00 2.517160459575544240e-01 1.209177623330200471e-02 -3.785185672649006294e-01
3.582000000000000000e+03 7.389600415397212352e+00 2.509838472662159203e-01 1.208314478831387651e-02 -3.779192503482620147e-01
3.583000000000000000e+03 7.376831199771569203e+00 2.502515658194555681e-01 1.207452198946545527e-02 -3.773085579740652618e-01
3.584000000000000000e+03 7.364108845234613732e+00 2.495189736599687236e-01 1.206590784729269332e-02 -3.766865522465935312e-01
3.585000000000000000e+03 7.351413451085583084e+00 2.487865861973576065e-01 1.205730237755403556e-02 -3.760532829920039677e-01
3.586000000000000000e+03 7.338754744961366150e+00 2.480541766187108754e-01 1.204870560097149289e-02 -3.754095307461623454e-01
3.587000000000000000e+03 7.326134942727458466e+00 2.473222616385728490e-01 1.204011754287204715e-02 -3.747545784033636251e-01
3.588000000000000000e+03 7.313541322340340933e+00 2.465898730729578214e-01 1.203153823281452768e-02 -3.740891827113148049e-01
3.589000000000000000e+03 7.300975940011630527e+00 2.458590149277727899e-01 1.202296770417548601e-02 -3.734133459217019446e-01
3.590000000000000000e+03 7.288440776796125675e+00 2.451272351259924653e-01 1.201440599366432153e-02 -3.727263159471184695e-01
3.591000000000000000e+03 7.275930314024003920e+00 2.443965396045085781e-01 1.200585314079783729e-02 -3.720295578589985497e-01
3.592000000000000000e+03 7.263446394241750426e+00 2.436667068745103637e-01 1.199730918734735578e-02 -3.713230398716776404e-01
3.593000000000000000e+03 7.250990797519494713e+00 2.429375166011824572e-01 1.198877417677749434e-02 -3.706052335028680589e-01
3.594000000000000000e+03 7.238550389778977134e+00 2.422087496774181781e-01 1.198024815360405372e-02 -3.698783135806735234e-01
3.595000000000000000e+03 7.226134269895195139e+00 2.414801882964267010e-01 1.197173116278003012e-02 -3.691414728921039723e-01
3.596000000000000000e+03 7.213729205213177842e+00 2.407531016934354173e-01 1.196322324902559207e-02 -3.683946365235074571e-01
3.597000000000000000e+03 7.201344207479677628e+00 2.400272748760679531e-01 1.195472445620559578e-02 -3.676384620280995774e-01
3.598000000000000000e+03 7.188980825424478915e+00 2.393024943638766833e-01 1.194623482664131098e-02 -3.668735967605774029e-01
3.599000000000000000e+03 7.176633150834275554e+00 2.385792910916733067e-01 1.193775440045512747e-02 -3.660999352142799701e-01
3.600000000000000000e+03 7.164295253005104946e+00 2.378567119715990497e-01 1.192928321495160572e-02 -3.653173620310969372e-01
3.601000000000000000e+03 7.151968636871851359e+00 2.371367680697022695e-01 1.192082130395744934e-02 -3.645271966825718857e-01
3.602000000000000000e+03 7.139654891762488909e+00 2.364177224566762214e-01 1.191236869722303582e-02 -3.637283559758593410e-01
3.603000000000000000e+03 7.127355626067977568e+00 2.357015453205623945e-01 1.190392541985212452e-02 -3.629211919129999853e-01
3.604000000000000000e+03 7.115065020761553782e+00 2.349864945785167247e-01 1.189549149175197183e-02 -3.621067902104893044e-01
3.605000000000000000e+03 7.102777263044929512e+00 2.342730586181536179e-01 1.188706692714375582e-02 -3.612832563158571153e-01
3.606000000000000000e+03 7.090501408001348871e+00 2.335617278524029505e-01 1.187865173408421578e-02 -3.604524011185509247e-01
3.607000000000000000e+03 7.078231669747432342e+00 2.328522519430949456e-01 1.187024591408601670e-02 -3.596130556347178486e-01
3.608000000000000000e+03 7.065962282235625835e+00 2.321443826933730636e-01 1.186184946175333071e-02 -3.587655282215915786e-01
3.609000000000000000e+03 7.053694931206549334e+00 2.314393597737885999e-01 1.185346236452185925e-02 -3.579101191163012174e-01
3.610000000000000000e+03 7.041438757248432267e+00 2.307354537669707162e-01 1.184508460240551141e-02 -3.570456349791890083e-01
3.611000000000000000e+03 7.029180644873757267e+00 2.300339089012758964e-01 1.183671614786501597e-02 -3.561738461221562457e-01
3.612000000000000000e+03 7.016922366133899303e+00 2.293344860928285267e-01 1.182835696570811237e-02 -3.552942868864246706e-01
3.613000000000000000e+03 7.004665725139846089e+00 2.286376915014277644e-01 1.182000701309788779e-02 -3.544064843754700100e-01
3.614000000000000000e+03 6.992412558620668683e+00 2.279425480750425226e-01 1.181166623958145728e-02 -3.535114443575940180e-01
3.615000000000000000e+03 6.980157307453787041e+00 2.272495669380919514e-01 1.180333458725987134e-02 -3.526079373283683704e-01
3.616000000000000000e+03 6.967909300910372750e+00 2.265592617683197529e-01 1.179501199096489976e-02 -3.516976985979283210e-01
3.617000000000000000e+03 6.955655613411861005e+00 2.258714060073206409e-01 1.178669837855744230e-02 -3.507787430226823044e-01
3.618000000000000000e+03 6.943398204106767224e+00 2.251857757398212367e-01 1.177839367126967511e-02 -3.498535364419841365e-01
3.619000000000000000e+03 6.931146485676842772e+00 2.245028925716229529e-01 1.177009778413104675e-02 -3.489200819135965248e-01
3.620000000000000000e+03 6.918895035792440140e+00 2.238217951661393423e-01 1.176181062644022710e-02 -3.479793483239806973e-01
3.621000000000000000e+03 6.906638449694656678e+00 2.231437534597945915e-01 1.175353210232712477e-02 -3.470315564770066197e-01
3.622000000000000000e+03 6.894386192185195661e+00 2.224678116908539727e-01 1.174526211134066175e-02 -3.460769221966535358e-01
3.623000000000000000e+03 6.882132878961108702e+00 2.217952454472185975e-01 1.173700054911762727e-02 -3.451149137629295205e-01
3.624000000000000000e+03 6.869880555892067697e+00 2.211243618576028136e-01 1.172874730808252768e-02 -3.441457378560395242e-01
3.625000000000000000e+03 6.857623836087304525e+00 2.204564423067626178e-01 1.172050227820055877e-02 -3.431703398331588661e-01
3.626000000000000000e+03 6.845372178309437672e+00 2.197912854591047294e-01 1.171226534774293289e-02 -3.421881755024970273e-01
3.627000000000000000e+03 6.833120166592055789e+00 2.191286929611913625e-01 1.170403640408258783e-02 -3.412001827445205193e-01
3.628000000000000000e+03 6.820877216379163777e+00 2.184692123078683101e-01 1.169581533457178350e-02 -3.402058104544145034e-01
3.629000000000000000e+03 6.808637853648632721e+00 2.178126512021103800e-01 1.168760202734780117e-02 -3.392059901659728594e-01
3.630000000000000000e+03 6.796403992344832723e+00 2.171595632536715559e-01 1.167939637216488385e-02 -3.382009078307943173e-01
3.631000000000000000e+03 6.784170069988856078e+00 2.165090195012582819e-01 1.167119826129518756e-02 -3.371907469379215039e-01
3.632000000000000000e+03 6.771945325043517983e+00 2.158615797787036550e-01 1.166300759030511683e-02 -3.361749459630632986e-01
3.633000000000000000e+03 6.759731504254761880e+00 2.152170642346313556e-01 1.165482425890088970e-02 -3.351544271571434974e-01
3.634000000000000000e+03 6.747522855196678826e+00 2.145760390259743300e-01 1.164664817172383383e-02 -3.341293683235464496e-01
3.635000000000000000e+03 6.735320975744664374e+00 2.139375878351463256e-01 1.163847923909244048e-02 -3.330999459337107838e-01
3.636000000000000000e+03 6.723134807148209546e+00 2.133030260661096800e-01 1.163031737772792819e-02 -3.320663354055879979e-01
3.637000000000000000e+03 6.710950914074172324e+00 2.126714438539129282e-01 1.162216251143630835e-02 -3.310287113794426195e-01
3.638000000000000000e+03 6.698778048592131995e+00 2.120426774232581635e-01 1.161401457169598458e-02 -3.299872479906767464e-01
3.639000000000000000e+03 6.686610002811629094e+00 2.114173091056667508e-01 1.160587349822079541e-02 -3.289421191391422861e-01
3.640000000000000000e+03 6.674462745587248058e+00 2.107951816853561311e-01 1.159773923944644458e-02 -3.278942415896915485e-01
3.641000000000000000e+03 6.662322419642079829e+00 2.101768840839739749e-01 1.158961175293025600e-02 -3.268430467282940066e-01
3.642000000000000000e+03 6.650189907916806753e+00 2.095615228689000353e-01 1.158149100571987007e-02 -3.257894521588848291e-01
3.643000000000000000e+03 6.638073402184262228e+00 2.089496936055385001e-01 1.157337697456949088e-02 -3.247336334500471877e-01
3.644000000000000000e+03 6.625973544070030918e+00 2.083412523631261171e-01 1.156526964612506099e-02 -3.236757672166570843e-01
3.645000000000000000e+03 6.613875995211333958e+00 2.077360585593754638e-01 1.155716901702489273e-02 -3.226160313610896835e-01
3.646000000000000000e+03 6.601796006680645590e+00 2.071347178038991654e-01 1.154907509387239663e-02 -3.215553481437821715e-01
3.647000000000000000e+03 6.589726420687072483e+00 2.065370962352649220e-01 1.154098789313971057e-02 -3.204924130728863396e-01
3.648000000000000000e+03 6.577674813321012337e+00 2.059423205268384738e-01 1.153290744098881340e-02 -3.194296378082353560e-01
3.649000000000000000e+03 6.565626354639621631e+00 2.053517492314345105e-01 1.152483377301461581e-02 -3.183649791937995799e-01
3.650000000000000000e+03 6.553595809792028604e+00 2.047637729394670703e-01 1.151676693386111984e-02 -3.173008534896173405e-01
3.651000000000000000e+03 6.541568020598349520e+00 2.041805024191650775e-01 1.150870697679143989e-02 -3.162359321105743803e-01
3.652000000000000000e+03 6.529557051301684290e+00 2.036003481360119660e-01 1.150065396316609853e-02 -3.151709846617392063e-01
3.653000000000000000e+03 6.517554480539155648e+00 2.030232122284645058e-01 1.149260796180057338e-02 -3.141060076358090924e-01
3.654000000000000000e+03 6.505559215669400430e+00 2.024504858830946941e-01 1.148456904833250469e-02 -3.130417435519842750e-01
3.655000000000000000e+03 6.493570070925274607e+00 2.018813351563767955e-01 1.147653730445223445e-02 -3.119774526324520791e-01
3.656000000000000000e+03 6.481593202910011620e+00 2.013156723103370627e-01 1.146851281713308357e-02 -3.109138843183739120e-01
3.657000000000000000e+03 6.469619833278138721e+00 2.007541558069127208e-01 1.146049567771559481e-02 -3.098510489353142328e-01
3.658000000000000000e+03 6.457648542040622885e+00 2.001959617958215809e-01 1.145248598105330119e-02 -3.087897035285558922e-01
3.659000000000000000e+03 6.445685276274430109e+00 1.996424982814486992e-01 1.144448382450900803e-02 -3.077291235183118312e-01
3.660000000000000000e+03 6.433721074162984443e+00 1.990922052679976739e-01 1.143648930705979880e-02 -3.066693313605293736e-01
3.661000000000000000e+03 6.421769216143349723e+00 1.985457545938719148e-01 1.142850252819910956e-02 -3.056110966981196997e-01
3.662000000000000000e+03 6.409805807724747950e+00 1.980038214143085840e-01 1.142052358703157626e-02 -3.045544508383773441e-01
3.663000000000000000e+03 6.397851501102489458e+00 1.974655985179564477e-01 1.141255258114158566e-02 -3.034994297314280720e-01
3.664000000000000000e+03 6.385889793122618840e+00 1.969310248170691169e-01 1.140458960569358700e-02 -3.024453312756934520e-01
3.665000000000000000e+03 6.373926461871015192e+00 1.964007853315151431e-01 1.139663475236493001e-02 -3.013936867952753951e-01
3.666000000000000000e+03 6.361959862942505595e+00 1.958740826663349366e-01 1.138868810839552270e-02 -3.003430613295950402e-01
3.667000000000000000e+03 6.349988367258112554e+00 1.953508654981892245e-01 1.138074975565733261e-02 -2.992949964461030787e-01
3.668000000000000000e+03 6.338017798594582253e+00 1.948325713905338652e-01 1.137281976971575397e-02 -2.982495533608660598e-01
3.669000000000000000e+03 6.326031728991774017e+00 1.943176697622634730e-01 1.136489821904295913e-02 -2.972053130677707600e-01
3.670000000000000000e+03 6.314043485562487845e+00 1.938068617105403735e-01 1.135698516417880076e-02 -2.961645763117209396e-01
3.671000000000000000e+03 6.302044159871792672e+00 1.933001086470209073e-01 1.134908065704703060e-02 -2.951259353656273676e-01
3.672000000000000000e+03 6.290039756920966951e+00 1.927973751080561127e-01 1.134118474026925456e-02 -2.940902168372581671e-01
3.673000000000000000e+03 6.278028916664005088e+00 1.922978858935487922e-01 1.133329744665043451e-02 -2.930567676206218275e-01
3.674000000000000000e+03 6.266010348198840063e+00 1.918030973798497130e-01 1.132541879863458931e-02 -2.920271691974867800e-01
3.675000000000000000e+03 6.253982834827560566e+00 1.913122404811373189e-01 1.131754880794574522e-02 -2.910000379190149089e-01
3.676000000000000000e+03 6.241945238287924802e+00 1.908252919599341124e-01 1.130968747527878564e-02 -2.899762249780921675e-01
3.677000000000000000e+03 6.229896502116187840e+00 1.903422315613250149e-01 1.130183479012818355e-02 -2.889565880320190128e-01
3.678000000000000000e+03 6.217843082459062032e+00 1.898622991460961473e-01 1.129399073067718050e-02 -2.879397628260504938e-01
3.679000000000000000e+03 6.205784092909442329e+00 1.893869659979095788e-01 1.128615526379375678e-02 -2.869273631678898595e-01
3.680000000000000000e+03 6.193718733451967218e+00 1.889154777791290929e-01 1.127832834515456704e-02 -2.859187812128645145e-01
3.681000000000000000e+03 6.181646290110097475e+00 1.884478258358854019e-01 1.127050991945047556e-02 -2.849134161001318777e-01
3.682000000000000000e+03 6.169566133647192530e+00 1.879840043269598304e-01 1.126269992072471103e-02 -2.839129025898660119e-01
3.683000000000000000e+03 6.157485145681834027e+00 1.875240101867492737e-01 1.125489827277909374e-02 -2.829166541859497452e-01
3.684000000000000000e+03 6.145395430486402688e+00 1.870678430872541598e-01 1.124710488968897609e-02 -2.819240917745975405e-01
3.685000000000000000e+03 6.133304024349134131e+00 1.866155053991385704e-01 1.123931967641433188e-02 -2.809361294285539490e-01
3.686000000000000000e+03 6.121203177282827035e+00 1.861662593168561808e-01 1.123154252951188460e-02 -2.799529460364364453e-01
3.687000000000000000e+03 6.109107489079239173e+00 1.857208553230496328e-01 1.122377333788930620e-02 -2.789747282724057698e-01
3.688000000000000000e+03 6.097016761107016514e+00 1.852793036419112527e-01 1.121601198369132947e-02 -2.780009278955344887e-01
3.689000000000000000e+03 6.084923417517110522e+00 1.848416170318963048e-01 1.120825834320064024e-02 -2.770324903888795043e-01
3.690000000000000000e+03 6.072834782521559838e+00 1.844070679075649200e-01 1.120051228785681058e-02 -2.760688837526770745e-01
3.691000000000000000e+03 6.060750787016873531e+00 1.839764168008337919e-01 1.119277368528054026e-02 -2.751110699764988121e-01
3.692000000000000000e+03 6.048678816483285203e+00 1.835489409763523538e-01 1.118504240034235223e-02 -2.741585338297400920e-01
3.693000000000000000e+03 6.036618845091583196e+00 1.831254057263558555e-01 1.117731829632305669e-02 -2.732122543304113527e-01
3.694000000000000000e+03 6.024570854557149246e+00 1.827050929847449656e-01 1.116960123603326013e-02 -2.722717335312938025e-01
3.695000000000000000e+03 6.012534824431036817e+00 1.822880297857341070e-01 1.116189108296193437e-02 -2.713364823135162585e-01
3.696000000000000000e+03 6.000518150623114444e+00 1.818749882168218257e-01 1.115418770245638069e-02 -2.704082490118687176e-01
3.697000000000000000e+03 5.988513350500776156e+00 1.814645140311595961e-01 1.114649096286803032e-02 -2.694858196861629751e-01
3.698000000000000000e+03 5.976535194863253686e+00 1.810573836096553146e-01 1.113880073669228955e-02 -2.685694752437287058e-01
3.699000000000000000e+03 5.964576128232501162e+00 1.806536325723599457e-01 1.113111690167853558e-02 -2.676595058770302460e-01
3.700000000000000000e+03 5.952635972911136442e+00 1.802532985645587948e-01 1.112343934188407199e-02 -2.667554683312663988e-01
3.701000000000000000e+03 5.940714383206159965e+00 1.798556875096130880e-01 1.111576794871184728e-02 -2.658584135608312859e-01
3.702000000000000000e+03 5.928825368268070051e+00 1.794608866409942716e-01 1.110810262187813570e-02 -2.649679126434451581e-01
3.703000000000000000e+03 5.916960467664962309e+00 1.790697370404741584e-01 1.110044327030590243e-02 -2.640842882066842812e-01
3.704000000000000000e+03 5.905118565843141099e+00 1.786808531103933340e-01 1.109278981292395605e-02 -2.632071297812986210e-01
3.705000000000000000e+03 5.893313313791542107e+00 1.782958223680957133e-01 1.108514217943777462e-02 -2.623367795420100679e-01
3.706000000000000000e+03 5.881528553021145633e+00 1.779132627147779477e-01 1.107750031095084721e-02 -2.614743323705320255e-01
3.707000000000000000e+03 5.869777737279680885e+00 1.775340222294190251e-01 1.106986416053088763e-02 -2.606179217357964539e-01
3.708000000000000000e+03 5.858051929901731292e+00 1.771582077772449748e-01 1.106223369364134693e-02 -2.597686624213266793e-01
3.709000000000000000e+03 5.846356942300103832e+00 1.767851849580716894e-01 1.105460888849150135e-02 -2.589269363889554199e-01
3.710000000000000000e+03 5.834691046634753242e+00 1.764150637245273101e-01 1.104698973624992399e-02 -2.580923928092144215e-01
3.711000000000000000e+03 5.823059831244656870e+00 1.760479554950153402e-01 1.103937624118218712e-02 -2.572654337529928781e-01
3.712000000000000000e+03 5.811453915363131273e+00 1.756832302665885526e-01 1.103176842060284851e-02 -2.564457285343965665e-01
3.713000000000000000e+03 5.799878663333052131e+00 1.753224879027459882e-01 1.102416630479746001e-02 -2.556329565498191569e-01
3.714000000000000000e+03 5.788331901422410830e+00 1.749636154008731015e-01 1.101656993676611990e-02 -2.548282929431414656e-01
3.715000000000000000e+03 5.776818777437682684e+00 1.746082151900089918e-01 1.100897937188259450e-02 -2.540314372520496300e-01
3.716000000000000000e+03 5.765329479616697839e+00 1.742556623981046660e-01 1.100139467741498636e-02 -2.532413562207070923e-01
3.717000000000000000e+03 5.753868954979057371e+00 1.739060761394986554e-01 1.099381593195419490e-02 -2.524599979439084985e-01
3.718000000000000000e+03 5.742442058546065375e+00 1.735588337921638025e-01 1.098624322475598783e-02 -2.516856063124698895e-01
3.719000000000000000e+03 5.731038703488453123e+00 1.732147994500944366e-01 1.097867665492332015e-02 -2.509194064808780711e-01
3.720000000000000000e+03 5.719671010600375638e+00 1.728733525303870755e-01 1.097111633058927248e-02 -2.501611478016554369e-01
3.721000000000000000e+03 5.708321318384670384e+00 1.725346162255712579e-01 1.096356236791630814e-02 -2.494105894322015127e-01
3.722000000000000000e+03 5.697009047487034294e+00 1.721987146157458737e-01 1.095601489009862331e-02 -2.486682430994375526e-01
3.723000000000000000e+03 5.685716427144637208e+00 1.718650297807597649e-01 1.094847402623069961e-02 -2.479338873523899145e-01
3.724000000000000000e+03 5.674447932526001992e+00 1.715344302524600406e-01 1.094093991016589600e-02 -2.472080531484534549e-01
3.725000000000000000e+03 5.663200582365130131e+00 1.712062996217882938e-01 1.093341267929805356e-02 -2.464897952584127749e-01
3.726000000000000000e+03 5.651978807102105762e+00 1.708807649910404070e-01 1.092589247334441530e-02 -2.457789206761525069e-01
3.727000000000000000e+03 5.640779603928912422e+00 1.705579540861151822e-01 1.091837943302604794e-02 -2.450767313531248270e-01
3.728000000000000000e+03 5.629599977091062080e+00 1.702372523687152306e-01 1.091087369882100255e-02 -2.443830527531974106e-01
3.729000000000000000e+03 5.618444378291204799e+00 1.699187886537327219e-01 1.090337540963736557e-02 -2.436969765785650111e-01
3.730000000000000000e+03 5.607302433687913812e+00 1.696034350565795989e-01 1.089588470155903634e-02 -2.430190891622134863e-01
3.731000000000000000e+03 5.596178669236735459e+00 1.692898356005151650e-01 1.088840170656054686e-02 -2.423492428473021931e-01
3.732000000000000000e+03 5.585070237365502344e+00 1.689781203392605735e-01 1.088092655126661826e-02 -2.416872987040926679e-01
3.733000000000000000e+03 5.573974356731542734e+00 1.686691624695094149e-01 1.087345935577932465e-02 -2.410338692452070886e-01
3.734000000000000000e+03 5.562903179909518769e+00 1.683623497735392549e-01 1.086600023250533162e-02 -2.403873469641262806e-01
3.735000000000000000e+03 5.551839233759130465e+00 1.680578130720207508e-01 1.085854928509408408e-02 -2.397498468933876026e-01
3.736000000000000000e+03 5.540794856083745223e+00 1.677549405018036177e-01 1.085110660745960617e-02 -2.391197781318012416e-01
3.737000000000000000e+03 5.529760206334695560e+00 1.674546059690444344e-01 1.084367228279804578e-02 -2.384977864022852501e-01
3.738000000000000000e+03 5.518740415734193938e+00 1.671561977571798252e-01 1.083624638281757355e-02 -2.378837825899882130e-01
3.739000000000000000e+03 5.507733309736023486e+00 1.668591041453272861e-01 1.082882896694872810e-02 -2.372769426214251243e-01
3.740000000000000000e+03 5.496736842958599212e+00 1.665641990267182904e-01 1.082142008179350773e-02 -2.366779358501372443e-01
3.741000000000000000e+03 5.485749104777699614e+00 1.662708705173537027e-01 1.081401976051655882e-02 -2.360866964337813290e-01
3.742000000000000000e+03 5.474783180578665309e+00 1.659792494098512317e-01 1.080662802253618340e-02 -2.355031660534549487e-01
3.743000000000000000e+03 5.463822585122070308e+00 1.656902091225833096e-01 1.079924487320625855e-02 -2.349265509651485284e-01
3.744000000000000000e+03 5.452880691695879634e+00 1.654016514739009291e-01 1.079187030365824293e-02 -2.343575503938629123e-01
3.745000000000000000e+03 5.441948734873655269e+00 1.651151921469286021e-01 1.078450429081400166e-02 -2.337961279202290799e-01
3.746000000000000000e+03 5.431032952322735419e+00 1.648302179593093830e-01 1.077714679745875141e-02 -2.332422542100000551e-01
3.747000000000000000e+03 5.420124870304952935e+00 1.645461153184789582e-01 1.076979777248243848e-02 -2.326951640764444440e-01
3.748000000000000000e+03 5.409245871532364802e+00 1.642637558422872235e-01 1.076245715123636676e-02 -2.321548420506256427e-01
3.749000000000000000e+03 5.398380336641019461e+00 1.639832678048380454e-01 1.075512485601676574e-02 -2.316212794496027016e-01
3.750000000000000000e+03 5.387527638168408295e+00 1.637032932528060813e-01 1.074780079664337459e-02 -2.310952171174594505e-01
3.751000000000000000e+03 5.376702104623664269e+00 1.634247090049308071e-01 1.074048487118347932e-02 -2.305759408934121568e-01
3.752000000000000000e+03 5.365895781003886533e+00 1.631469330469923207e-01 1.073317696676501405e-02 -2.300628393864484478e-01
3.753000000000000000e+03 5.355108225879027017e+00 1.628708752066420351e-01 1.072587696051001578e-02 -2.295568173657995259e-01
3.754000000000000000e+03 5.344346533398858234e+00 1.625959588938351852e-01 1.071858472053015439e-02 -2.290573002721774110e-01
3.755000000000000000e+03 5.333610467391627807e+00 1.623216067245472349e-01 1.071130010704553388e-02 -2.285644626405598789e-01
3.756000000000000000e+03 5.322899879784628752e+00 1.620487261451080407e-01 1.070402297351615538e-02 -2.280784851843037087e-01
3.757000000000000000e+03 5.312214700034641801e+00 1.617767380469063432e-01 1.069675316790400475e-02 -2.275995547156135779e-01
3.758000000000000000e+03 5.301554924014173054e+00 1.615058052268961708e-01 1.068949053397093459e-02 -2.271271212316127719e-01
3.759000000000000000e+03 5.290935459155763354e+00 1.612360895086824564e-01 1.068223491258986531e-02 -2.266606406710908184e-01
3.760000000000000000e+03 5.280334114105704302e+00 1.609670088642366215e-01 1.067498614311318712e-02 -2.262010605060204016e-01
3.761000000000000000e+03 5.269773298453332977e+00 1.606987230413854661e-01 1.066774406476465355e-02 -2.257478483227575716e-01
3.762000000000000000e+03 5.259245726986916836e+00 1.604313906869838657e-01 1.066050851799544598e-02 -2.253019630822500619e-01
3.763000000000000000e+03 5.248758977547573146e+00 1.601644264707676180e-01 1.065327934590486886e-02 -2.248621408639439601e-01
3.764000000000000000e+03 5.238305765487515586e+00 1.598987295501629047e-01 1.064605639554524336e-02 -2.244286089578990118e-01
3.765000000000000000e+03 5.227893645149521262e+00 1.596344550256449113e-01 1.063883951930546384e-02 -2.240016001095980203e-01
3.766000000000000000e+03 5.217522713223099018e+00 1.593702710670447109e-01 1.063162857615902561e-02 -2.235813524320616752e-01
3.767000000000000000e+03 5.207193025939116815e+00 1.591063302157594561e-01 1.062442343291270311e-02 -2.231666236447245044e-01
3.768000000000000000e+03 5.196904588454172469e+00 1.588435265127494667e-01 1.061722396535344851e-02 -2.227584051539278631e-01
3.769000000000000000e+03 5.186657344874793907e+00 1.585812669573014866e-01 1.061003005934873199e-02 -2.223569506142174523e-01
3.770000000000000000e+03 5.176466025715160235e+00 1.583196999768864133e-01 1.060284161183569669e-02 -2.219610329903592971e-01
3.771000000000000000e+03 5.166308141022825318e+00 1.580589725577956906e-01 1.059565853171519530e-02 -2.215716586247674924e-01
3.772000000000000000e+03 5.156205684709023629e+00 1.577984873766780927e-01 1.058848074068871430e-02 -2.211876101147660367e-01
3.773000000000000000e+03 5.146150844494762566e+00 1.575383884381470201e-01 1.058130817389358984e-02 -2.208099032046791921e-01
3.774000000000000000e+03 5.136143138145739861e+00 1.572788182082074382e-01 1.057414078048301773e-02 -2.204380724872394837e-01
3.775000000000000000e+03 5.126181980693427676e+00 1.570199175836574645e-01 1.056697852407890645e-02 -2.200716569444753079e-01
3.776000000000000000e+03 5.116266681138466055e+00 1.567610830274207279e-01 1.055982138309658619e-02 -2.197116854826737797e-01
3.777000000000000000e+03 5.106403868669507240e+00 1.565024522099553728e-01 1.055266935089404362e-02 -2.193562197811618764e-01
3.778000000000000000e+03 5.096585206669061563e+00 1.562441611464931712e-01 1.054552243585289185e-02 -2.190070396604748559e-01
3.779000000000000000e+03 5.086817106371676722e+00 1.559863441703465692e-01 1.053838066124332569e-02 -2.186629574140172838e-01
3.780000000000000000e+03 5.077098443270920747e+00 1.557291339070751013e-01 1.053124406506303345e-02 -2.183250174942067412e-01
3.781000000000000000e+03 5.067420559768630817e+00 1.554719184147158317e-01 1.052411269961955713e-02 -2.179912965022392235e-01
3.782000000000000000e+03 5.057796982395034391e+00 1.552148268299205214e-01 1.051698663110074879e-02 -2.176628456977256210e-01
3.783000000000000000e+03 5.048218856664868248e+00 1.549579865100772502e-01 1.050986593893362374e-02 -2.173392338122034362e-01
3.784000000000000000e+03 5.038684666531914935e+00 1.547007801763367607e-01 1.050275071504680816e-02 -2.170207753726909883e-01
3.785000000000000000e+03 5.029200241485907164e+00 1.544448172326683133e-01 1.049564106306628310e-02 -2.167070448451539622e-01
3.786000000000000000e+03 5.019763907930250291e+00 1.541879910656569486e-01 1.048853709729214052e-02 -2.163983621133186430e-01
3.787000000000000000e+03 5.010359069819873667e+00 1.539319073755317790e-01 1.048143894171182228e-02 -2.160935637781335183e-01
3.788000000000000000e+03 5.001006216930736770e+00 1.536751986427344063e-01 1.047434672882754242e-02 -2.157929742985898736e-01
3.789000000000000000e+03 4.991688651917446151e+00 1.534194667907502196e-01 1.046726059845505367e-02 -2.154969201188688677e-01
3.790000000000000000e+03 4.982404499971994305e+00 1.531633404894977568e-01 1.046018069639063214e-02 -2.152042437926473817e-01
3.791000000000000000e+03 4.973159292227079753e+00 1.529069321498371381e-01 1.045310717311478260e-02 -2.149160179502270507e-01
3.792000000000000000e+03 4.963951121248514120e+00 1.526503522388357736e-01 1.044604018236250202e-02 -2.146310880784299269e-01
3.793000000000000000e+03 4.954778081908230547e+00 1.523937092658851633e-01 1.043897987969612598e-02 -2.143505293195971662e-01
3.794000000000000000e+03 4.945630855771435463e+00 1.521371097696221086e-01 1.043192642108188573e-02 -2.140724464144889982e-01
3.795000000000000000e+03 4.936522437334292412e+00 1.518806583057219217e-01 1.042487996141727019e-02 -2.137979161704615660e-01
3.796000000000000000e+03 4.927436148390255788e+00 1.516237146004325576e-01 1.041784065308211035e-02 -2.135265302398047238e-01
3.797000000000000000e+03 4.918377649163629073e+00 1.513671220450119870e-01 1.041080864450721205e-02 -2.132586234143076243e-01
3.798000000000000000e+03 4.909345237337486623e+00 1.511094935107191450e-01 1.040378407879043697e-02 -2.129930449114033064e-01
3.799000000000000000e+03 4.900344716815554058e+00 1.508524111849249005e-01 1.039676709229577986e-02 -2.127301295076849119e-01
3.800000000000000000e+03 4.891359695902847804e+00 1.505944838824811449e-01 1.038975781342821661e-02 -2.124694688301679291e-01
3.801000000000000000e+03 4.882396220632517547e+00 1.503365466611264190e-01 1.038275636131339233e-02 -2.122106777056698701e-01
3.802000000000000000e+03 4.873453228360393297e+00 1.500779459726924447e-01 1.037576284473538078e-02 -2.119549507789532661e-01
3.803000000000000000e+03 4.864529828943805256e+00 1.498195116637891788e-01 1.036877736099050054e-02 -2.117005341660100626e-01
3.804000000000000000e+03 4.855625261154150607e+00 1.495605858524079179e-01 1.036179999498986620e-02 -2.114486442323866566e-01
3.805000000000000000e+03 4.846731472011997610e+00 1.493012514282588687e-01 1.035483081836671357e-02 -2.111990104011611247e-01
3.806000000000000000e+03 4.837862836841949843e+00 1.490408463786162818e-01 1.034786988875445284e-02 -2.109506178118878139e-01
3.807000000000000000e+03 4.829004166379379903e+00 1.487809351250433121e-01 1.034091724915031305e-02 -2.107046784906151937e-01
3.808000000000000000e+03 4.820162709630467113e+00 1.485201086754617261e-01 1.033397292746169802e-02 -2.104601741761120137e-01
3.809000000000000000e+03 4.811338443685403199e+00 1.482584416323066701e-01 1.032703693610612615e-02 -2.102175703379462191e-01
3.810000000000000000e+03 4.802531504055259859e+00 1.479967493560674363e-01 1.032010927185543665e-02 -2.099765875213056854e-01
3.811000000000000000e+03 4.793734757058147444e+00 1.477343594595877940e-01 1.031318991568852192e-02 -2.097376868738121958e-01
3.812000000000000000e+03 4.784956084345322047e+00 1.474720831480743066e-01 1.030627883291236266e-02 -2.094998415045496998e-01
3.813000000000000000e+03 4.776196096064845520e+00 1.472085010446617104e-01 1.029937597332461832e-02 -2.092635076952996387e-01
3.814000000000000000e+03 4.767455556177123022e+00 1.469451630368777684e-01 1.029248127158024183e-02 -2.090291391088974216e-01
3.815000000000000000e+03 4.758727949843441607e+00 1.466806455984799862e-01 1.028559464762674250e-02 -2.087949581696463830e-01
3.816000000000000000e+03 4.750021763023815069e+00 1.464164944722953776e-01 1.027871600735034453e-02 -2.085628986361261483e-01
3.817000000000000000e+03 4.741330762475440608e+00 1.461505391583997060e-01 1.027184524326771146e-02 -2.083319199854653248e-01
3.818000000000000000e+03 4.732663701461810035e+00 1.458850641034077911e-01 1.026498223541622359e-02 -2.081009786595583166e-01
3.819000000000000000e+03 4.724014597633135359e+00 1.456178946849663314e-01 1.025812685228067421e-02 -2.078719993178455572e-01
3.820000000000000000e+03 4.715385008406975054e+00 1.453505684024814781e-01 1.025127895186117924e-02 -2.076431892408448221e-01
3.821000000000000000e+03 4.706776592079466859e+00 1.450831350380825391e-01 1.024443838286973746e-02 -2.074157237700279821e-01
3.822000000000000000e+03 4.698191096510003995e+00 1.448141566635644251e-01 1.023760498591684207e-02 -2.071885463927145565e-01
3.823000000000000000e+03 4.689630347127356380e+00 1.445451646581057403e-01 1.023077859487791716e-02 -2.069613400173502260e-01
3.824000000000000000e+03 4.681096234362221331e+00 1.442747170364735432e-01 1.022395903821690308e-02 -2.067352697482572055e-01
3.825000000000000000e+03 4.672590700615898207e+00 1.440043411382679883e-01 1.021714614046295537e-02 -2.065100114895445649e-01
3.826000000000000000e+03 4.664108298529640706e+00 1.437325909576155081e-01 1.021033972361789707e-02 -2.062844947277227559e-01
3.827000000000000000e+03 4.655665890773111215e+00 1.434609898339128109e-01 1.020353960870295368e-02 -2.060591309876398658e-01
3.828000000000000000e+03 4.647243209518204132e+00 1.431880877830507548e-01 1.019674561718911937e-02 -2.058335852808989841e-01
3.829000000000000000e+03 4.638864554576096033e+00 1.429146613546756761e-01 1.018995757253741627e-02 -2.056082617316134231e-01
3.830000000000000000e+03 4.630509639608619388e+00 1.426399994700269791e-01 1.018317530161870661e-02 -2.053828178636332713e-01
3.831000000000000000e+03 4.622187862294338423e+00 1.423648747756736943e-01 1.017639863620584985e-02 -2.051576502291182769e-01
3.832000000000000000e+03 4.613908577958254043e+00 1.420893151529503684e-01 1.016962741433783714e-02 -2.049316658625160159e-01
3.833000000000000000e+03 4.605658802033304688e+00 1.418126037331875755e-01 1.016286148168389636e-02 -2.047052535798843387e-01
3.834000000000000000e+03 4.597447768265311652e+00 1.415355074188658080e-01 1.015610069278718823e-02 -2.044787982677064297e-01
3.835000000000000000e+03 4.589277204111532171e+00 1.412573055602870664e-01 1.014934491231309598e-02 -2.042511951709877205e-01
3.836000000000000000e+03 4.581141320334722877e+00 1.409787613133395290e-01 1.014259401610496589e-02 -2.040235640251228666e-01
3.837000000000000000e+03 4.573049086533713670e+00 1.406991503177724145e-01 1.013584789220561486e-02 -2.037947920010643454e-01
3.838000000000000000e+03 4.564994509191130589e+00 1.404192320564566498e-01 1.012910644176041701e-02 -2.035652478336063831e-01
3.839000000000000000e+03 4.556978909216271134e+00 1.401390213702555232e-01 1.012236957979060527e-02 -2.033352961023345007e-01
3.840000000000000000e+03 4.549003487195398598e+00 1.398577884787262637e-01 1.011563723584310397e-02 -2.031038115098458829e-01
3.841000000000000000e+03 4.541069318155713574e+00 1.395755446716059056e-01 1.010890935452868518e-02 -2.028711501673419182e-01
3.842000000000000000e+03 4.533177347537118429e+00 1.392930423310135002e-01 1.010218589589896403e-02 -2.026384067020882140e-01
3.843000000000000000e+03 4.525320960054753705e+00 1.390102892843168847e-01 1.009546683569781736e-02 -2.024037000215358761e-01
3.844000000000000000e+03 4.517508263226001297e+00 1.387272916627699249e-01 1.008875216548487004e-02 -2.021673730945262315e-01
3.845000000000000000e+03 4.509732373719716136e+00 1.384433110908115105e-01 1.008204189260005629e-02 -2.019297643788853236e-01
3.846000000000000000e+03 4.501993703430198224e+00 1.381583503811297242e-01 1.007533603997987429e-02 -2.016912077507961309e-01
3.847000000000000000e+03 4.494292533410880530e+00 1.378738963953184404e-01 1.006863464586015867e-02 -2.014505467608765921e-01
3.848000000000000000e+03 4.486629017394702323e+00 1.375884630600477110e-01 1.006193776329865168e-02 -2.012081058972050862e-01
3.849000000000000000e+03 4.479003186516038681e+00 1.373020484040460842e-01 1.005524545966128384e-02 -2.009634620002620775e-01
3.850000000000000000e+03 4.471400098487288588e+00 1.370153917506712060e-01 1.004855781580056909e-02 -2.007176726851150061e-01
3.851000000000000000e+03 4.463834486772341847e+00 1.367284827510610035e-01 1.004187492535607747e-02 -2.004695665905436297e-01
3.852000000000000000e+03 4.456298986431352027e+00 1.364412882736942834e-01 1.003519689369721836e-02 -2.002194709949886020e-01
3.853000000000000000e+03 4.448793640196352150e+00 1.361537684075674881e-01 1.002852383694854618e-02 -1.999677125285364843e-01
3.854000000000000000e+03 4.441318407859253803e+00 1.358658818165307813e-01 1.002185588079368417e-02 -1.997131269023560418e-01
3.855000000000000000e+03 4.433873176884924661e+00 1.355775857692873565e-01 1.001519315926870622e-02 -1.994567729916784105e-01
3.856000000000000000e+03 4.426442917002548327e+00 1.352880933348060422e-01 1.000853581345565423e-02 -1.991982185678880246e-01
3.857000000000000000e+03 4.419042262171780422e+00 1.349988447532635694e-01 1.000188399009525886e-02 -1.989377687106070325e-01
3.858000000000000000e+03 4.411663524457240193e+00 1.347090504570520320e-01 9.995237840203882729e-03 -1.986742372099404574e-01
3.859000000000000000e+03 4.404306420102437336e+00 1.344186624424534571e-01 9.988597517548195373e-03 -1.984086606496779925e-01
3.860000000000000000e+03 4.396955797379731301e+00 1.341276314663377989e-01 9.981963177251501618e-03 -1.981405841416918057e-01
3.861000000000000000e+03 4.389633648050470072e+00 1.338366499133275545e-01 9.975334974237493393e-03 -1.978702897422998652e-01
3.862000000000000000e+03 4.382317408506842149e+00 1.335441804879900218e-01 9.968713061753134430e-03 -1.975965678609967469e-01
3.863000000000000000e+03 4.375021684483939133e+00 1.332523989275487541e-01 9.962097589898825586e-03 -1.973204313522110287e-01
3.864000000000000000e+03 4.367731408511878577e+00 1.329590228492773529e-01 9.955488704198342184e-03 -1.970421440954527315e-01
3.865000000000000000e+03 4.360453850599338210e+00 1.326662258036704622e-01 9.948886544162328580e-03 -1.967604780844939283e-01
3.866000000000000000e+03 4.353181488227011009e+00 1.323724661221044319e-01 9.942291241952621803e-03 -1.964764275312133601e-01
3.867000000000000000e+03 4.345914302546764141e+00 1.320784296300762661e-01 9.935702921106662547e-03 -1.961894946242182802e-01
3.868000000000000000e+03 4.338659788829261288e+00 1.317840583402237475e-01 9.929121695324612945e-03 -1.958999179730975260e-01
3.869000000000000000e+03 4.331403252712012097e+00 1.314892933205105141e-01 9.922547667340237201e-03 -1.956071868835536354e-01
3.870000000000000000e+03 4.324159817411539208e+00 1.311940747273737107e-01 9.915980927932277478e-03 -1.953122698138129998e-01
3.871000000000000000e+03 4.316907576359946042e+00 1.308983418389169928e-01 9.909421554985040417e-03 -1.950139001576506881e-01
3.872000000000000000e+03 4.309661883452091224e+00 1.306020330880234281e-01 9.902869612725120549e-03 -1.947130332196073954e-01
3.873000000000000000e+03 4.302415931879595590e+00 1.303058289305198680e-01 9.896325151018132982e-03 -1.944083891771902217e-01
3.874000000000000000e+03 4.295170472005897189e+00 1.300089233731230309e-01 9.889788204843647304e-03 -1.941016529059305107e-01
3.875000000000000000e+03 4.287926386284992120e+00 1.297119953464924980e-01 9.883258793902786193e-03 -1.937907884517368895e-01
3.876000000000000000e+03 4.280677262943092920e+00 1.294142373980365912e-01 9.876736922323672840e-03 -1.934774673765500830e-01
3.877000000000000000e+03 4.273431681803446125e+00 1.291163270647931738e-01 9.870222578531493221e-03 -1.931611260814842801e-01
3.878000000000000000e+03 4.266176072042203948e+00 1.288181984010017822e-01 9.863715735276090343e-03 -1.928411943231692072e-01
3.879000000000000000e+03 4.258926708882513346e+00 1.285197848457005909e-01 9.857216349765152846e-03 -1.925185809030978967e-01
3.880000000000000000e+03 4.251670283784412696e+00 1.282202764200976453e-01 9.850724363980432538e-03 -1.921927023546056712e-01
3.881000000000000000e+03 4.244415898662767361e+00 1.279218339350353117e-01 9.844239705058864878e-03 -1.918637114828000145e-01
3.882000000000000000e+03 4.237157918713179150e+00 1.276221606728530633e-01 9.837762285894535372e-03 -1.915317545720261749e-01
3.883000000000000000e+03 4.229905679248995298e+00 1.273226736047029239e-01 9.831292005808950699e-03 -1.911962286006443079e-01
3.884000000000000000e+03 4.222653764651909114e+00 1.270225607422362513e-01 9.824828751345947991e-03 -1.908580098029761252e-01
3.885000000000000000e+03 4.215396856407720882e+00 1.267224953444776869e-01 9.818372397195157530e-03 -1.905164823929580697e-01
3.886000000000000000e+03 4.208144580202728413e+00 1.264224074443299484e-01 9.811922807235216870e-03 -1.901717671392952058e-01
3.887000000000000000e+03 4.200899210414531737e+00 1.261222267150987064e-01 9.805479835633491847e-03 -1.898239786065900048e-01
3.888000000000000000e+03 4.193655658892009974e+00 1.258218825018171949e-01 9.799043328065897701e-03 -1.894732252371367220e-01
3.889000000000000000e+03 4.186416319774942885e+00 1.255213038524749247e-01 9.792613122983708646e-03 -1.891196094377997072e-01
3.890000000000000000e+03 4.179191057057341396e+00 1.252211623841024690e-01 9.786189052985826489e-03 -1.887632276715688062e-01
3.891000000000000000e+03 4.171960049955163008e+00 1.249206438087226562e-01 9.779770946167743242e-03 -1.884034277182436157e-01
3.892000000000000000e+03 4.164748063197704298e+00 1.246204193042670799e-01 9.773358627593275311e-03 -1.880402944438191448e-01
3.893000000000000000e+03 4.157542721752307102e+00 1.243196742052489062e-01 9.766951920742665549e-03 -1.876746499028447701e-01
3.894000000000000000e+03 4.150346495760685706e+00 1.240198222085489299e-01 9.760550648970517731e-03 -1.873058249382708040e-01
3.895000000000000000e+03 4.143161830350970298e+00 1.237193055587978846e-01 9.754154636986703958e-03 -1.869338877934220156e-01
3.896000000000000000e+03 4.135983703948364010e+00 1.234195377590349141e-01 9.747763712321073221e-03 -1.865596442201646055e-01
3.897000000000000000e+03 4.128829328602773963e+00 1.231189609209202840e-01 9.741377706727834956e-03 -1.861816662479756079e-01
3.898000000000000000e+03 4.121678710496768261e+00 1.228197313102612348e-01 9.734996457579407625e-03 -1.858014921384888996e-01
3.899000000000000000e+03 4.114548921251818037e+00 1.225195481919540141e-01 9.728619809220944575e-03 -1.854176838145094319e-01
3.900000000000000000e+03 4.107442087883855564e+00 1.222205678804540591e-01 9.722247614226105575e-03 -1.850317696486034613e-01
3.901000000000000000e+03 4.100345410907333843e+00 1.219219705062291742e-01 9.715879734581531202e-03 -1.846437740701898922e-01
3.902000000000000000e+03 4.093268382976025244e+00 1.216236594806770904e-01 9.709516042817802756e-03 -1.842521772011056769e-01
3.903000000000000000e+03 4.086212979305796189e+00 1.213255334312642181e-01 9.703156423013000603e-03 -1.838591552741556667e-01
3.904000000000000000e+03 4.079181048801814313e+00 1.210274911448123436e-01 9.696800771688447729e-03 -1.834624230387994770e-01
3.905000000000000000e+03 4.072166878518497235e+00 1.207301744322951953e-01 9.690448998637454792e-03 -1.830634050445159866e-01
3.906000000000000000e+03 4.065179472621657908e+00 1.204334824885664873e-01 9.684101027551609078e-03 -1.826620358904894326e-01
3.907000000000000000e+03 4.058212834052692841e+00 1.201373147569819860e-01 9.677756796613180834e-03 -1.822575031521586064e-01
3.908000000000000000e+03 4.051260817488218535e+00 1.198408281239650292e-01 9.671416258874927091e-03 -1.818504759740883214e-01
3.909000000000000000e+03 4.044331983524467766e+00 1.195454082884997160e-01 9.665079382609022621e-03 -1.814408766489905844e-01
3.910000000000000000e+03 4.037427312353710107e+00 1.192502127814097229e-01 9.658746151370268054e-03 -1.810278806976480526e-01
3.911000000000000000e+03 4.030540203742610572e+00 1.189558851696406322e-01 9.652416564076558500e-03 -1.806128882851058548e-01
3.912000000000000000e+03 4.023678763308762285e+00 1.186615837452744682e-01 9.646090634859124865e-03 -1.801943244474374928e-01
3.913000000000000000e+03 4.016828663227354212e+00 1.183672100595526966e-01 9.639768392803921282e-03 -1.797735818398398799e-01
3.914000000000000000e+03 4.010005144347240424e+00 1.180741517866886053e-01 9.633449881546338189e-03 -1.793498209554393596e-01
3.915000000000000000e+03 4.003193594222282492e+00 1.177808257422883753e-01 9.627135158780523658e-03 -1.789236843604681271e-01
3.916000000000000000e+03 3.996401551517793749e+00 1.174886205919868226e-01 9.620824295584877797e-03 -1.784943254106005628e-01
3.917000000000000000e+03 3.989628999628164863e+00 1.171966970344449493e-01 9.614517375663014093e-03 -1.780623796439684270e-01
3.918000000000000000e+03 3.982868374691982627e+00 1.169057020044114020e-01 9.608214494483059004e-03 -1.776269934907684367e-01
3.919000000000000000e+03 3.976119431227977508e+00 1.166147973603106625e-01 9.601915758293446193e-03 -1.771895384950978591e-01
3.920000000000000000e+03 3.969381823556549005e+00 1.163246312517481618e-01 9.595621283054831668e-03 -1.767491543489711214e-01
3.921000000000000000e+03 3.962655116315686232e+00 1.160351096415339345e-01 9.589331193277204554e-03 -1.763064631092738921e-01
3.922000000000000000e+03 3.955938795623228366e+00 1.157453963324187179e-01 9.583045620822917485e-03 -1.758605978976795214e-01
3.923000000000000000e+03 3.949232280781419302e+00 1.154568843336361700e-01 9.576764703590754865e-03 -1.754121742792368044e-01
3.924000000000000000e+03 3.942527508064836095e+00 1.151687388767713982e-01 9.570488584191176595e-03 -1.749610617947658653e-01
3.925000000000000000e+03 3.935823799880802554e+00 1.148816116165100182e-01 9.564217408563046099e-03 -1.745071268327705039e-01
3.926000000000000000e+03 3.929127877436193739e+00 1.145946693157387231e-01 9.557951324584217437e-03 -1.740502326661474142e-01
3.927000000000000000e+03 3.922431588443308303e+00 1.143085652103643102e-01 9.551690480677582640e-03 -1.735917251593209754e-01
3.928000000000000000e+03 3.915734204901696991e+00 1.140232105285472197e-01 9.545435024356401996e-03 -1.731307186309081758e-01
3.929000000000000000e+03 3.909035007335451173e+00 1.137377745144300817e-01 9.539185100859132183e-03 -1.726670672330033462e-01
3.930000000000000000e+03 3.902340725474234606e+00 1.134536557914717775e-01 9.532940851784727984e-03 -1.722013649919258704e-01
3.931000000000000000e+03 3.895635836813253317e+00 1.131707682100553669e-01 9.526702413712707929e-03 -1.717334601811197903e-01
3.932000000000000000e+03 3.888934576548957800e+00 1.128875408695438620e-01 9.520469916980940986e-03 -1.712631982017789323e-01
3.933000000000000000e+03 3.882221521679874332e+00 1.126061179850305072e-01 9.514243484418510866e-03 -1.707911644663527295e-01
3.934000000000000000e+03 3.875503599682089018e+00 1.123249305579831492e-01 9.508023230217909835e-03 -1.703171987804447673e-01
3.935000000000000000e+03 3.868780384561944174e+00 1.120446390767520922e-01 9.501809258851474926e-03 -1.698411382334442665e-01
3.936000000000000000e+03 3.862044105455376908e+00 1.117644193610666248e-01 9.495601664118120955e-03 -1.693635600932675567e-01
3.937000000000000000e+03 3.855294510997988144e+00 1.114856767561684808e-01 9.489400528245362648e-03 -1.688842962002934656e-01
3.938000000000000000e+03 3.848538875996841302e+00 1.112075891409498724e-01 9.483205921136370065e-03 -1.684024330360132660e-01
3.939000000000000000e+03 3.841769721996857179e+00 1.109308211206999906e-01 9.477017899731711784e-03 -1.679192831365682315e-01
3.940000000000000000e+03 3.834994535196078136e+00 1.106538098689382882e-01 9.470836507430961670e-03 -1.674346709959520230e-01
3.941000000000000000e+03 3.828206056418175685e+00 1.103787078237921659e-01 9.464661773740440723e-03 -1.669491616546064094e-01
3.942000000000000000e+03 3.821397140019390459e+00 1.101039543532833787e-01 9.458493713952157919e-03 -1.664618322829394259e-01
3.943000000000000000e+03 3.814583039961989108e+00 1.098302184503210932e-01 9.452332329000206340e-03 -1.659732436152818458e-01
3.944000000000000000e+03 3.807764267896773802e+00 1.095574274066402204e-01 9.446177605473761452e-03 -1.654839543788453327e-01
3.945000000000000000e+03 3.800926591813938771e+00 1.092855096612174726e-01 9.440029515678398375e-03 -1.649937785627446918e-01
3.946000000000000000e+03 3.794078175278927212e+00 1.090143948128667745e-01 9.433888017920603886e-03 -1.645025283622209566e-01
3.947000000000000000e+03 3.787219860376819458e+00 1.087447564672059108e-01 9.427753056829588432e-03 -1.640100142925143001e-01
3.948000000000000000e+03 3.780352591306560761e+00 1.084757837427491878e-01 9.421624563886640477e-03 -1.635175309775094288e-01
3.949000000000000000e+03 3.773477408571745517e+00 1.082081526215219192e-01 9.415502457995343980e-03 -1.630241430975969963e-01
3.950000000000000000e+03 3.766595442174931030e+00 1.079410546187055953e-01 9.409386646248510053e-03 -1.625303996918827654e-01
3.951000000000000000e+03 3.759700446611024205e+00 1.076751673589364106e-01 9.403277024696825998e-03 -1.620360892570260614e-01
3.952000000000000000e+03 3.752800990564435946e+00 1.074104237607800688e-01 9.397173479279674960e-03 -1.615409331359687062e-01
3.953000000000000000e+03 3.745890820908038155e+00 1.071460143632857048e-01 9.391075886879684739e-03 -1.610461209058794418e-01
3.954000000000000000e+03 3.738986023329082808e+00 1.068833594461919556e-01 9.384984116344519817e-03 -1.605506128697067880e-01
3.955000000000000000e+03 3.732065584892504173e+00 1.066216520261919765e-01 9.378898029678901793e-03 -1.600541115383311286e-01
3.956000000000000000e+03 3.725153094771200823e+00 1.063608292028849350e-01 9.372817483229819308e-03 -1.595578046092521463e-01
3.957000000000000000e+03 3.718235020887906472e+00 1.061015721639561871e-01 9.366742328980536339e-03 -1.590613937714291659e-01
3.958000000000000000e+03 3.711320124936523968e+00 1.058430776847432697e-01 9.360672415826722451e-03 -1.585653233558519948e-01
3.959000000000000000e+03 3.704409737035087691e+00 1.055860294724020043e-01 9.354607590874598408e-03 -1.580685519762538016e-01
3.960000000000000000e+03 3.697505172076232860e+00 1.053296268292571863e-01 9.348547700809383201e-03 -1.575715240146352836e-01
3.961000000000000000e+03 3.690600289434192494e+00 1.050745559959083558e-01 9.342492593169181292e-03 -1.570746840957420731e-01
3.962000000000000000e+03 3.683703766240822297e+00 1.048207616485441751e-01 9.336442117702486998e-03 -1.565777343952783340e-01
3.963000000000000000e+03 3.676816800836788968e+00 1.045681897359021090e-01 9.330396127650530252e-03 -1.560803776163003920e-01
3.964000000000000000e+03 3.669933101655211694e+00 1.043167874807433143e-01 9.324354480966919045e-03 -1.555838027982124894e-01
3.965000000000000000e+03 3.663061161640476460e+00 1.040665033808133993e-01 9.318317041550587196e-03 -1.550862284428864146e-01
3.966000000000000000e+03 3.656201963146306078e+00 1.038172872093653804e-01 9.312283680393666080e-03 -1.545888453277921848e-01
3.967000000000000000e+03 3.649348968557381223e+00 1.035690900152902993e-01 9.306254276632055719e-03 -1.540921024601157596e-01
3.968000000000000000e+03 3.642510396718936061e+00 1.033226069578117440e-01 9.300228718557361843e-03 -1.535949643669427267e-01
3.969000000000000000e+03 3.635679501749524256e+00 1.030770488006810259e-01 9.294206904548818829e-03 -1.530978825561713774e-01
3.970000000000000000e+03 3.628864279560720885e+00 1.028323704162072694e-01 9.288188743837084982e-03 -1.526013099624148883e-01
3.971000000000000000e+03 3.622065176890982841e+00 1.025892707837273016e-01 9.282174157275380894e-03 -1.521042153879768877e-01
3.972000000000000000e+03 3.615282514758106913e+00 1.023477073177775643e-01 9.276163077900712386e-03 -1.516085406186730711e-01
3.973000000000000000e+03 3.608509056272068083e+00 1.021068215823759395e-01 9.270155451465074067e-03 -1.511125150088441227e-01
3.974000000000000000e+03 3.601759717291627361e+00 1.018673163606193394e-01 9.264151236782041873e-03 -1.506165982561032957e-01
3.975000000000000000e+03 3.595019566343923945e+00 1.016290785797540897e-01 9.258150405995868581e-03 -1.501212519849956795e-01
3.976000000000000000e+03 3.588295822574758098e+00 1.013920707100239432e-01 9.252152944730465331e-03 -1.496269398300442144e-01
3.977000000000000000e+03 3.581588142975349331e+00 1.011562564777218343e-01 9.246158852077652340e-03 -1.491326418427462441e-01
3.978000000000000000e+03 3.574896052480602826e+00 1.009216751448924754e-01 9.240168140496062693e-03 -1.486388259028795511e-01
3.979000000000000000e+03 3.568218946818412896e+00 1.006883672217333270e-01 9.234180835587942407e-03 -1.481459621140236993e-01
3.980000000000000000e+03 3.561556096431178098e+00 1.004562258951935266e-01 9.228196975753480760e-03 -1.476530371932506525e-01
3.981000000000000000e+03 3.554906651430626674e+00 1.002253684417717672e-01 9.222216611741997430e-03 -1.471612687006000342e-01
3.982000000000000000e+03 3.548269647537831695e+00 9.999576480502157805e-02 9.216239806057579392e-03 -1.466703909128567185e-01
3.983000000000000000e+03 3.541651441301288283e+00 9.976731187373981402e-02 9.210266632298503425e-03 -1.461801405375230678e-01
3.984000000000000000e+03 3.535043432777082106e+00 9.954005632683815552e-02 9.204297174398278977e-03 -1.456909995868926888e-01
3.985000000000000000e+03 3.528444359099783600e+00 9.931404606040686311e-02 9.198331525775290188e-03 -1.452019669074809671e-01
3.986000000000000000e+03 3.521852875361895840e+00 9.908925589800494926e-02 9.192369788350810561e-03 -1.447150152204881579e-01
3.987000000000000000e+03 3.515274992817764677e+00 9.886566186752686336e-02 9.186412071604987267e-03 -1.442284056331197828e-01
3.988000000000000000e+03 3.508709232567517766e+00 9.864316691086244537e-02 9.180458491445629698e-03 -1.437426303416994566e-01
3.989000000000000000e+03 3.502146636378128619e+00 9.842197229412980031e-02 9.174509169130175973e-03 -1.432581841466154249e-01
3.990000000000000000e+03 3.495585634540462117e+00 9.820190904861422765e-02 9.168564230056889044e-03 -1.427755644695535009e-01
3.991000000000000000e+03 3.489039485610012203e+00 9.798303223082843738e-02 9.162623802600713269e-03 -1.422937856985647120e-01
3.992000000000000000e+03 3.482499146175840998e+00 9.776532378021596248e-02 9.156688016891045487e-03 -1.418133505413868567e-01
3.993000000000000000e+03 3.475962995806680667e+00 9.754884107749574318e-02 9.150757003593018926e-03 -1.413340215322758109e-01
3.994000000000000000e+03 3.469429420166676437e+00 9.733349408511737799e-02 9.144830892678755194e-03 -1.408570495480300500e-01
3.995000000000000000e+03 3.462896822298405120e+00 9.711934247186856939e-02 9.138909812205761596e-03 -1.403814596433193840e-01
3.996000000000000000e+03 3.456371061972673964e+00 9.690637275250746363e-02 9.132993887169859118e-03 -1.399077652361487289e-01
3.997000000000000000e+03 3.449843181255938696e+00 9.669457256107720500e-02 9.127083238327627843e-03 -1.394357396134836835e-01
3.998000000000000000e+03 3.443319128053785594e+00 9.648385635675972571e-02 9.121177981107396124e-03 -1.389659016126030266e-01
3.999000000000000000e+03 3.436797480638577706e+00 9.627421397982052764e-02 9.115278224570288676e-03 -1.384980299635097389e-01
4.000000000000000000e+03 3.430269456579922327e+00 9.606578492363680721e-02 9.109384070432113151e-03 -1.380319061377628664e-01
4.001000000000000000e+03 3.423741156336927105e+00 9.585841555798624292e-02 9.103495612136974433e-03 -1.375680515440873830e-01
4.002000000000000000e+03 3.417211136625528667e+00 9.565211362628410485e-02 9.097612934049833719e-03 -1.371062249112342812e-01
4.003000000000000000e+03 3.410685422667612876e+00 9.544696514070839799e-02 9.091736110732197285e-03 -1.366461821073934602e-01
4.004000000000000000e+03 3.404147850099283446e+00 9.524290858232718759e-02 9.085865206258625024e-03 -1.361891674872460767e-01
4.005000000000000000e+03 3.397612068112544570e+00 9.503995773790449575e-02 9.080000273709308220e-03 -1.357334569066167007e-01
4.006000000000000000e+03 3.391069544702009608e+00 9.483812740229624616e-02 9.074141354729114983e-03 -1.352810432652994388e-01
4.007000000000000000e+03 3.384519282747038282e+00 9.463743336392088645e-02 9.068288479179745232e-03 -1.348302081871035896e-01
4.008000000000000000e+03 3.377975250008500296e+00 9.443781810624173045e-02 9.062441664949166115e-03 -1.343822075684397432e-01
4.009000000000000000e+03 3.371421809632192623e+00 9.423937364289464158e-02 9.056600917793563091e-03 -1.339360717692846536e-01
4.010000000000000000e+03 3.364865718166546227e+00 9.404204436777494069e-02 9.050766231398150660e-03 -1.334923198274409195e-01
4.011000000000000000e+03 3.358298982350597317e+00 9.384577560578591382e-02 9.044937587460138984e-03 -1.330514738303086031e-01
4.012000000000000000e+03 3.351735998399195005e+00 9.365066216317687042e-02 9.039114955887132472e-03 -1.326125732894200826e-01
4.013000000000000000e+03 3.345168978462012888e+00 9.345665117638492225e-02 9.033298295174871026e-03 -1.321768893627201236e-01
4.014000000000000000e+03 3.338597659650764715e+00 9.326376494508085979e-02 9.027487552798278345e-03 -1.317434678938981252e-01
4.015000000000000000e+03 3.332029298779894955e+00 9.307195234726665933e-02 9.021682665757244091e-03 -1.313121008041256699e-01
4.016000000000000000e+03 3.325448952877526843e+00 9.288131167153240719e-02 9.015883561196246301e-03 -1.308840689805771396e-01
4.017000000000000000e+03 3.318878899134126481e+00 9.269171918093647988e-02 9.010090157109089740e-03 -1.304584281564674653e-01
4.018000000000000000e+03 3.312304343852332078e+00 9.250320051158780754e-02 9.004302363099913470e-03 -1.300349803074947463e-01
4.019000000000000000e+03 3.305732841083759865e+00 9.231578208632425231e-02 8.998520081287911601e-03 -1.296150165442919444e-01
4.020000000000000000e+03 3.299164570527451268e+00 9.212949109516713198e-02 8.992743207190732543e-03 -1.291976029952050797e-01
4.021000000000000000e+03 3.292599756731001026e+00 9.194428119194791860e-02 8.986971630695726396e-03 -1.287825522045519810e-01
4.022000000000000000e+03 3.286038659582987798e+00 9.176018104116714924e-02 8.981205237090346405e-03 -1.283704231906263038e-01
4.023000000000000000e+03 3.279488992891047783e+00 9.157714573062711305e-02 8.975443908090855599e-03 -1.279610358330409425e-01
4.024000000000000000e+03 3.272943629389016174e+00 9.139520531779204982e-02 8.969687522951005909e-03 -1.275542137642073359e-01
4.025000000000000000e+03 3.266410304122465025e+00 9.121431624200727895e-02 8.963935959512800075e-03 -1.271505272593372871e-01
4.026000000000000000e+03 3.259889319405401054e+00 9.103443558697769944e-02 8.958189095320905765e-03 -1.267498076196764967e-01
4.027000000000000000e+03 3.253373534946550460e+00 9.085559534310695684e-02 8.952446808715396054e-03 -1.263518900585087201e-01
4.028000000000000000e+03 3.246878071588818138e+00 9.067782810270955118e-02 8.946708979879638632e-03 -1.259573565846092980e-01
4.029000000000000000e+03 3.240395731850492123e+00 9.050109275506697248e-02 8.940975491909752826e-03 -1.255647875581286654e-01
4.030000000000000000e+03 3.233919276010519983e+00 9.032527446493303358e-02 8.935246231800772140e-03 -1.251754415933195863e-01
4.031000000000000000e+03 3.227463698669475800e+00 9.015055606843756786e-02 8.929521091425370038e-03 -1.247890214372997381e-01
4.032000000000000000e+03 3.221029079063024714e+00 8.997674949992257032e-02 8.923799968445465802e-03 -1.244054568085644352e-01
4.033000000000000000e+03 3.214608002104655693e+00 8.980389003829189476e-02 8.918082767151549670e-03 -1.240248301435141892e-01
4.034000000000000000e+03 3.208207836823123937e+00 8.963201343478419125e-02 8.912369399270800296e-03 -1.236470052045272466e-01
4.035000000000000000e+03 3.201828445452479688e+00 8.946108160785211372e-02 8.906659784610096442e-03 -1.232720728016883094e-01
4.036000000000000000e+03 3.195469606729743894e+00 8.929113118842006702e-02 8.900953851768327388e-03 -1.229000536745187278e-01
4.037000000000000000e+03 3.189123583342519996e+00 8.912205064783160213e-02 8.895251538604728378e-03 -1.225308985025118230e-01
4.038000000000000000e+03 3.182804832015200702e+00 8.895387741027614703e-02 8.889552792714803739e-03 -1.221646364773939369e-01
4.039000000000000000e+03 3.176512859356527940e+00 8.878657498081099497e-02 8.883857571773115178e-03 -1.218012267360380763e-01
4.040000000000000000e+03 3.170239648742074756e+00 8.862010720746886505e-02 8.878165843803038221e-03 -1.214406326383393325e-01
4.041000000000000000e+03 3.163984516489116494e+00 8.845443826000747023e-02 8.872477587298421842e-03 -1.210829703232284560e-01
4.042000000000000000e+03 3.157761540624630658e+00 8.828968117572597030e-02 8.866792791308277660e-03 -1.207281372747264353e-01
4.043000000000000000e+03 3.151554992136234024e+00 8.812565213741395398e-02 8.861111455402312723e-03 -1.203762580011351474e-01
4.044000000000000000e+03 3.145371335694263859e+00 8.796239043702555604e-02 8.855433589480004100e-03 -1.200271640234716469e-01
4.045000000000000000e+03 3.139209519412990979e+00 8.779986132085847161e-02 8.849759213600118940e-03 -1.196809138277836887e-01
4.046000000000000000e+03 3.133068407221293761e+00 8.763810453602209616e-02 8.844088357608454951e-03 -1.193375699775541948e-01
4.047000000000000000e+03 3.126954212048952186e+00 8.747708574299491169e-02 8.838421060733639423e-03 -1.189969762213301391e-01
4.048000000000000000e+03 3.120858216378584071e+00 8.731677077889268834e-02 8.832757371063816934e-03 -1.186592031473736042e-01
4.049000000000000000e+03 3.114793920309783637e+00 8.715705135385590219e-02 8.827097345004270706e-03 -1.183243252826060299e-01
4.050000000000000000e+03 3.108745050066977544e+00 8.699811644868951643e-02 8.821441046587070317e-03 -1.179921981876297793e-01
4.051000000000000000e+03 3.102717536975058810e+00 8.683978711710055309e-02 8.815788546755274485e-03 -1.176628366783563640e-01
4.052000000000000000e+03 3.096709731058768789e+00 8.668204657108365130e-02 8.810139922617789277e-03 -1.173362867842965840e-01
4.053000000000000000e+03 3.090719918904761609e+00 8.652503004118278218e-02 8.804495256550538482e-03 -1.170126050976471876e-01
4.054000000000000000e+03 3.084753787839905836e+00 8.636857568275173314e-02 8.798854635387747675e-03 -1.166917032773478191e-01
4.055000000000000000e+03 3.078802149954915635e+00 8.621274454148906974e-02 8.793218149485417315e-03 -1.163737936811440193e-01
4.056000000000000000e+03 3.072870664753285741e+00 8.605752340060975059e-02 8.787585891790938505e-03 -1.160586464599001888e-01
4.057000000000000000e+03 3.066950135084741902e+00 8.590297332919084872e-02 8.781957956893409953e-03 -1.157465551711463342e-01
4.058000000000000000e+03 3.061046229878571889e+00 8.574893252969288671e-02 8.776334440055993599e-03 -1.154373710204835562e-01
4.059000000000000000e+03 3.055164636686708679e+00 8.559553630414014347e-02 8.770715436284154745e-03 -1.151310970561112701e-01
4.060000000000000000e+03 3.049288785701410820e+00 8.544277133496672172e-02 8.765101039366111901e-03 -1.148278138115484959e-01
4.061000000000000000e+03 3.043424428666561710e+00 8.529054995051678356e-02 8.759491340953683147e-03 -1.145275306650944541e-01
4.062000000000000000e+03 3.037577362297397165e+00 8.513893295771955694e-02 8.753886429664185093e-03 -1.142301857667688963e-01
4.063000000000000000e+03 3.031738579633461494e+00 8.498783249038116550e-02 8.748286390218018571e-03 -1.139358688167210060e-01
4.064000000000000000e+03 3.025913991004797410e+00 8.483730912565103088e-02 8.742691302622500327e-03 -1.136445981437468472e-01
4.065000000000000000e+03 3.020102145989261189e+00 8.468734901609960286e-02 8.737101241417605246e-03 -1.133563206358733505e-01
4.066000000000000000e+03 3.014294239803054776e+00 8.453793815595569971e-02 8.731516274962504084e-03 -1.130711345232044279e-01
4.067000000000000000e+03 3.008496404068070618e+00 8.438906236395693483e-02 8.725936464799485467e-03 -1.127889921782197075e-01
4.068000000000000000e+03 3.002707426756237030e+00 8.424070726636466444e-02 8.720361865065404117e-03 -1.125098486193920055e-01
4.069000000000000000e+03 2.996918756420717145e+00 8.409278399654140923e-02 8.714792522024001134e-03 -1.122338100171245967e-01
4.070000000000000000e+03 2.991144219031608209e+00 8.394542631222610962e-02 8.709228473624840150e-03 -1.119608365013164547e-01
4.071000000000000000e+03 2.985375450485523441e+00 8.379854487786482509e-02 8.703669749175772449e-03 -1.116909649560145767e-01
4.072000000000000000e+03 2.979619040127622132e+00 8.365212438210591073e-02 8.698116369090172148e-03 -1.114242346829031755e-01
4.073000000000000000e+03 2.973859389919947915e+00 8.350614923787448574e-02 8.692568344748905981e-03 -1.111604645005510872e-01
4.074000000000000000e+03 2.968118141312000802e+00 8.336060356613039790e-02 8.687025678373917065e-03 -1.108997726814104773e-01
4.075000000000000000e+03 2.962379890960391560e+00 8.321554546318467305e-02 8.681488363068890282e-03 -1.106420569226782558e-01
4.076000000000000000e+03 2.956644187573467697e+00 8.307095841767496436e-02 8.675956382893805496e-03 -1.103872914383101783e-01
4.077000000000000000e+03 2.950925529495501909e+00 8.292675129461563044e-02 8.670429713080842968e-03 -1.101355269197274028e-01
4.078000000000000000e+03 2.945208791412563087e+00 8.278290688665873587e-02 8.664908320256672555e-03 -1.098867419319248528e-01
4.079000000000000000e+03 2.939508647221635851e+00 8.263955618194746000e-02 8.659392162782587887e-03 -1.096407685955181621e-01
4.080000000000000000e+03 2.933810138600391415e+00 8.249660693106825038e-02 8.653881191181902327e-03 -1.093977382554391503e-01
4.081000000000000000e+03 2.928128096536172897e+00 8.235396648219701909e-02 8.648375348625851958e-03 -1.091575614660293958e-01
4.082000000000000000e+03 2.922455137013515891e+00 8.221176461638712851e-02 8.642874571478616208e-03 -1.089201508129423596e-01
4.083000000000000000e+03 2.916798796377874758e+00 8.206983354803008834e-02 8.637378789866640219e-03 -1.086855694529510891e-01
4.084000000000000000e+03 2.911144382738191094e+00 8.192830217792301806e-02 8.631887928393417245e-03 -1.084537339540031092e-01
4.085000000000000000e+03 2.905506967182529543e+00 8.178715037759863582e-02 8.626401906785324467e-03 -1.082246371206574270e-01
4.086000000000000000e+03 2.899886806125884675e+00 8.164620897473721939e-02 8.620920640681256977e-03 -1.079981994026700393e-01
4.087000000000000000e+03 2.894284190220513420e+00 8.150567972340060086e-02 8.615444042352208426e-03 -1.077744174379145770e-01
4.088000000000000000e+03 2.888692008054547955e+00 8.136539245483817573e-02 8.609972021530777619e-03 -1.075532154612267866e-01
4.089000000000000000e+03 2.883110594819566774e+00 8.122539933158784420e-02 8.604504486220868054e-03 -1.073344452800426840e-01
4.090000000000000000e+03 2.877555152624793777e+00 8.108567769982549800e-02 8.599041343458299971e-03 -1.071181833833088209e-01
4.091000000000000000e+03 2.872011172435509074e+00 8.094620435934943292e-02 8.593582500193232970e-03 -1.069042852145929839e-01
4.092000000000000000e+03 2.866493853067837883e+00 8.080695555043306000e-02 8.588127864038661019e-03 -1.066927565623478069e-01
4.093000000000000000e+03 2.860988666807994907e+00 8.066798122435209217e-02 8.582677344091996577e-03 -1.064834563972600068e-01
4.094000000000000000e+03 2.855510778936105609e+00 8.052925646374856083e-02 8.577230851661286556e-03 -1.062764682592186594e-01
4.095000000000000000e+03 2.850053042365860101e+00 8.039068147020839161e-02 8.571788301034810251e-03 -1.060715802403254526e-01
4.096000000000000000e+03 2.844615704571268555e+00 8.025230440271703680e-02 8.566349610138371262e-03 -1.058688049346189763e-01
4.097000000000000000e+03 2.839198973256147784e+00 8.011417279887932119e-02 8.560914701187260362e-03 -1.056680822667359909e-01
4.098000000000000000e+03 2.833810439273798831e+00 7.997618499642321355e-02 8.555483501305374827e-03 -1.054692794519566656e-01
4.099000000000000000e+03 2.828442786742523474e+00 7.983831297257909521e-02 8.550055943069501813e-03 -1.052724880874230801e-01
4.100000000000000000e+03 2.823096073904148184e+00 7.970067661685226179e-02 8.544631964928777954e-03 -1.050775041217889144e-01
4.101000000000000000e+03 2.817777740957806643e+00 7.956309905977221320e-02 8.539211511679222974e-03 -1.048843587661963256e-01
4.102000000000000000e+03 2.812480356249279723e+00 7.942562976812360398e-02 8.533794534791758549e-03 -1.046929799509064424e-01
4.103000000000000000e+03 2.807211293536965080e+00 7.928831856395122946e-02 8.528380992688754450e-03 -1.045033821943386759e-01
4.104000000000000000e+03 2.801970434249065445e+00 7.915106600795705771e-02 8.522970850931945938e-03 -1.043155812858327786e-01
4.105000000000000000e+03 2.796750166889534928e+00 7.901392052453541648e-02 8.517564082369597292e-03 -1.041295942239847672e-01
4.106000000000000000e+03 2.791557672243472954e+00 7.887685554268959731e-02 8.512160667205491762e-03 -1.039454391518561116e-01
4.107000000000000000e+03 2.786385210870805373e+00 7.873984377137974167e-02 8.506760592946454452e-03 -1.037629867220785235e-01
4.108000000000000000e+03 2.781247266476818414e+00 7.860285719174414654e-02 8.501363854319153243e-03 -1.035823314436318809e-01
4.109000000000000000e+03 2.776128549782468813e+00 7.846601561673005598e-02 8.495970453102890535e-03 -1.034034201906938316e-01
4.110000000000000000e+03 2.771035999971275476e+00 7.832921526658459532e-02 8.490580397919731195e-03 -1.032262749769496391e-01
4.111000000000000000e+03 2.765969074920974435e+00 7.819250017982554146e-02 8.485193703921509872e-03 -1.030506957429648679e-01
4.112000000000000000e+03 2.760927183782226457e+00 7.805583935660530270e-02 8.479810392400357819e-03 -1.028768545433655507e-01
4.113000000000000000e+03 2.755909691754885760e+00 7.791920103640551099e-02 8.474430490433634486e-03 -1.027046269124982925e-01
4.114000000000000000e+03 2.750915925360365666e+00 7.778270125979547256e-02 8.469054030329494290e-03 -1.025341117645081901e-01
4.115000000000000000e+03 2.745945178150992483e+00 7.764623244589563544e-02 8.463681049201919257e-03 -1.023651113229403359e-01
4.116000000000000000e+03 2.740996716797397426e+00 7.750976052197501576e-02 8.458311588297110287e-03 -1.021977995852995508e-01
4.117000000000000000e+03 2.736069787487294569e+00 7.737332491923486211e-02 8.452945692507799272e-03 -1.020320536837629605e-01
4.118000000000000000e+03 2.731163622569002580e+00 7.723696428565615668e-02 8.447583409664375168e-03 -1.018678994979219377e-01
4.119000000000000000e+03 2.726277447370546891e+00 7.710049363216692209e-02 8.442224789907208995e-03 -1.017053629994776887e-01
4.120000000000000000e+03 2.721410487123215205e+00 7.696409859768790773e-02 8.436869885051949750e-03 -1.015443215970108642e-01
4.121000000000000000e+03 2.716561973918245165e+00 7.682766689511778824e-02 8.431518747868167393e-03 -1.013848754657768886e-01
4.122000000000000000e+03 2.711738581975723150e+00 7.669123401015398578e-02 8.426171431437146087e-03 -1.012269760434702098e-01
4.123000000000000000e+03 2.706924721054092320e+00 7.655468606552130739e-02 8.420827988448597798e-03 -1.010705745114298670e-01
4.124000000000000000e+03 2.702134541534882306e+00 7.641820552053489590e-02 8.415488470567451806e-03 -1.009156217105006137e-01
4.125000000000000000e+03 2.697352514009666802e+00 7.628167690206097418e-02 8.410152927753005228e-03 -1.007621423420318046e-01
4.126000000000000000e+03 2.692592862163722511e+00 7.614505822124414958e-02 8.404821407712731451e-03 -1.006100863205482282e-01
4.127000000000000000e+03 2.687840141687098061e+00 7.600845525673212422e-02 8.399493955227089331e-03 -1.004594772625769378e-01
4.128000000000000000e+03 2.683108672365920544e+00 7.587175013707599114e-02 8.394170611657588571e-03 -1.003101895605811728e-01
4.129000000000000000e+03 2.678390544443697951e+00 7.573504704205398508e-02 8.388851414428209752e-03 -1.001623197277601574e-01
4.130000000000000000e+03 2.673685336313162075e+00 7.559822650228884000e-02 8.383536396553108519e-03 -1.000157406271522109e-01
4.131000000000000000e+03 2.668992689893509684e+00 7.546131681768163124e-02 8.378225586234517089e-03 -9.987039853896881314e-02
4.132000000000000000e+03 2.664312313759605644e+00 7.532434549167393856e-02 8.372919006477083995e-03 -9.972638738068022313e-02
4.133000000000000000e+03 2.659636557294001502e+00 7.518726494921974812e-02 8.367616674844884431e-03 -9.958350294598622421e-02
4.134000000000000000e+03 2.654980125940512803e+00 7.505010110567272852e-02 8.362318603167282274e-03 -9.944183711629933642e-02
4.135000000000000000e+03 2.650335512290877382e+00 7.491280480184824009e-02 8.357024797394994875e-03 -9.930125782314223881e-02
4.136000000000000000e+03 2.645702710000393587e+00 7.477547465693969164e-02 8.351735257458758194e-03 -9.916185469972636779e-02
4.137000000000000000e+03 2.641074356926424116e+00 7.463805993712155362e-02 8.346449977247968888e-03 -9.902341905048599180e-02
4.138000000000000000e+03 2.636465447698514986e+00 7.450050912543583481e-02 8.341168944648194236e-03 -9.888596379319750107e-02
4.139000000000000000e+03 2.631861333777016920e+00 7.436299277554521414e-02 8.335892141531294625e-03 -9.874950056935685727e-02
4.140000000000000000e+03 2.627269719775524592e+00 7.422530924702747113e-02 8.330619543983256922e-03 -9.861389114159659075e-02
4.141000000000000000e+03 2.622698375665526882e+00 7.408762754409577156e-02 8.325351122453226310e-03 -9.847907021175457409e-02
4.142000000000000000e+03 2.618125420046696572e+00 7.394989305143680192e-02 8.320086842036550703e-03 -9.834511967493235474e-02
4.143000000000000000e+03 2.613573599773429734e+00 7.381212467237477370e-02 8.314826662741072946e-03 -9.821189717549423659e-02
4.144000000000000000e+03 2.609028573720908906e+00 7.367426626613335361e-02 8.309570539920419635e-03 -9.807933321734522980e-02
4.145000000000000000e+03 2.604498334747749499e+00 7.353633521947715301e-02 8.304318424604861457e-03 -9.794735685906685863e-02
4.146000000000000000e+03 2.599983491049133288e+00 7.339834816794553463e-02 8.299070263998687899e-03 -9.781604426188453272e-02
4.147000000000000000e+03 2.595477260559415189e+00 7.326032100088086807e-02 8.293826001922716129e-03 -9.768517297156255330e-02
4.148000000000000000e+03 2.590987750113273425e+00 7.312219458312377296e-02 8.288585579346705381e-03 -9.755481617117102433e-02
4.149000000000000000e+03 2.586508235923537402e+00 7.298398332741562466e-02 8.283348934944262040e-03 -9.742489696622294582e-02
4.150000000000000000e+03 2.582046870693492924e+00 7.284577520005569573e-02 8.278116005623354506e-03 -9.729533693899251878e-02
4.151000000000000000e+03 2.577596995649070521e+00 7.270750737759353044e-02 8.272886727083724953e-03 -9.716606157762401608e-02
4.152000000000000000e+03 2.573166942986304662e+00 7.256911032388213556e-02 8.267661034444675344e-03 -9.703716515438322310e-02
4.153000000000000000e+03 2.568750220593122524e+00 7.243073514280393144e-02 8.262438862781698937e-03 -9.690852297511405589e-02
4.154000000000000000e+03 2.564347758966340596e+00 7.229223509886095744e-02 8.257220147671820096e-03 -9.678015734534303749e-02
4.155000000000000000e+03 2.559960476709662203e+00 7.215375989174942217e-02 8.252004825841791069e-03 -9.665208899256998165e-02
4.156000000000000000e+03 2.555596702950281518e+00 7.201516139527555649e-02 8.246792835615497988e-03 -9.652418848796787132e-02
4.157000000000000000e+03 2.551242458282259040e+00 7.187643936534830746e-02 8.241584117490789382e-03 -9.639647336863635396e-02
4.158000000000000000e+03 2.546913447895544191e+00 7.173766716374635477e-02 8.236378614601644679e-03 -9.626903384129385788e-02
4.159000000000000000e+03 2.542603058187965726e+00 7.159884319853360157e-02 8.231176273184367259e-03 -9.614166135095292276e-02
4.160000000000000000e+03 2.538312065663455463e+00 7.145989093169183293e-02 8.225977042995678834e-03 -9.601444283390858647e-02
4.161000000000000000e+03 2.534033776206232158e+00 7.132080745393498677e-02 8.220780877707384651e-03 -9.588731500018514431e-02
4.162000000000000000e+03 2.529783734971793763e+00 7.118158920927739053e-02 8.215587735186246840e-03 -9.576021288244745966e-02
4.163000000000000000e+03 2.525547724973646879e+00 7.104230628670964165e-02 8.210397577816188480e-03 -9.563314409983769693e-02
4.164000000000000000e+03 2.521333763148130291e+00 7.090295386160332114e-02 8.205210372728354365e-03 -9.550611455289495511e-02
4.165000000000000000e+03 2.517142385162458140e+00 7.076345220435109606e-02 8.200026091937921702e-03 -9.537912840037134077e-02
4.166000000000000000e+03 2.512966644234005287e+00 7.062386953961549696e-02 8.194844712511256332e-03 -9.525211375052745899e-02
4.167000000000000000e+03 2.508814395618464754e+00 7.048412492134829843e-02 8.189666216581783717e-03 -9.512507120117859316e-02
4.168000000000000000e+03 2.504686011616463315e+00 7.034435965941364388e-02 8.184490591415150354e-03 -9.499792524399607030e-02
4.169000000000000000e+03 2.500574382245658533e+00 7.020449162802130938e-02 8.179317829265266016e-03 -9.487067280099172051e-02
4.170000000000000000e+03 2.496479773216940146e+00 7.006458669269460815e-02 8.174147927349660267e-03 -9.474338319234816563e-02
4.171000000000000000e+03 2.492402399446044470e+00 6.992456158599927307e-02 8.168980887671224017e-03 -9.461597525230680539e-02
4.172000000000000000e+03 2.488349855827721502e+00 6.978440676798000619e-02 8.163816716771127649e-03 -9.448844014450762108e-02
4.173000000000000000e+03 2.484314835141919975e+00 6.964418643619307847e-02 8.158655425507019276e-03 -9.436076704228103795e-02
4.174000000000000000e+03 2.480297416559176682e+00 6.950388996897913230e-02 8.153497028711712696e-03 -9.423286880772824281e-02
4.175000000000000000e+03 2.476297641202785282e+00 6.936343193583974220e-02 8.148341544874961040e-03 -9.410480480405179760e-02
4.176000000000000000e+03 2.472315516474237196e+00 6.922294924203700739e-02 8.143188995743563113e-03 -9.397655800625386024e-02
4.177000000000000000e+03 2.468351020742504787e+00 6.908228115483973364e-02 8.138039405864517031e-03 -9.384803496197324790e-02
4.178000000000000000e+03 2.464396679994561801e+00 6.894156358238913429e-02 8.132892802175037406e-03 -9.371936288620116851e-02
4.179000000000000000e+03 2.460467286492380889e+00 6.880070910021737762e-02 8.127749213534988387e-03 -9.359036963767011774e-02
4.180000000000000000e+03 2.456547905774303153e+00 6.865977837997848388e-02 8.122608670191214936e-03 -9.346117794812611179e-02
4.181000000000000000e+03 2.452638452346464160e+00 6.851875735024171021e-02 8.117471203290491447e-03 -9.333175968337377448e-02
4.182000000000000000e+03 2.448746266997496424e+00 6.837770577494675650e-02 8.112336844378960354e-03 -9.320201008972184287e-02
4.183000000000000000e+03 2.444871265775508284e+00 6.823653441448501722e-02 8.107205624871178379e-03 -9.307204489230443134e-02
4.184000000000000000e+03 2.440998517266125933e+00 6.809522788790964287e-02 8.102077575551053928e-03 -9.294175455989593659e-02
4.185000000000000000e+03 2.437142818210765505e+00 6.795391896826080691e-02 8.096952726062651984e-03 -9.281117569010398360e-02
4.186000000000000000e+03 2.433296700399764756e+00 6.781259146049813114e-02 8.091831104415433615e-03 -9.268034241204127499e-02
4.187000000000000000e+03 2.429467577538669598e+00 6.767115449699166729e-02 8.086712736564518819e-03 -9.254906350801749004e-02
4.188000000000000000e+03 2.425640608325289715e+00 6.752966540022865838e-02 8.081597645904922689e-03 -9.241751665607955690e-02
4.189000000000000000e+03 2.421823271040418390e+00 6.738810684444283827e-02 8.076485852946421393e-03 -9.228557985609124603e-02
4.190000000000000000e+03 2.418015654247545498e+00 6.724653543498139430e-02 8.071377374887967263e-03 -9.215327711113505127e-02
4.191000000000000000e+03 2.414217888809864210e+00 6.710485887019085327e-02 8.066272225273923846e-03 -9.202055556065018294e-02
4.192000000000000000e+03 2.410422722732738166e+00 6.696320737130578848e-02 8.061170413776000757e-03 -9.188750831794008367e-02
4.193000000000000000e+03 2.406637808897110986e+00 6.682156227752462929e-02 8.056071945888287553e-03 -9.175400304305736388e-02
4.194000000000000000e+03 2.402863422151709560e+00 6.667997890902829794e-02 8.050976822792873383e-03 -9.162012763784853353e-02
4.195000000000000000e+03 2.399092460891545375e+00 6.653836372917956710e-02 8.045885041139349755e-03 -9.148581882598987025e-02
4.196000000000000000e+03 2.395325304754256646e+00 6.639684577458887516e-02 8.040796593072389170e-03 -9.135108500495767170e-02
4.197000000000000000e+03 2.391569815021127088e+00 6.625533096691915702e-02 8.035711466088739721e-03 -9.121593196741099863e-02
4.198000000000000000e+03 2.387819049366167956e+00 6.611394782655363733e-02 8.030629643142644242e-03 -9.108043719353814405e-02
4.199000000000000000e+03 2.384073546106332930e+00 6.597260178437903966e-02 8.025551102699960207e-03 -9.094445272928382284e-02
4.200000000000000000e+03 2.380333894457038024e+00 6.583134661210622574e-02 8.020475818838935025e-03 -9.080797661989419012e-02
4.201000000000000000e+03 2.376593326514620852e+00 6.569023364421530675e-02 8.015403761490609222e-03 -9.067115009806214765e-02
4.202000000000000000e+03 2.372867495045023478e+00 6.554923083596228550e-02 8.010334896602496271e-03 -9.053387769547216468e-02
4.203000000000000000e+03 2.369149833384967874e+00 6.540822944746926826e-02 8.005269186513968085e-03 -9.039605861299793155e-02
4.204000000000000000e+03 2.365433814606630047e+00 6.526741769793452386e-02 8.000206590192491390e-03 -9.025773814796306249e-02
4.205000000000000000e+03 2.361727804169890810e+00 6.512661222684247575e-02 7.995147063674256163e-03 -9.011888487532629388e-02
4.206000000000000000e+03 2.358032770396095046e+00 6.498592665835369042e-02 7.990090560392518887e-03 -8.997953924913328072e-02
4.207000000000000000e+03 2.354342279609891619e+00 6.484532591296271464e-02 7.985037031718118100e-03 -8.983959078875987381e-02
4.208000000000000000e+03 2.350657347649496298e+00 6.470484907083448589e-02 7.979986427346187627e-03 -8.969907525165868312e-02
4.209000000000000000e+03 2.346986434397810850e+00 6.456446081750120969e-02 7.974938695810214126e-03 -8.955795182357266515e-02
4.210000000000000000e+03 2.343315724690433921e+00 6.442412574003132664e-02 7.969893785017240911e-03 -8.941617744407104329e-02
4.211000000000000000e+03 2.339661120913462788e+00 6.428395690673228968e-02 7.964851642720760516e-03 -8.927378113346956523e-02
4.212000000000000000e+03 2.336023666946023258e+00 6.414391874571158392e-02 7.959812217095131939e-03 -8.913071547014936313e-02
4.213000000000000000e+03 2.332389542164322371e+00 6.400390134099005757e-02 7.954775457213599313e-03 -8.898693091888074114e-02
4.214000000000000000e+03 2.328767197219849816e+00 6.386409186248676040e-02 7.949741313621014327e-03 -8.884252444316298458e-02
4.215000000000000000e+03 2.325157634750683044e+00 6.372430602698327118e-02 7.944709738812302455e-03 -8.869744241637768367e-02
4.216000000000000000e+03 2.321554403641543196e+00 6.358473094553047933e-02 7.939680687753065610e-03 -8.855162923377257744e-02
4.217000000000000000e+03 2.317973306892328278e+00 6.344525658428755432e-02 7.934654118322866448e-03 -8.840510164034846852e-02
4.218000000000000000e+03 2.314400397900947315e+00 6.330584719427888307e-02 7.929629991783444104e-03 -8.825787449092263592e-02
4.219000000000000000e+03 2.310836545621580473e+00 6.316661560708723699e-02 7.924608273196753067e-03 -8.810996079256197544e-02
4.220000000000000000e+03 2.307290001646534083e+00 6.302752611299046459e-02 7.919588931762625364e-03 -8.796129746214874368e-02
4.221000000000000000e+03 2.303761539362163102e+00 6.288846875646703083e-02 7.914571941183267192e-03 -8.781181964943060581e-02
4.222000000000000000e+03 2.300237021923651426e+00 6.274963076565229225e-02 7.909557279949238490e-03 -8.766160934180758368e-02
4.223000000000000000e+03 2.296731969191045941e+00 6.261090229616492198e-02 7.904544931585598053e-03 -8.751067254961880648e-02
4.224000000000000000e+03 2.293239556655163547e+00 6.247224786038833161e-02 7.899534884812577096e-03 -8.735886505634678223e-02
4.225000000000000000e+03 2.289760326789482381e+00 6.233370633913906667e-02 7.894527133667925828e-03 -8.720626386761222426e-02
4.226000000000000000e+03 2.286294759246940256e+00 6.219531670963257541e-02 7.889521677643961811e-03 -8.705294438991455219e-02
4.227000000000000000e+03 2.282843270020642024e+00 6.205711805698833211e-02 7.884518521640687325e-03 -8.689883189030836452e-02
4.228000000000000000e+03 2.279406211228875989e+00 6.191900101849456134e-02 7.879517675956741046e-03 -8.674392437138271628e-02
4.229000000000000000e+03 2.275983871529025038e+00 6.178107921231413419e-02 7.874519156185501995e-03 -8.658829259316823401e-02
4.230000000000000000e+03 2.272569048807920211e+00 6.164331783105261170e-02 7.869522983039538983e-03 -8.643200580913809605e-02
4.231000000000000000e+03 2.269169336891464717e+00 6.150568221963569060e-02 7.864529182187907433e-03 -8.627498321653263857e-02
4.232000000000000000e+03 2.265784842755812711e+00 6.136836073666546848e-02 7.859537783922064189e-03 -8.611721682167254588e-02
4.233000000000000000e+03 2.262408189370798350e+00 6.123117049699258740e-02 7.854548822891736781e-03 -8.595884573637886661e-02
4.234000000000000000e+03 2.259046804148246324e+00 6.109415165026112204e-02 7.849562337697492398e-03 -8.579978477120935032e-02
4.235000000000000000e+03 2.255693209459502580e+00 6.095741882419838942e-02 7.844578370524267139e-03 -8.564009586193202517e-02
4.236000000000000000e+03 2.252354740436254055e+00 6.082078971734313638e-02 7.839596966622206647e-03 -8.547969094286410330e-02
4.237000000000000000e+03 2.249023836407185506e+00 6.068445366052394735e-02 7.834618173873071981e-03 -8.531870337024609341e-02
4.238000000000000000e+03 2.245692902824883319e+00 6.054830307523065974e-02 7.829642042219224149e-03 -8.515711650945523292e-02
4.239000000000000000e+03 2.242384030228706138e+00 6.041237918426110159e-02 7.824668623155050032e-03 -8.499483802227464357e-02
4.240000000000000000e+03 2.239074716583134173e+00 6.027664917073306122e-02 7.819697969126713361e-03 -8.483199700402535570e-02
4.241000000000000000e+03 2.235772156839839209e+00 6.014122903792728375e-02 7.814730132928339110e-03 -8.466857256862624082e-02
4.242000000000000000e+03 2.232476107402170395e+00 6.000593791732485027e-02 7.809765167181436860e-03 -8.450469098539825641e-02
4.243000000000000000e+03 2.229186320783270947e+00 5.987104091266619299e-02 7.804803123640651451e-03 -8.434025426420033167e-02
4.244000000000000000e+03 2.225902551939656249e+00 5.973628342309580258e-02 7.799844052668866018e-03 -8.417538585978920351e-02
4.245000000000000000e+03 2.222624564565272021e+00 5.960185683729424949e-02 7.794888002608390751e-03 -8.401005925842368327e-02
4.246000000000000000e+03 2.219344708928218335e+00 5.946772999026938428e-02 7.789935019253223583e-03 -8.384439511696639702e-02
4.247000000000000000e+03 2.216070212937235606e+00 5.933394630556535626e-02 7.784985145253366969e-03 -8.367836413551800467e-02
4.248000000000000000e+03 2.212800902870792896e+00 5.920040095265489272e-02 7.780038419658298100e-03 -8.351193563263785424e-02
4.249000000000000000e+03 2.209529208858627136e+00 5.906713798875708188e-02 7.775094877367180399e-03 -8.334515183894307400e-02
4.250000000000000000e+03 2.206262455058187300e+00 5.893427608282052893e-02 7.770154548748987693e-03 -8.317812790952518187e-02
4.251000000000000000e+03 2.203000577859699050e+00 5.880163606610731841e-02 7.765217459193071194e-03 -8.301082231301029624e-02
4.252000000000000000e+03 2.199728697415387568e+00 5.866933208945875056e-02 7.760283628783011534e-03 -8.284316509048980648e-02
4.253000000000000000e+03 2.196461695845647988e+00 5.853740333054296280e-02 7.755353072030269322e-03 -8.267522676828256700e-02
4.254000000000000000e+03 2.193199651775161296e+00 5.840574075646175894e-02 7.750425797545324944e-03 -8.250692802218619060e-02
4.255000000000000000e+03 2.189927842923974133e+00 5.827438426415122025e-02 7.745501807980522020e-03 -8.233833683791511038e-02
4.256000000000000000e+03 2.186661318177089974e+00 5.814344840331958641e-02 7.740581099793029593e-03 -8.216937140660428296e-02
4.257000000000000000e+03 2.183392900454023344e+00 5.801282524844438016e-02 7.735663663302225039e-03 -8.200024585876256045e-02
4.258000000000000000e+03 2.180122900766364946e+00 5.788248153878305935e-02 7.730749482610048580e-03 -8.183072746549807652e-02
4.259000000000000000e+03 2.176851689846097226e+00 5.775260725101424159e-02 7.725838535767607859e-03 -8.166102808022873694e-02
4.260000000000000000e+03 2.173587125793725594e+00 5.762302133681618949e-02 7.720930794842480009e-03 -8.149098706308373352e-02
4.261000000000000000e+03 2.170314839295067522e+00 5.749384027967145705e-02 7.716026226183071365e-03 -8.132066559531909988e-02
4.262000000000000000e+03 2.167050230020723056e+00 5.736503239899873319e-02 7.711124790681497462e-03 -8.115004959478851199e-02
4.263000000000000000e+03 2.163779037117532500e+00 5.723664070563283524e-02 7.706226444099945234e-03 -8.097919833567687742e-02
4.264000000000000000e+03 2.160509334322533892e+00 5.710856005606698010e-02 7.701331137488413511e-03 -8.080794737004241834e-02
4.265000000000000000e+03 2.157241812622315624e+00 5.698083429109811887e-02 7.696438817596747139e-03 -8.063650285424245334e-02
4.266000000000000000e+03 2.153984632447646153e+00 5.685350767317466636e-02 7.691549427440192398e-03 -8.046462449140090456e-02
4.267000000000000000e+03 2.150716276892487677e+00 5.672662489073367065e-02 7.686662906767882490e-03 -8.029244271327162785e-02
4.268000000000000000e+03 2.147459829709675194e+00 5.660000821168377494e-02 7.681779192736475775e-03 -8.011993876108516877e-02
4.269000000000000000e+03 2.144208685877535103e+00 5.647385175542123797e-02 7.676898220465002733e-03 -7.994709331977682687e-02
4.270000000000000000e+03 2.140956258702958248e+00 5.634805294501939871e-02 7.672019923733111244e-03 -7.977396087019861248e-02
4.271000000000000000e+03 2.137710829918671784e+00 5.622265821187232698e-02 7.667144235633404151e-03 -7.960052119196765752e-02
4.272000000000000000e+03 2.134465829438283002e+00 5.609771443210617020e-02 7.662271089300022250e-03 -7.942682800125075437e-02
4.273000000000000000e+03 2.131229541740448319e+00 5.597312036289996129e-02 7.657400418585215938e-03 -7.925278617137915260e-02
4.274000000000000000e+03 2.128002813698711915e+00 5.584892377964519039e-02 7.652532158768161029e-03 -7.907844893829137078e-02
4.275000000000000000e+03 2.124786475780804818e+00 5.572509862842683209e-02 7.647666247276328766e-03 -7.890386940470477117e-02
4.276000000000000000e+03 2.121573906588940517e+00 5.560176787940802196e-02 7.642802624360965462e-03 -7.872902632705937320e-02
4.277000000000000000e+03 2.118373310914644314e+00 5.547875782853078225e-02 7.637941233778835354e-03 -7.855389846877523785e-02
4.278000000000000000e+03 2.115177999527382280e+00 5.535619236812971272e-02 7.633082023425779780e-03 -7.837846466851465521e-02
4.279000000000000000e+03 2.111988667670973818e+00 5.523397300483741390e-02 7.628224945971211375e-03 -7.820285247392484707e-02
4.280000000000000000e+03 2.108820817183945984e+00 5.511222456292658861e-02 7.623369959410592270e-03 -7.802689250534683429e-02
4.281000000000000000e+03 2.105652752208235778e+00 5.499084948545001489e-02 7.618517027611113046e-03 -7.785071278632017810e-02
4.282000000000000000e+03 2.102499857304549913e+00 5.486982497028162348e-02 7.613666120786213333e-03 -7.767436738588401335e-02
4.283000000000000000e+03 2.099362594123894254e+00 5.474927725554414037e-02 7.608817215877980780e-03 -7.749776219211221284e-02
4.284000000000000000e+03 2.096233925445563528e+00 5.462918448727253212e-02 7.603970296999178549e-03 -7.732095210003010755e-02
4.285000000000000000e+03 2.093114168177640178e+00 5.450945100459139020e-02 7.599125355651783174e-03 -7.714399249516272483e-02
4.286000000000000000e+03 2.090010990311674810e+00 5.439013019167685675e-02 7.594282390967316623e-03 -7.696693930052836419e-02
4.287000000000000000e+03 2.086917123518015948e+00 5.427120162852556301e-02 7.589441409885200156e-03 -7.678984901997576440e-02
4.288000000000000000e+03 2.083840074913587248e+00 5.415279394266088453e-02 7.584602427208731248e-03 -7.661263021063062506e-02
4.289000000000000000e+03 2.080772412771014324e+00 5.403473910911309880e-02 7.579765465605197219e-03 -7.643534065249936449e-02
4.290000000000000000e+03 2.077714051438543041e+00 5.391716671930030236e-02 7.574930555527228937e-03 -7.625811309642796521e-02
4.291000000000000000e+03 2.074672251976476200e+00 5.379998399720243435e-02 7.570097735053421366e-03 -7.608078387417230304e-02
4.292000000000000000e+03 2.071646766859955857e+00 5.368324721733987864e-02 7.565267049706260460e-03 -7.590356147338787884e-02
4.293000000000000000e+03 2.068622413793022918e+00 5.356686457120294481e-02 7.560438552058336599e-03 -7.572635800559944508e-02
4.294000000000000000e+03 2.065613648719689444e+00 5.345096758485334137e-02 7.555612301431837569e-03 -7.554916063937108794e-02
4.295000000000000000e+03 2.062619999355754352e+00 5.333553970145141210e-02 7.550788363394468281e-03 -7.537210589560880414e-02
4.296000000000000000e+03 2.059626069516225844e+00 5.322049056449919269e-02 7.545966809302371084e-03 -7.519518252182419427e-02
4.297000000000000000e+03 2.056646114201255759e+00 5.310580458453018071e-02 7.541147715635829023e-03 -7.501838006384403679e-02
4.298000000000000000e+03 2.053679475094140283e+00 5.299161522189395346e-02 7.536331163491898251e-03 -7.484176315090061704e-02
4.299000000000000000e+03 2.050718015074803446e+00 5.287783356858263839e-02 7.531517237750006040e-03 -7.466539721067162738e-02
4.300000000000000000e+03 2.047760981593062635e+00 5.276451976461136312e-02 7.526706026464474904e-03 -7.448934846513671770e-02
4.301000000000000000e+03 2.044814996146858910e+00 5.265158651210922330e-02 7.521897620026306817e-03 -7.431353097808744701e-02
4.302000000000000000e+03 2.041871723807420214e+00 5.253909815563882757e-02 7.517092110389567670e-03 -7.413806492754040911e-02
4.303000000000000000e+03 2.038930219012081935e+00 5.242704588222373702e-02 7.512289590253031467e-03 -7.396291831423396079e-02
4.304000000000000000e+03 2.035996951260227394e+00 5.231542135370915309e-02 7.507490152189631900e-03 -7.378805989568534840e-02
4.305000000000000000e+03 2.033070956628756587e+00 5.220421670457950358e-02 7.502693887842183836e-03 -7.361353345679916282e-02
4.306000000000000000e+03 2.030136417721345232e+00 5.209342453964670161e-02 7.497900887015686647e-03 -7.343930922924737925e-02
4.307000000000000000e+03 2.027207242073378435e+00 5.198311221484035877e-02 7.493111236935605900e-03 -7.326543244470926086e-02
4.308000000000000000e+03 2.024282500276875396e+00 5.187327326748372019e-02 7.488325021291225396e-03 -7.309187475399672729e-02
4.309000000000000000e+03 2.021353862400283585e+00 5.176382741308126201e-02 7.483542319554831526e-03 -7.291868278080569643e-02
4.310000000000000000e+03 2.018420462522152015e+00 5.165484339257039176e-02 7.478763206137326210e-03 -7.274582954215276509e-02
4.311000000000000000e+03 2.015488906250337831e+00 5.154624183465424114e-02 7.473987749739245158e-03 -7.257328872065710312e-02
4.312000000000000000e+03 2.012558421151626309e+00 5.143816666958390266e-02 7.469216012583223402e-03 -7.240118322167649056e-02
4.313000000000000000e+03 2.009620863421394787e+00 5.133053942401130665e-02 7.464448049870610509e-03 -7.222948803144697838e-02
4.314000000000000000e+03 2.006675580725375330e+00 5.122335635072566840e-02 7.459683909192257878e-03 -7.205817877833797791e-02
4.315000000000000000e+03 2.003729417749334107e+00 5.111661414065712949e-02 7.454923630007360101e-03 -7.188730601300306888e-02
4.316000000000000000e+03 2.000781864399368448e+00 5.101038420158551800e-02 7.450167243260204242e-03 -7.171692092438514132e-02
4.317000000000000000e+03 1.997825060001778397e+00 5.090451551918994538e-02 7.445414771000010389e-03 -7.154692677496707343e-02
4.318000000000000000e+03 1.994866081807571412e+00 5.079922891982717459e-02 7.440666226164226529e-03 -7.137745032387880773e-02
4.319000000000000000e+03 1.991904662611305277e+00 5.069429994664519101e-02 7.435921612356291392e-03 -7.120839613461224515e-02
4.320000000000000000e+03 1.988933192605000899e+00 5.058987597247963791e-02 7.431180923786325984e-03 -7.103981800475925312e-02
4.321000000000000000e+03 1.985959005444451808e+00 5.048588192606292407e-02 7.426444145240389087e-03 -7.087169613122050460e-02
4.322000000000000000e+03 1.982982093360341924e+00 5.038239170353373680e-02 7.421711252189600906e-03 -7.070408569655109443e-02
4.323000000000000000e+03 1.979995106459067289e+00 5.027933102827880640e-02 7.416982210961407980e-03 -7.053689404124954820e-02
4.324000000000000000e+03 1.977013064565212419e+00 5.017677457864953144e-02 7.412256978986229636e-03 -7.037025210777649031e-02
4.325000000000000000e+03 1.974021356361310486e+00 5.007464884744507877e-02 7.407535505181111167e-03 -7.020399448593651892e-02
4.326000000000000000e+03 1.971020306248835396e+00 4.997295498586476481e-02 7.402817730340450347e-03 -7.003832799764096728e-02
4.327000000000000000e+03 1.968025170301904936e+00 4.987176879670676688e-02 7.398103587714067141e-03 -6.987308889843707460e-02
4.328000000000000000e+03 1.965021561347494394e+00 4.977094359357866343e-02 7.393393003531927195e-03 -6.970841146863276938e-02
4.329000000000000000e+03 1.962024870219290174e+00 4.967063017839106615e-02 7.388685897741842541e-03 -6.954420807115870018e-02
4.330000000000000000e+03 1.959020832726472650e+00 4.957083113339105090e-02 7.383982184647518501e-03 -6.938054061410194040e-02
4.331000000000000000e+03 1.956017521251434799e+00 4.947140081398097855e-02 7.379281773760444293e-03 -6.921739774747225071e-02
4.332000000000000000e+03 1.953015623932241596e+00 4.937241675906393207e-02 7.374584570633454551e-03 -6.905484347958183722e-02
4.333000000000000000e+03 1.950023293452097350e+00 4.927388254979821192e-02 7.369890477744730529e-03 -6.889279437739323497e-02
4.334000000000000000e+03 1.947026425306864317e+00 4.917580208588390872e-02 7.365199395373658517e-03 -6.873124246930412129e-02
4.335000000000000000e+03 1.944033219232068621e+00 4.907810529469813776e-02 7.360511222616326552e-03 -6.857032958182278370e-02
4.336000000000000000e+03 1.941051885216718453e+00 4.898087097454978389e-02 7.355825858308729509e-03 -6.840990169218259809e-02
4.337000000000000000e+03 1.938068349340931196e+00 4.888410393683811916e-02 7.351143202028358539e-03 -6.825002896662756002e-02
4.338000000000000000e+03 1.935098243027142839e+00 4.878773499880717512e-02 7.346463155029588250e-03 -6.809078296341206094e-02
4.339000000000000000e+03 1.932134895387169538e+00 4.869176954320891121e-02 7.341785621278179054e-03 -6.793201383491197232e-02
4.340000000000000000e+03 1.929179037510446726e+00 4.859621322759544171e-02 7.337110508371492458e-03 -6.777387036375152884e-02
4.341000000000000000e+03 1.926231365178672217e+00 4.850107197715995688e-02 7.332437728414745864e-03 -6.761620574467726297e-02
4.342000000000000000e+03 1.923299958545467092e+00 4.840635197750264157e-02 7.327767198995471798e-03 -6.745917190060378432e-02
4.343000000000000000e+03 1.920370560415835648e+00 4.831198538407186632e-02 7.323098843978232027e-03 -6.730262526003522039e-02
4.344000000000000000e+03 1.917458566811546472e+00 4.821805316563586991e-02 7.318432594298537180e-03 -6.714664678445125823e-02
4.345000000000000000e+03 1.914564449496107157e+00 4.812448796331851575e-02 7.313768388676008050e-03 -6.699124487370079761e-02
4.346000000000000000e+03 1.911681177538775200e+00 4.803129693417093615e-02 7.309106174308382074e-03 -6.683635540226413874e-02
4.347000000000000000e+03 1.908809067886044541e+00 4.793848746087276541e-02 7.304445907430174960e-03 -6.668213888533200406e-02
4.348000000000000000e+03 1.905955779953470763e+00 4.784606714497655067e-02 7.299787553819734286e-03 -6.652846052251595865e-02
4.349000000000000000e+03 1.903114025944502297e+00 4.775396951673473167e-02 7.295131089219542182e-03 -6.637533592254997450e-02
4.350000000000000000e+03 1.900291280449722731e+00 4.766227687898993981e-02 7.290476499683452329e-03 -6.622293112237169488e-02
4.351000000000000000e+03 1.897487476979112575e+00 4.757092454472951204e-02 7.285823781735550723e-03 -6.607104338500054130e-02
4.352000000000000000e+03 1.894694959479023000e+00 4.747985353164353717e-02 7.281172942577467284e-03 -6.591992063175056149e-02
4.353000000000000000e+03 1.891920812745535141e+00 4.738922927224265003e-02 7.276524000064183394e-03 -6.576936774019744025e-02
4.354000000000000000e+03 1.889157164363084451e+00 4.729892024498002362e-02 7.271876982667914956e-03 -6.561941432686273223e-02
4.355000000000000000e+03 1.886418327267145090e+00 4.720894366905226819e-02 7.267231929271677701e-03 -6.547016617433533414e-02
4.356000000000000000e+03 1.883688803059589301e+00 4.711939121466987568e-02 7.262588888927711331e-03 -6.532158236963926667e-02
4.357000000000000000e+03 1.880975283174506130e+00 4.703013186292936271e-02 7.257947920459660585e-03 -6.517362385519102908e-02
4.358000000000000000e+03 1.878269510768214134e+00 4.694118331720637666e-02 7.253309092004629928e-03 -6.502632769119409684e-02
4.359000000000000000e+03 1.875585427011947859e+00 4.685263771358497836e-02 7.248672480451632746e-03 -6.487973274635416843e-02
4.360000000000000000e+03 1.872907178044231014e+00 4.676443876428545282e-02 7.244038170795271542e-03 -6.473380538393974648e-02
4.361000000000000000e+03 1.870248547995360777e+00 4.667660460216599416e-02 7.239406255377361932e-03 -6.458866227738495336e-02
4.362000000000000000e+03 1.867593539173064254e+00 4.658915349113119941e-02 7.234776833125614558e-03 -6.444412467046696513e-02
4.363000000000000000e+03 1.864948378206016777e+00 4.650195525312147277e-02 7.230150008640003068e-03 -6.430031260253597780e-02
4.364000000000000000e+03 1.862319239321905018e+00 4.641517696304484075e-02 7.225525891276138833e-03 -6.415727344486961414e-02
4.365000000000000000e+03 1.859689968187788534e+00 4.632876295822829088e-02 7.220904594091486287e-03 -6.401490756781962055e-02
4.366000000000000000e+03 1.857074089736121092e+00 4.624265768268123744e-02 7.216286232929547753e-03 -6.387333970649328174e-02
4.367000000000000000e+03 1.854462819484365754e+00 4.615687996451704744e-02 7.211670925251534130e-03 -6.373254748887149934e-02
4.368000000000000000e+03 1.851854787016603332e+00 4.607144872619498704e-02 7.207058789058350470e-03 -6.359250994671608592e-02
4.369000000000000000e+03 1.849248617929424521e+00 4.598630869470885646e-02 7.202449941792377248e-03 -6.345313317458654845e-02
4.370000000000000000e+03 1.846650372599113021e+00 4.590155324569591272e-02 7.197844499241356706e-03 -6.331462168894035070e-02
4.371000000000000000e+03 1.844051271571625072e+00 4.581712726302288735e-02 7.193242574370674151e-03 -6.317680981768566961e-02
4.372000000000000000e+03 1.841449990980495333e+00 4.573304998267342658e-02 7.188644276297641994e-03 -6.303983019278928956e-02
4.373000000000000000e+03 1.838845244391985823e+00 4.564926641914996558e-02 7.184049709164468112e-03 -6.290359370733884792e-02
4.374000000000000000e+03 1.836243221083236676e+00 4.556579592568468090e-02 7.179458971151214675e-03 -6.276816087562028801e-02
4.375000000000000000e+03 1.833635310557327980e+00 4.548265790390070007e-02 7.174872153464949623e-03 -6.263351892640178775e-02
4.376000000000000000e+03 1.831027825055740577e+00 4.539987179681532342e-02 7.170289339435468277e-03 -6.249965603227306682e-02
4.377000000000000000e+03 1.828412294728196441e+00 4.531730851478023986e-02 7.165710603620893335e-03 -6.236663554107662460e-02
4.378000000000000000e+03 1.825795188979107975e+00 4.523513612928345418e-02 7.161136011025337998e-03 -6.223437307600024337e-02
4.379000000000000000e+03 1.823175638660275544e+00 4.515329988110265008e-02 7.156565616418433806e-03 -6.210300790679288557e-02
4.380000000000000000e+03 1.820545442540421499e+00 4.507167073992917466e-02 7.151999463653337108e-03 -6.197238292209576727e-02
4.381000000000000000e+03 1.817911357987419319e+00 4.499041681428755241e-02 7.147437585213461432e-03 -6.184263885827026574e-02
4.382000000000000000e+03 1.815265392303006875e+00 4.490940907592883696e-02 7.142880001720345109e-03 -6.171369427931960167e-02
4.383000000000000000e+03 1.812621948265404903e+00 4.482874133657432925e-02 7.138326721657947335e-03 -6.158554267965925255e-02
4.384000000000000000e+03 1.809965828484827011e+00 4.474835882261280623e-02 7.133777741113720740e-03 -6.145817817366625718e-02
4.385000000000000000e+03 1.807304235646508772e+00 4.466820673412454090e-02 7.129233043745780880e-03 -6.133166975678065735e-02
4.386000000000000000e+03 1.804629631512838950e+00 4.458837880400506187e-02 7.124692600687903242e-03 -6.120593843703635989e-02
4.387000000000000000e+03 1.801956878378699223e+00 4.450882015580572004e-02 7.120156370770886964e-03 -6.108098007249272016e-02
4.388000000000000000e+03 1.799271239271448719e+00 4.442955014619627552e-02 7.115624300702243568e-03 -6.095679107905072752e-02
4.389000000000000000e+03 1.796587802359743025e+00 4.435051378980590930e-02 7.111096325431317221e-03 -6.083336842661665050e-02
4.390000000000000000e+03 1.793892050731589416e+00 4.427173031809519127e-02 7.106572368576898405e-03 -6.071070963959492722e-02
4.391000000000000000e+03 1.791191856425050632e+00 4.419321888764617817e-02 7.102052343030492224e-03 -6.058873851844982783e-02
4.392000000000000000e+03 1.788487761643124951e+00 4.411499857199741026e-02 7.097536151608789534e-03 -6.046752799939492107e-02
4.393000000000000000e+03 1.785787829151664230e+00 4.403701407008085711e-02 7.093023687750854046e-03 -6.034700303363347423e-02
4.394000000000000000e+03 1.783077921712953096e+00 4.395920998152762216e-02 7.088514836449415560e-03 -6.022723773828871086e-02
4.395000000000000000e+03 1.780366264220500261e+00 4.388167936573029310e-02 7.084009475093367911e-03 -6.010808399934982477e-02
4.396000000000000000e+03 1.777661149952622921e+00 4.380436659982707426e-02 7.079507474514164581e-03 -5.998961719627655259e-02
4.397000000000000000e+03 1.774948646173760691e+00 4.372729022135455473e-02 7.075008700036263150e-03 -5.987176481066633360e-02
4.398000000000000000e+03 1.772244582671325341e+00 4.365039435351444896e-02 7.070513012580860457e-03 -5.975460358900055308e-02
4.399000000000000000e+03 1.769542542910816252e+00 4.357377154802761360e-02 7.066020269864261259e-03 -5.963791387218098095e-02
4.400000000000000000e+03 1.766843566662262166e+00 4.349729136021283221e-02 7.061530327534359767e-03 -5.952192246256275687e-02
4.401000000000000000e+03 1.764156137232895327e+00 4.342104689261046951e-02 7.057043040431559833e-03 -5.940641520291614630e-02
4.402000000000000000e+03 1.761466451701340086e+00 4.334491163669465519e-02 7.052558263815521949e-03 -5.929149168863341590e-02
4.403000000000000000e+03 1.758790413176864798e+00 4.326905690066311372e-02 7.048075854578374211e-03 -5.917718204025420453e-02
4.404000000000000000e+03 1.756121622765920431e+00 4.319335668474679618e-02 7.043595672488242761e-03 -5.906336870551231327e-02
4.405000000000000000e+03 1.753468510167877747e+00 4.311790765929434527e-02 7.039117581373470316e-03 -5.895008362555455989e-02
4.406000000000000000e+03 1.750824609356123052e+00 4.304258345753157050e-02 7.034641450276692132e-03 -5.883743398242229777e-02
4.407000000000000000e+03 1.748190833052487125e+00 4.296748037057619013e-02 7.030167154624581728e-03 -5.872537937763946947e-02
4.408000000000000000e+03 1.745575462592276139e+00 4.289254592427587526e-02 7.025694577248946422e-03 -5.861388042581967134e-02
4.409000000000000000e+03 1.742971853276672922e+00 4.281780172424035080e-02 7.021223609437770262e-03 -5.850289877874367828e-02
4.410000000000000000e+03 1.740388138806366669e+00 4.274326916729366543e-02 7.016754151782191896e-03 -5.839247142937314949e-02
4.411000000000000000e+03 1.737817509629973278e+00 4.266896943652807861e-02 7.012286115123529152e-03 -5.828263644568123375e-02
4.412000000000000000e+03 1.735260490539880962e+00 4.259477492981086216e-02 7.007819421247206589e-03 -5.817328441667232036e-02
4.413000000000000000e+03 1.732724934086887547e+00 4.252078067303230458e-02 7.003354003558360900e-03 -5.806452987879538730e-02
4.414000000000000000e+03 1.730211158228328161e+00 4.244700718213185314e-02 6.998889807649997553e-03 -5.795633990273056646e-02
4.415000000000000000e+03 1.727711941667833928e+00 4.237332617600218787e-02 6.994426791692632227e-03 -5.784860837631084635e-02
4.416000000000000000e+03 1.725227376934127088e+00 4.229990627409914439e-02 6.989964926810259167e-03 -5.774145313297152082e-02
4.417000000000000000e+03 1.722772296185805407e+00 4.222661872536383199e-02 6.985504197301798182e-03 -5.763484452344352221e-02
4.418000000000000000e+03 1.720324271319485288e+00 4.215348310653598690e-02 6.981044600659537351e-03 -5.752875396665885210e-02
4.419000000000000000e+03 1.717905325504613945e+00 4.208051875260759161e-02 6.976586147591944641e-03 -5.742315392823288400e-02
4.420000000000000000e+03 1.715495765133908002e+00 4.200767047111321484e-02 6.972128861872733951e-03 -5.731801789359221300e-02
4.421000000000000000e+03 1.713107722430692315e+00 4.193503139076137226e-02 6.967672779981704499e-03 -5.721346890268650537e-02
4.422000000000000000e+03 1.710736874226878923e+00 4.186254582562468768e-02 6.963217950820639081e-03 -5.710940809495657772e-02
4.423000000000000000e+03 1.708383245488360735e+00 4.179023212430718615e-02 6.958764435075521712e-03 -5.700581180061465442e-02
4.424000000000000000e+03 1.706045271835046728e+00 4.171803410158646946e-02 6.954312304722814510e-03 -5.690280577645576848e-02
4.425000000000000000e+03 1.703722777093803264e+00 4.164604388804182128e-02 6.949861642137697068e-03 -5.680021945232158198e-02
4.426000000000000000e+03 1.701414009128532356e+00 4.157413051158000139e-02 6.945412539404411528e-03 -5.669810585884586113e-02
4.427000000000000000e+03 1.699118619246647643e+00 4.150238559786877807e-02 6.940965097305380228e-03 -5.659651871565222342e-02
4.428000000000000000e+03 1.696834699748413389e+00 4.143075195231866320e-02 6.936519424323681592e-03 -5.649543808303059828e-02
4.429000000000000000e+03 1.694562507736744550e+00 4.135924641023543818e-02 6.932075635544212092e-03 -5.639484457705231518e-02
4.430000000000000000e+03 1.692299275563997174e+00 4.128788555302188856e-02 6.927633851556897794e-03 -5.629471929815822034e-02
4.431000000000000000e+03 1.690045164369648356e+00 4.121661142461571087e-02 6.923194197157795868e-03 -5.619504375728109208e-02
4.432000000000000000e+03 1.687798075558240685e+00 4.114551438191649257e-02 6.918756800117793065e-03 -5.609587408326691116e-02
4.433000000000000000e+03 1.685556633826105655e+00 4.107453596071460045e-02 6.914321789952444786e-03 -5.599719237834139413e-02
4.434000000000000000e+03 1.683320199103263581e+00 4.100369172632409298e-02 6.909889296526619019e-03 -5.589898092292158033e-02
4.435000000000000000e+03 1.681087392971776229e+00 4.093292270655498472e-02 6.905459448817687952e-03 -5.580122209639772762e-02
4.436000000000000000e+03 1.678856110788226053e+00 4.086231824243360261e-02 6.901032373459414088e-03 -5.570397258142455177e-02
4.437000000000000000e+03 1.676625762233362682e+00 4.079174457057760383e-02 6.896608193603317657e-03 -5.560721471830329388e-02
4.438000000000000000e+03 1.674395054662046745e+00 4.072136480785917834e-02 6.892187027527472629e-03 -5.551085642732056513e-02
4.439000000000000000e+03 1.672162004657307799e+00 4.065111896684540926e-02 6.887768987423817900e-03 -5.541502826676890370e-02
4.440000000000000000e+03 1.669926177681135382e+00 4.058094680624479283e-02 6.883354178200503347e-03 -5.531956337448316191e-02
4.441000000000000000e+03 1.667686470201606541e+00 4.051086211422764288e-02 6.878942696393119255e-03 -5.522459166467406921e-02
4.442000000000000000e+03 1.665441862546115370e+00 4.044087842475556360e-02 6.874534629053913846e-03 -5.513001977516613500e-02
4.443000000000000000e+03 1.663190685376115363e+00 4.037100901724189478e-02 6.870130052802477134e-03 -5.503590242021033641e-02
4.444000000000000000e+03 1.660932113868962778e+00 4.030126691615554951e-02 6.865729032930711212e-03 -5.494221947933691785e-02
4.445000000000000000e+03 1.658666918185635497e+00 4.023159060698300316e-02 6.861331622633013751e-03 -5.484887594096694852e-02
4.446000000000000000e+03 1.656392270305741432e+00 4.016206688613772890e-02 6.856937862303068808e-03 -5.475592470127123995e-02
4.447000000000000000e+03 1.654109920874166750e+00 4.009255944268243221e-02 6.852547779001468865e-03 -5.466334366698491487e-02
4.448000000000000000e+03 1.651818032603614705e+00 4.002322884203320108e-02 6.848161385975090609e-03 -5.457110999754756497e-02
4.449000000000000000e+03 1.649516383587420698e+00 3.995393825695740114e-02 6.843778682356722355e-03 -5.447920006919875630e-02
4.450000000000000000e+03 1.647205626775737342e+00 3.988477345103641492e-02 6.839399652967916195e-03 -5.438758944470363510e-02
4.451000000000000000e+03 1.644885815254124806e+00 3.981567117127347150e-02 6.835024268227694703e-03 -5.429625603401855294e-02
4.452000000000000000e+03 1.642555688798793323e+00 3.974671571456669938e-02 6.830652484291064273e-03 -5.420526391472645783e-02
4.453000000000000000e+03 1.640217843000152609e+00 3.967776807514222792e-02 6.826284243157959217e-03 -5.411460519668016139e-02
4.454000000000000000e+03 1.637870545801777267e+00 3.960898611633219268e-02 6.821919473058658291e-03 -5.402419682995755063e-02
4.455000000000000000e+03 1.635515905055652475e+00 3.954023030112227555e-02 6.817558088852792783e-03 -5.393410345404709566e-02
4.456000000000000000e+03 1.633153921068295711e+00 3.947158367505718135e-02 6.813199992683936605e-03 -5.384431455181979548e-02
4.457000000000000000e+03 1.630785452064329233e+00 3.940298044725529247e-02 6.808845074588794344e-03 -5.375481874270606614e-02
4.458000000000000000e+03 1.628410721586939891e+00 3.933450312280040162e-02 6.804493213338424183e-03 -5.366567808120165095e-02
4.459000000000000000e+03 1.626032281916688582e+00 3.926608536713054043e-02 6.800144277378756402e-03 -5.357673094272100839e-02
4.460000000000000000e+03 1.623649062547414035e+00 3.919773485503517951e-02 6.795798125786985458e-03 -5.348811203239923345e-02
4.461000000000000000e+03 1.621264531683840548e+00 3.912945898560163394e-02 6.791454609413282578e-03 -5.339965814568177482e-02
4.462000000000000000e+03 1.618877771776412011e+00 3.906126488083965648e-02 6.787113571974502484e-03 -5.331157675217215036e-02
4.463000000000000000e+03 1.616490896762700302e+00 3.899315938419003341e-02 6.782774851423273993e-03 -5.322362891285714603e-02
4.464000000000000000e+03 1.614105326220217629e+00 3.892507477586262116e-02 6.778438281141004919e-03 -5.313594643717546584e-02
4.465000000000000000e+03 1.611722516071276257e+00 3.885701733864883184e-02 6.774103691346353498e-03 -5.304843765588861809e-02
4.466000000000000000e+03 1.609343203270059197e+00 3.878906735696605740e-02 6.769770910425115980e-03 -5.296115888149722367e-02
4.467000000000000000e+03 1.606970364430264420e+00 3.872123054899195144e-02 6.765439766382697583e-03 -5.287409160183043078e-02
4.468000000000000000e+03 1.604604003149393998e+00 3.865336378256883226e-02 6.761110088207391774e-03 -5.278714252502166721e-02
4.469000000000000000e+03 1.602245594187171607e+00 3.858569505927108428e-02 6.756781707297599728e-03 -5.270044075872091366e-02
4.470000000000000000e+03 1.599897327915564160e+00 3.851800639569614992e-02 6.752454458842573927e-03 -5.261381787047662850e-02
4.471000000000000000e+03 1.597559869332287441e+00 3.845037665855793874e-02 6.748128183156110009e-03 -5.252740219978420388e-02
4.472000000000000000e+03 1.595234574432873975e+00 3.838288443091982666e-02 6.743802727066388995e-03 -5.244109891633224468e-02
4.473000000000000000e+03 1.592923478538311732e+00 3.831538516238849196e-02 6.739477945068245678e-03 -5.235488719471703689e-02
4.474000000000000000e+03 1.590625571015781947e+00 3.824795687093665575e-02 6.735153700596459118e-03 -5.226882025287435396e-02
4.475000000000000000e+03 1.588343470361547327e+00 3.818060301014031960e-02 6.730829867091914567e-03 -5.218280253705287475e-02
4.476000000000000000e+03 1.586078214691637678e+00 3.811332675413731108e-02 6.726506329080387224e-03 -5.209688688806414503e-02
4.477000000000000000e+03 1.583829252936742149e+00 3.804613099952266347e-02 6.722182983047900184e-03 -5.201105171917716485e-02
4.478000000000000000e+03 1.581598151152746379e+00 3.797894408395612736e-02 6.717859738320790426e-03 -5.192527532402913676e-02
4.479000000000000000e+03 1.579385614331533683e+00 3.791184263920199110e-02 6.713536517747435185e-03 -5.183953589641700221e-02
4.480000000000000000e+03 1.577191480631005227e+00 3.784475445997440707e-02 6.709213258276816930e-03 -5.175381154545897339e-02
4.481000000000000000e+03 1.575016945244896771e+00 3.777775564106781309e-02 6.704889911479635159e-03 -5.166815458922307397e-02
4.482000000000000000e+03 1.572860842771098389e+00 3.771077344692409100e-02 6.700566443823659929e-03 -5.158254299257543363e-02
4.483000000000000000e+03 1.570724844813073950e+00 3.764388344943488118e-02 6.696242836924031633e-03 -5.149688036679200137e-02
4.484000000000000000e+03 1.568608259125826132e+00 3.757701239813146521e-02 6.691919087581555889e-03 -5.141129309764266853e-02
4.485000000000000000e+03 1.566511001193686470e+00 3.751023535864242420e-02 6.687595207743528281e-03 -5.132568463293751132e-02
4.486000000000000000e+03 1.564431367208898083e+00 3.744355286702375635e-02 6.683271224251219333e-03 -5.124010688319074330e-02
4.487000000000000000e+03 1.562370493799775772e+00 3.737681665125486968e-02 6.678947178569262857e-03 -5.115446306523084574e-02
4.488000000000000000e+03 1.560327162114749866e+00 3.731024962118568294e-02 6.674623126238932690e-03 -5.106887909205085063e-02
4.489000000000000000e+03 1.558300031433231814e+00 3.724370303902828361e-02 6.670299136366549322e-03 -5.098325783905777175e-02
4.490000000000000000e+03 1.556289131072939647e+00 3.717717650978524108e-02 6.665975290834461747e-03 -5.089765052373114440e-02
4.491000000000000000e+03 1.554292896362997389e+00 3.711066942028928839e-02 6.661651683479058277e-03 -5.081203381280476050e-02
4.492000000000000000e+03 1.552310405471595711e+00 3.704425522893477207e-02 6.657328419169359496e-03 -5.072638405896188335e-02
4.493000000000000000e+03 1.550339902993232988e+00 3.697793290509464315e-02 6.653005612764441648e-03 -5.064067725008625231e-02
4.494000000000000000e+03 1.548381038561743361e+00 3.691162693569628728e-02 6.648683387966177263e-03 -5.055503752189790395e-02
4.495000000000000000e+03 1.546432649211480603e+00 3.684541018244660154e-02 6.644361876077432491e-03 -5.046943996635005342e-02
4.496000000000000000e+03 1.544492028068182199e+00 3.677928103805043480e-02 6.640041214770085569e-03 -5.038378485502388593e-02
4.497000000000000000e+03 1.542560136274063298e+00 3.671323771656444940e-02 6.635721546730476671e-03 -5.029812042708990683e-02
4.498000000000000000e+03 1.540632701490855627e+00 3.664720397679335773e-02 6.631403018259744535e-03 -5.021249425819455242e-02
4.499000000000000000e+03 1.538710630442321481e+00 3.658132626318081476e-02 6.627085777860979195e-03 -5.012687891172979554e-02
4.500000000000000000e+03 1.536791107956258617e+00 3.651552801167434747e-02 6.622769974791059208e-03 -5.004124615640685031e-02
4.501000000000000000e+03 1.534873563006837971e+00 3.644980598861186083e-02 6.618455757643483192e-03 -4.995571557935456208e-02
4.502000000000000000e+03 1.532955255453819277e+00 3.638415360825007078e-02 6.614143272883375897e-03 -4.987010915584757370e-02
4.503000000000000000e+03 1.531035715395370866e+00 3.631856334517891832e-02 6.609832663417021352e-03 -4.978454511691918910e-02
4.504000000000000000e+03 1.529113031481918572e+00 3.625302754274444678e-02 6.605524067233942143e-03 -4.969906635729960664e-02
4.505000000000000000e+03 1.527186091730422079e+00 3.618761270293623100e-02 6.601217616063527818e-03 -4.961356609144799978e-02
4.506000000000000000e+03 1.525253852494885098e+00 3.612231092562644130e-02 6.596913434062066060e-03 -4.952808492989942135e-02
4.507000000000000000e+03 1.523315349659313922e+00 3.605696563105811880e-02 6.592611636634803859e-03 -4.944266225782925628e-02
4.508000000000000000e+03 1.521368966278509927e+00 3.599179155020234416e-02 6.588312329274851123e-03 -4.935718761735052862e-02
4.509000000000000000e+03 1.519413927909564865e+00 3.592663189532779855e-02 6.584015606514818757e-03 -4.927184636194822248e-02
4.510000000000000000e+03 1.517449568533663973e+00 3.586155263334533244e-02 6.579721551013230016e-03 -4.918652534661245579e-02
4.511000000000000000e+03 1.515475338325914301e+00 3.579654535688427119e-02 6.575430232727637672e-03 -4.910118430837450559e-02
4.512000000000000000e+03 1.513490067531184202e+00 3.573160157268380488e-02 6.571141708137460090e-03 -4.901593011812873518e-02
4.513000000000000000e+03 1.511493457721464706e+00 3.566678698959296206e-02 6.566856019716579319e-03 -4.893071962062841423e-02
4.514000000000000000e+03 1.509485343372897859e+00 3.560194438886218893e-02 6.562573195446978411e-03 -4.884550818131570132e-02
4.515000000000000000e+03 1.507464952224546462e+00 3.553721361264748635e-02 6.558293248499377087e-03 -4.876032395562653748e-02
4.516000000000000000e+03 1.505432392893109039e+00 3.547258586674389980e-02 6.554016177012314710e-03 -4.867519359756480174e-02
4.517000000000000000e+03 1.503387912713972430e+00 3.540797800749438673e-02 6.549741964066631630e-03 -4.859006797443082837e-02
4.518000000000000000e+03 1.501331897140760763e+00 3.534345539547548154e-02 6.545470577758785539e-03 -4.850489645496125490e-02
4.519000000000000000e+03 1.499263382202226769e+00 3.527893476432165942e-02 6.541201971478864327e-03 -4.841977548720627356e-02
4.520000000000000000e+03 1.497184508382344958e+00 3.521455564099226082e-02 6.536936084163441109e-03 -4.833465148146377788e-02
4.521000000000000000e+03 1.495094573580002528e+00 3.515016036352032469e-02 6.532672840900708225e-03 -4.824946940051640099e-02
4.522000000000000000e+03 1.492995227403092873e+00 3.508588835125783789e-02 6.528412153495411624e-03 -4.816424707201853728e-02
4.523000000000000000e+03 1.490886007464991225e+00 3.502165612226267738e-02 6.524153921247854461e-03 -4.807907522317134835e-02
4.524000000000000000e+03 1.488769531455580442e+00 3.495752871258026723e-02 6.519898031797723842e-03 -4.799382038664726235e-02
4.525000000000000000e+03 1.486646288509364977e+00 3.489342254378115238e-02 6.515644362106918358e-03 -4.790857064658286812e-02
4.526000000000000000e+03 1.484517600827651052e+00 3.482947684187288895e-02 6.511392779554365032e-03 -4.782326427071216524e-02
4.527000000000000000e+03 1.482384127446383371e+00 3.476553365409255220e-02 6.507143143058322955e-03 -4.773791261471557051e-02
4.528000000000000000e+03 1.480247338596215601e+00 3.470173211804462865e-02 6.502895304378179635e-03 -4.765245161282678776e-02
4.529000000000000000e+03 1.478108760912558051e+00 3.463798847829094307e-02 6.498649109405078318e-03 -4.756703897276251536e-02
4.530000000000000000e+03 1.475969964944435553e+00 3.457429322139673328e-02 6.494404399529331122e-03 -4.748145997136706681e-02
4.531000000000000000e+03 1.473831809406598747e+00 3.451071107693365336e-02 6.490161013049812466e-03 -4.739579607203789346e-02
4.532000000000000000e+03 1.471695913632399044e+00 3.444715816792521396e-02 6.485918786665239265e-03 -4.731005357482320067e-02
4.533000000000000000e+03 1.469563901337961331e+00 3.438369914593886190e-02 6.481677556890581317e-03 -4.722423796864956558e-02
4.534000000000000000e+03 1.467436644325836648e+00 3.432032434160902507e-02 6.477437161563415376e-03 -4.713835400051817615e-02
4.535000000000000000e+03 1.465316477590646427e+00 3.425709833283709094e-02 6.473197441276780720e-03 -4.705233146126242688e-02
4.536000000000000000e+03 1.463204214764904476e+00 3.419386281198903699e-02 6.468958240869410702e-03 -4.696617382111600153e-02
4.537000000000000000e+03 1.461101363715863855e+00 3.413083085534798083e-02 6.464719410792623723e-03 -4.687995829711197326e-02
4.538000000000000000e+03 1.459009371226094531e+00 3.406776980613570455e-02 6.460480808468323753e-03 -4.679361306826138045e-02
4.539000000000000000e+03 1.456929611048353168e+00 3.400489267821008715e-02 6.456242299643476755e-03 -4.670706590593960705e-02
4.540000000000000000e+03 1.454862629772749827e+00 3.394204103953806645e-02 6.452003759547424513e-03 -4.662046708496717790e-02
4.541000000000000000e+03 1.452809621951075325e+00 3.387935356581853880e-02 6.447765074069082732e-03 -4.653374373996986557e-02
4.542000000000000000e+03 1.450771677564254514e+00 3.381674605835287284e-02 6.443526140797998895e-03 -4.644689705291424331e-02
4.543000000000000000e+03 1.448749773261869045e+00 3.375420858067522401e-02 6.439286869993048751e-03 -4.635992801909406824e-02
4.544000000000000000e+03 1.446744764619231960e+00 3.369180546142380023e-02 6.435047185422757172e-03 -4.627283749209142039e-02
4.545000000000000000e+03 1.444755893812895042e+00 3.362952673055057823e-02 6.430807025042728498e-03 -4.618570050720595399e-02
4.546000000000000000e+03 1.442785241125799311e+00 3.356728812272972290e-02 6.426566341621977110e-03 -4.609836918248269577e-02
4.547000000000000000e+03 1.440831777961465221e+00 3.350522821512082194e-02 6.422325103186310620e-03 -4.601091844918426405e-02
4.548000000000000000e+03 1.438896563623109248e+00 3.344326273038596836e-02 6.418083293337565817e-03 -4.592342322527911969e-02
4.549000000000000000e+03 1.436979029339158886e+00 3.338145595849265068e-02 6.413840911463839813e-03 -4.583580986669615748e-02
4.550000000000000000e+03 1.435079949087689988e+00 3.331972362730681314e-02 6.409597972777648749e-03 -4.574807903023284800e-02
4.551000000000000000e+03 1.433198471321941669e+00 3.325812941993186445e-02 6.405354508195367988e-03 -4.566030343190673191e-02
4.552000000000000000e+03 1.431334356409032615e+00 3.319666026457118030e-02 6.401110564128724423e-03 -4.557247253573287055e-02
4.553000000000000000e+03 1.429486487392928939e+00 3.313530248821704161e-02 6.396866202094469815e-03 -4.548457357748440094e-02
4.554000000000000000e+03 1.427655843584871853e+00 3.307411672735948577e-02 6.392621498248279681e-03 -4.539659380273301098e-02
4.555000000000000000e+03 1.425840306451714889e+00 3.301301508343936625e-02 6.388376542677318311e-03 -4.530852045110081439e-02
4.556000000000000000e+03 1.424039866329547710e+00 3.295205826289477474e-02 6.384131438701018575e-03 -4.522041501889977055e-02
4.557000000000000000e+03 1.422252173354468185e+00 3.289123273296697819e-02 6.379886301980898164e-03 -4.513219038303004776e-02
4.558000000000000000e+03 1.420477746247120310e+00 3.283052501165557857e-02 6.375641259526685332e-03 -4.504398218825832884e-02
4.559000000000000000e+03 1.418714782323738932e+00 3.276999595783086638e-02 6.371396448605495290e-03 -4.495562882848504194e-02
4.560000000000000000e+03 1.416962139517734531e+00 3.270955792740407736e-02 6.367152015594736494e-03 -4.486726567678971100e-02
4.561000000000000000e+03 1.415217862118340442e+00 3.264919763065616404e-02 6.362908114703883997e-03 -4.477887934319804003e-02
4.562000000000000000e+03 1.413481421306006958e+00 3.258905042257606577e-02 6.358664906656918796e-03 -4.469045619779201534e-02
4.563000000000000000e+03 1.411750756354404501e+00 3.252895460874478256e-02 6.354422557295005478e-03 -4.460190804096245826e-02
4.564000000000000000e+03 1.410024516073005163e+00 3.246904572013507850e-02 6.350181236229228768e-03 -4.451344347309563881e-02
4.565000000000000000e+03 1.408301329186033346e+00 3.240923653549195038e-02 6.345941115316429057e-03 -4.442489929391985060e-02
4.566000000000000000e+03 1.406579074867058798e+00 3.234951422206591709e-02 6.341702367209944152e-03 -4.433633472089416189e-02
4.567000000000000000e+03 1.404857867480939326e+00 3.228994034224638016e-02 6.337465163894866020e-03 -4.424773420550175834e-02
4.568000000000000000e+03 1.403134127214080484e+00 3.223050229302854008e-02 6.333229675254430611e-03 -4.415915595111257613e-02
4.569000000000000000e+03 1.401408021522911662e+00 3.217118759586963528e-02 6.328996067591971877e-03 -4.407058329790376067e-02
4.570000000000000000e+03 1.399677535217626279e+00 3.211198390282253567e-02 6.324764502235609952e-03 -4.398199895992461333e-02
4.571000000000000000e+03 1.397942196952030036e+00 3.205295328590076348e-02 6.320535134195705285e-03 -4.389345926442527607e-02
4.572000000000000000e+03 1.396199376799165615e+00 3.199400939220216344e-02 6.316308110874262541e-03 -4.380487125979214830e-02
4.573000000000000000e+03 1.394448754341752528e+00 3.193521458325253304e-02 6.312083570856058187e-03 -4.371636409480184060e-02
4.574000000000000000e+03 1.392688614805551950e+00 3.187648280601973472e-02 6.307861642758587351e-03 -4.362791756644161106e-02
4.575000000000000000e+03 1.390919572676742044e+00 3.181795101514600654e-02 6.303642444168158776e-03 -4.353951065631485318e-02
4.576000000000000000e+03 1.389138637511701413e+00 3.175953347619482614e-02 6.299426080759567767e-03 -4.345112150470383655e-02
4.577000000000000000e+03 1.387346649748107508e+00 3.170121890366340428e-02 6.295212645419016526e-03 -4.336280167280837788e-02
4.578000000000000000e+03 1.385542344388295266e+00 3.164307046450675481e-02 6.291002217562626300e-03 -4.327445327621563809e-02
4.579000000000000000e+03 1.383725327548637196e+00 3.158500293079726656e-02 6.286794862547277589e-03 -4.318620039178917153e-02
4.580000000000000000e+03 1.381894594797321352e+00 3.152715409995754392e-02 6.282590631219958470e-03 -4.309801763515212769e-02
4.581000000000000000e+03 1.380050762430460765e+00 3.146936481256325246e-02 6.278389559590134318e-03 -4.300987872853086202e-02
4.582000000000000000e+03 1.378193097641723819e+00 3.141169893871169350e-02 6.274191668682635448e-03 -4.292175650742081211e-02
4.583000000000000000e+03 1.376322490098372819e+00 3.135414624550166007e-02 6.269996964448040430e-03 -4.283369721669066238e-02
4.584000000000000000e+03 1.374438479562681170e+00 3.129677096499370453e-02 6.265805437928134020e-03 -4.274567196231329747e-02
4.585000000000000000e+03 1.372541482095055665e+00 3.123948894439097790e-02 6.261617065407940920e-03 -4.265772530267164520e-02
4.586000000000000000e+03 1.370632786510586731e+00 3.118236478015275898e-02 6.257431808853051308e-03 -4.256990099545867462e-02
4.587000000000000000e+03 1.368713063959192899e+00 3.112538896729513324e-02 6.253249616394874165e-03 -4.248209346649219759e-02
4.588000000000000000e+03 1.366782362013904129e+00 3.106855218232920657e-02 6.249070422908606370e-03 -4.239449355198668390e-02
4.589000000000000000e+03 1.364842326158039798e+00 3.101184528220900585e-02 6.244894150835104789e-03 -4.230691999350704585e-02
4.590000000000000000e+03 1.362893963222429283e+00 3.095525930302266485e-02 6.240720711018559082e-03 -4.221941375719534539e-02
4.591000000000000000e+03 1.360938375198373018e+00 3.089885974185235459e-02 6.236550003659478529e-03 -4.213208952244504313e-02
4.592000000000000000e+03 1.358976006499990730e+00 3.084256370429672503e-02 6.232381919375542222e-03 -4.204483860767931763e-02
4.593000000000000000e+03 1.357008861779397613e+00 3.078643703621473590e-02 6.228216340375634756e-03 -4.195770045130911563e-02
4.594000000000000000e+03 1.355037523208382444e+00 3.073047147073460286e-02 6.224053141673176019e-03 -4.187063982772216281e-02
4.595000000000000000e+03 1.353064109857177622e+00 3.067465890903052148e-02 6.219892192394851221e-03 -4.178376976704571699e-02
4.596000000000000000e+03 1.351089293922348000e+00 3.061891713395175144e-02 6.215733357084648504e-03 -4.169690592555817116e-02
4.597000000000000000e+03 1.349114516443376210e+00 3.056338694095468017e-02 6.211576497116387888e-03 -4.161023521014937943e-02
4.598000000000000000e+03 1.347141231440823761e+00 3.050798643391275725e-02 6.207421472103847628e-03 -4.152364730087824973e-02
4.599000000000000000e+03 1.345171635608023664e+00 3.045278243935273590e-02 6.203268141345647489e-03 -4.143718042648121547e-02
4.600000000000000000e+03 1.343206426665790376e+00 3.039769336919238493e-02 6.199116365192822338e-03 -4.135079858828606680e-02
4.601000000000000000e+03 1.341247012986040321e+00 3.034271205712937847e-02 6.194966006509874772e-03 -4.126453794947020082e-02
4.602000000000000000e+03 1.339295483221587979e+00 3.028798000658430162e-02 6.190816932057191004e-03 -4.117842586939954308e-02
4.603000000000000000e+03 1.337353125829127576e+00 3.023334171870831200e-02 6.186669013835551303e-03 -4.109241344558893505e-02
4.604000000000000000e+03 1.335419680169660284e+00 3.017886468451791426e-02 6.182522130374320905e-03 -4.100652640088020551e-02
4.605000000000000000e+03 1.333497782173380442e+00 3.012461653131900258e-02 6.178376167993041533e-03 -4.092079086549936517e-02
4.606000000000000000e+03 1.331588496673208333e+00 3.007044216932496308e-02 6.174231021964497572e-03 -4.083508487247232421e-02
4.607000000000000000e+03 1.329692050370555156e+00 3.001648377348162949e-02 6.170086597582423622e-03 -4.074943555027811526e-02
4.608000000000000000e+03 1.327810051347273035e+00 2.996258651292725561e-02 6.165942811178630988e-03 -4.066394489370547122e-02
4.609000000000000000e+03 1.325942509690797522e+00 2.990896710029469774e-02 6.161799590961278966e-03 -4.057849267978403535e-02
4.610000000000000000e+03 1.324090058995111674e+00 2.985547095463841547e-02 6.157656877837619502e-03 -4.049310793012696197e-02
4.611000000000000000e+03 1.322254693285238369e+00 2.980209218424951720e-02 6.153514626040029398e-03 -4.040782038376730667e-02
4.612000000000000000e+03 1.320435305243140789e+00 2.974889930168931121e-02 6.149372803690448565e-03 -4.032258624787415230e-02
4.613000000000000000e+03 1.318632139642403889e+00 2.969588665569505848e-02 6.145231393162310998e-03 -4.023743679335576445e-02
4.614000000000000000e+03 1.316846790992256766e+00 2.964304871383088152e-02 6.141090391397952333e-03 -4.015240409419899154e-02
4.615000000000000000e+03 1.315078488245780886e+00 2.959030577848944035e-02 6.136949810059686913e-03 -4.006744676081427231e-02
4.616000000000000000e+03 1.313327809105887312e+00 2.953780112082758993e-02 6.132809675456686593e-03 -3.998252423444837583e-02
4.617000000000000000e+03 1.311592967224946005e+00 2.948545527981719441e-02 6.128670028525600409e-03 -3.989774535924730386e-02
4.618000000000000000e+03 1.309875014654032555e+00 2.943326319686690937e-02 6.124530924468483094e-03 -3.981307124731631869e-02
4.619000000000000000e+03 1.308173388639822576e+00 2.938121993306164886e-02 6.120392432450305273e-03 -3.972853812262312767e-02
4.620000000000000000e+03 1.306486659432628095e+00 2.932939495386612319e-02 6.116254635023433799e-03 -3.964403445819367211e-02
4.621000000000000000e+03 1.304814022046987709e+00 2.927770928007205134e-02 6.112117627488611663e-03 -3.955967237600130360e-02
4.622000000000000000e+03 1.303155303411765109e+00 2.922615834002976684e-02 6.107981517154799193e-03 -3.947541620681548069e-02
4.623000000000000000e+03 1.301509484841924413e+00 2.917481197164615778e-02 6.103846422486976404e-03 -3.939130531315718220e-02
4.624000000000000000e+03 1.299874711094840318e+00 2.912366585765832280e-02 6.099712472121510479e-03 -3.930730549026741072e-02
4.625000000000000000e+03 1.298249785925952970e+00 2.907256724463581563e-02 6.095579803796451548e-03 -3.922353178069917790e-02
4.626000000000000000e+03 1.296634925546093386e+00 2.902173493016955638e-02 6.091448563219566646e-03 -3.913980273361412215e-02
4.627000000000000000e+03 1.295027312870495217e+00 2.897101643066529730e-02 6.087318902906889428e-03 -3.905630891354278100e-02
4.628000000000000000e+03 1.293426309155221832e+00 2.892048225242097037e-02 6.083190980843504979e-03 -3.897287001986532440e-02
4.629000000000000000e+03 1.291830494870507717e+00 2.887005447715677159e-02 6.079064959237906463e-03 -3.888967767423297944e-02
4.630000000000000000e+03 1.290238425057880889e+00 2.881987818276468549e-02 6.074941003096271872e-03 -3.880670110320944000e-02
4.631000000000000000e+03 1.288649384879746229e+00 2.876980146196506105e-02 6.070819278897301823e-03 -3.872383565495454705e-02
4.632000000000000000e+03 1.287060431068753896e+00 2.871989541006116087e-02 6.066699953182551168e-03 -3.864119988222054075e-02
4.633000000000000000e+03 1.285472347354521760e+00 2.867015699411021648e-02 6.062583191165279647e-03 -3.855876407392638122e-02
4.634000000000000000e+03 1.283881485864004635e+00 2.862050905598676268e-02 6.058469155412840070e-03 -3.847657305524557897e-02
4.635000000000000000e+03 1.282287950616474159e+00 2.857109744945596219e-02 6.054358004430787470e-03 -3.839459757118789812e-02
4.636000000000000000e+03 1.280690409598731927e+00 2.852184534198801830e-02 6.050249891387472247e-03 -3.831288280586774703e-02
4.637000000000000000e+03 1.279087591858068196e+00 2.847267606787888886e-02 6.046144962909798595e-03 -3.823132548639626704e-02
4.638000000000000000e+03 1.277477555487544825e+00 2.842366169780837643e-02 6.042043357795966879e-03 -3.815011954069634503e-02
4.639000000000000000e+03 1.275860669086499533e+00 2.837480019043536056e-02 6.037945205988559834e-03 -3.806908750604501290e-02
4.640000000000000000e+03 1.274235164078926230e+00 2.832616396139833390e-02 6.033850627459792781e-03 -3.798842332749420569e-02
4.641000000000000000e+03 1.272600114506449831e+00 2.827760275080229424e-02 6.029759731370981993e-03 -3.790794949015358767e-02
4.642000000000000000e+03 1.270955444530083245e+00 2.822918932561314931e-02 6.025672615105078997e-03 -3.782778554221193079e-02
4.643000000000000000e+03 1.269300449243728091e+00 2.818092234641804764e-02 6.021589363649978988e-03 -3.774797665347225106e-02
4.644000000000000000e+03 1.267634542918349760e+00 2.813280065152127737e-02 6.017510048877525511e-03 -3.766841931267205651e-02
4.645000000000000000e+03 1.265958006124535240e+00 2.808482325692995482e-02 6.013434729141098854e-03 -3.758908416386030904e-02
4.646000000000000000e+03 1.264269760356898198e+00 2.803698935606870751e-02 6.009363448830381919e-03 -3.751016456442188979e-02
4.647000000000000000e+03 1.262569598485645317e+00 2.798922403551588195e-02 6.005296238096315478e-03 -3.743148231336007603e-02
4.648000000000000000e+03 1.260858185505332463e+00 2.794167540765849292e-02 6.001233112831132373e-03 -3.735315620461782116e-02
4.649000000000000000e+03 1.259135572412666271e+00 2.789426890805982162e-02 5.997174074588738045e-03 -3.727515633308673554e-02
4.650000000000000000e+03 1.257401937396979585e+00 2.784693014376014852e-02 5.993119110750602142e-03 -3.719745267417361168e-02
4.651000000000000000e+03 1.255658318486841285e+00 2.779973390216143939e-02 5.989068194763411297e-03 -3.712016318013899863e-02
4.652000000000000000e+03 1.253903616139189214e+00 2.775275691433381695e-02 5.985021286579217045e-03 -3.704310663709822760e-02
4.653000000000000000e+03 1.252139810127555375e+00 2.770577938403545951e-02 5.980978333110114654e-03 -3.696639842582979951e-02
4.654000000000000000e+03 1.250367503783211598e+00 2.765902737421691016e-02 5.976939268888112854e-03 -3.689000534160833539e-02
4.655000000000000000e+03 1.248586659719690406e+00 2.761235568412411315e-02 5.972904016732004037e-03 -3.681396848171163139e-02
4.656000000000000000e+03 1.246799563139479039e+00 2.756584211242292873e-02 5.968872488650364162e-03 -3.673818043608528816e-02
4.657000000000000000e+03 1.245005613109956499e+00 2.751949031799545003e-02 5.964844586726264324e-03 -3.666275674974588117e-02
4.658000000000000000e+03 1.243207255605187633e+00 2.747322981437468059e-02 5.960820204112863251e-03 -3.658759027001751152e-02
4.659000000000000000e+03 1.241405516189734159e+00 2.742713881428540668e-02 5.956799226162311570e-03 -3.651279689881239271e-02
4.660000000000000000e+03 1.239600731978506065e+00 2.738122137295459849e-02 5.952781531520355378e-03 -3.643826994522761376e-02
4.661000000000000000e+03 1.237794768800190015e+00 2.733533309808907491e-02 5.948766993355703546e-03 -3.636405159883417809e-02
4.662000000000000000e+03 1.235988780992135050e+00 2.728970112764819017e-02 5.944755480607224508e-03 -3.629011013635181221e-02
4.663000000000000000e+03 1.234184685121428426e+00 2.724410700440026492e-02 5.940746859233181354e-03 -3.621641426342567943e-02
4.664000000000000000e+03 1.232382919394775067e+00 2.719870378733468819e-02 5.936740993526429776e-03 -3.614308174026791692e-02
4.665000000000000000e+03 1.230584660055191293e+00 2.715342177644580052e-02 5.932737747382130569e-03 -3.607000802278944457e-02
4.666000000000000000e+03 1.228791809363796173e+00 2.710833992294084394e-02 5.928736985601461978e-03 -3.599723773819529099e-02
4.667000000000000000e+03 1.227005498113339810e+00 2.706331440434394178e-02 5.924738575207639038e-03 -3.592474189145309499e-02
4.668000000000000000e+03 1.225226816958074005e+00 2.701849860176029627e-02 5.920742386619111397e-03 -3.585249220408395082e-02
4.669000000000000000e+03 1.223456805326722741e+00 2.697374882451194361e-02 5.916748294908263060e-03 -3.578053545093652643e-02
4.670000000000000000e+03 1.221697183690423349e+00 2.692914428749156736e-02 5.912756180927330324e-03 -3.570884494379100021e-02
4.671000000000000000e+03 1.219948857942205755e+00 2.688476425357578733e-02 5.908765932409799394e-03 -3.563746914604409843e-02
4.672000000000000000e+03 1.218212652990017908e+00 2.684046517624386063e-02 5.904777444973401818e-03 -3.556623458270770366e-02
4.673000000000000000e+03 1.216489304306138663e+00 2.679632639388622450e-02 5.900790623077268975e-03 -3.549534014876588178e-02
4.674000000000000000e+03 1.214780193179652246e+00 2.675227870586940893e-02 5.896805380862157539e-03 -3.542468859368561040e-02
4.675000000000000000e+03 1.213085111565310292e+00 2.670840150040040481e-02 5.892821642889040090e-03 -3.535433225388819739e-02
4.676000000000000000e+03 1.211405227772256676e+00 2.666469989817736586e-02 5.888839344793973633e-03 -3.528417594539658836e-02
4.677000000000000000e+03 1.209740853352101242e+00 2.662110474689768913e-02 5.884858433826953283e-03 -3.521427411943025415e-02
4.678000000000000000e+03 1.208091439576191028e+00 2.657769546664079385e-02 5.880878869284050965e-03 -3.514468231179700142e-02
4.679000000000000000e+03 1.206458546365885454e+00 2.653432862767649697e-02 5.876900622776938532e-03 -3.507530858674837160e-02
4.680000000000000000e+03 1.204841384004780247e+00 2.649115793062120985e-02 5.872923678477022340e-03 -3.500613639302194158e-02
4.681000000000000000e+03 1.203240527175861940e+00 2.644811421814445909e-02 5.868948033107879853e-03 -3.493729884721005763e-02
4.682000000000000000e+03 1.201654944620885290e+00 2.640520260548349929e-02 5.864973695966071120e-03 -3.486870731068185403e-02
4.683000000000000000e+03 1.200084972603827849e+00 2.636242819406853233e-02 5.861000688669704486e-03 -3.480034851253233086e-02
4.684000000000000000e+03 1.198530089629147311e+00 2.631979606897267773e-02 5.857029044945231272e-03 -3.473221024961826303e-02
4.685000000000000000e+03 1.196988920731328898e+00 2.627723701344900770e-02 5.853058810158538738e-03 -3.466435564843674266e-02
4.686000000000000000e+03 1.195462214126774336e+00 2.623483035789772252e-02 5.849090040801425971e-03 -3.459677457150694274e-02
4.687000000000000000e+03 1.193949133318891409e+00 2.619258112823583118e-02 5.845122803911828070e-03 -3.452945786940710138e-02
4.688000000000000000e+03 1.192447264285084074e+00 2.615042004531197353e-02 5.841157176315545964e-03 -3.446239734494148388e-02
4.689000000000000000e+03 1.190957823344767963e+00 2.610842637520465609e-02 5.837193243830132369e-03 -3.439558571304945217e-02
4.690000000000000000e+03 1.189478980425058285e+00 2.606653079549100041e-02 5.833231100332657466e-03 -3.432909084048087200e-02
4.691000000000000000e+03 1.188009582688970944e+00 2.602473824632135779e-02 5.829270846856525988e-03 -3.426283284809330393e-02
4.692000000000000000e+03 1.186548421736244974e+00 2.598305364798635803e-02 5.825312590504999090e-03 -3.419680691110412590e-02
4.693000000000000000e+03 1.185094986958805441e+00 2.594148190226649997e-02 5.821356443379964440e-03 -3.413108320641100590e-02
4.694000000000000000e+03 1.183647990777447756e+00 2.590002789414364015e-02 5.817402521412216518e-03 -3.406565829072819712e-02
4.695000000000000000e+03 1.182206122664586356e+00 2.585869649373974746e-02 5.813450943229907762e-03 -3.400045504426668641e-02
4.696000000000000000e+03 1.180768060508315287e+00 2.581749255852697558e-02 5.809501828979463101e-03 -3.393554546377835351e-02
4.697000000000000000e+03 1.179332482044765262e+00 2.577634665232538327e-02 5.805555299056196043e-03 -3.387092775405897010e-02
4.698000000000000000e+03 1.177898819087188631e+00 2.573526361485189290e-02 5.801611472954647589e-03 -3.380660055331954905e-02
4.699000000000000000e+03 1.176464297434130613e+00 2.569432256448536678e-02 5.797670468057633010e-03 -3.374256287554997652e-02
4.700000000000000000e+03 1.175029890548318967e+00 2.565345405054940062e-02 5.793732398492671375e-03 -3.367888833726347120e-02
4.701000000000000000e+03 1.173592155966704631e+00 2.561273761914576244e-02 5.789797373913718737e-03 -3.361542915893641487e-02
4.702000000000000000e+03 1.172152150364778489e+00 2.557203168504728480e-02 5.785865498474478986e-03 -3.355226538491842825e-02
4.703000000000000000e+03 1.170708020008865313e+00 2.553141794894553396e-02 5.781936869782550344e-03 -3.348940412594740568e-02
4.704000000000000000e+03 1.169258727000224596e+00 2.549090383733640039e-02 5.778011577883762108e-03 -3.342685260352822735e-02
4.705000000000000000e+03 1.167803314743904197e+00 2.545049678859260048e-02 5.774089704397363833e-03 -3.336469238814485788e-02
4.706000000000000000e+03 1.166341658297675110e+00 2.541020425544842157e-02 5.770171321646404110e-03 -3.330278222357936635e-02
4.707000000000000000e+03 1.164873728194392832e+00 2.536995942367109916e-02 5.766256491956481614e-03 -3.324120368992483643e-02
4.708000000000000000e+03 1.163398110513837347e+00 2.532976978106843066e-02 5.762345266985712498e-03 -3.317996403584545090e-02
4.709000000000000000e+03 1.161914240163747225e+00 2.528971711915512302e-02 5.758437687186620038e-03 -3.311899614906491096e-02
4.710000000000000000e+03 1.160421661815415950e+00 2.524973468401497598e-02 5.754533781359852732e-03 -3.305845566548120534e-02
4.711000000000000000e+03 1.158921518305905174e+00 2.520983002782866203e-02 5.750633566292160520e-03 -3.299820096455167995e-02
4.712000000000000000e+03 1.157411352468108667e+00 2.517001072592448679e-02 5.746737046600709428e-03 -3.293831313842240233e-02
4.713000000000000000e+03 1.155893278921404699e+00 2.513028437705634721e-02 5.742844214555550830e-03 -3.287872456397903514e-02
4.714000000000000000e+03 1.154365812421759951e+00 2.509058431963460262e-02 5.738955050117811388e-03 -3.281951603135579987e-02
4.715000000000000000e+03 1.152830551851969698e+00 2.505106676511027058e-02 5.735069521014404988e-03 -3.276069389284557570e-02
4.716000000000000000e+03 1.151286234974810085e+00 2.501159081227681893e-02 5.731187582999621236e-03 -3.270219006702879821e-02
4.717000000000000000e+03 1.149734677534460348e+00 2.497216414669561207e-02 5.727309180171511263e-03 -3.264401061470825760e-02
4.718000000000000000e+03 1.148175568858460727e+00 2.493279447164027315e-02 5.723434245371732815e-03 -3.258616146880008446e-02
4.719000000000000000e+03 1.146609437719037672e+00 2.489356378897762331e-02 5.719562700770481657e-03 -3.252872273563873345e-02
4.720000000000000000e+03 1.145038388819123343e+00 2.485440554566822197e-02 5.715694458446476424e-03 -3.247155158266182284e-02
4.721000000000000000e+03 1.143461638627493393e+00 2.481532748069067290e-02 5.711829421165218884e-03 -3.241472796514041632e-02
4.722000000000000000e+03 1.141881450169841772e+00 2.477626305415013899e-02 5.707967483088469823e-03 -3.235825752118074577e-02
4.723000000000000000e+03 1.140297924638187244e+00 2.473736857682205456e-02 5.704108530693372328e-03 -3.230207160387317533e-02
4.724000000000000000e+03 1.138711963613858957e+00 2.469850322078484886e-02 5.700252443701791724e-03 -3.224625016675404521e-02
4.725000000000000000e+03 1.137125259467135496e+00 2.465974899871757955e-02 5.696399096049489102e-03 -3.219072466692933510e-02
4.726000000000000000e+03 1.135538056862538836e+00 2.462096505725046985e-02 5.692548356930230563e-03 -3.213557523823418888e-02
4.727000000000000000e+03 1.133951370981008955e+00 2.458238193904806884e-02 5.688700091845047720e-03 -3.208065931429462253e-02
4.728000000000000000e+03 1.132367719878858203e+00 2.454378445798434741e-02 5.684854163710216859e-03 -3.202605737100253092e-02
4.729000000000000000e+03 1.130786656906858312e+00 2.450532881116768841e-02 5.681010433939915477e-03 -3.197177583463101103e-02
4.730000000000000000e+03 1.129209217158530176e+00 2.446687402060390357e-02 5.677168763587847264e-03 -3.191774712390078872e-02
4.731000000000000000e+03 1.127637907014758634e+00 2.442850191078831806e-02 5.673329014417556083e-03 -3.186405254214057237e-02
4.732000000000000000e+03 1.126072236885465427e+00 2.439021996756770075e-02 5.669491050016324009e-03 -3.181062518418400348e-02
4.733000000000000000e+03 1.124514653944806541e+00 2.435203561444655371e-02 5.665654736844929693e-03 -3.175747282628677698e-02
4.734000000000000000e+03 1.122965332736943767e+00 2.431388192181601834e-02 5.661819945271247788e-03 -3.170452939681618620e-02
4.735000000000000000e+03 1.121424394617228870e+00 2.427584045026806928e-02 5.657986550495504481e-03 -3.165187786230529154e-02
4.736000000000000000e+03 1.119894870598010517e+00 2.423784410928597061e-02 5.654154433551797539e-03 -3.159945312634430264e-02
4.737000000000000000e+03 1.118375265150908904e+00 2.419990000069887487e-02 5.650323482115237987e-03 -3.154719062658186551e-02
4.738000000000000000e+03 1.116868463098682485e+00 2.416208941171152716e-02 5.646493591292053339e-03 -3.149524921181818399e-02
4.739000000000000000e+03 1.115372809249597363e+00 2.412434495755751140e-02 5.642664664393548350e-03 -3.144349118058986647e-02
4.740000000000000000e+03 1.113891016912624155e+00 2.408659914208287692e-02 5.638836613455334643e-03 -3.139192800128904476e-02
4.741000000000000000e+03 1.112421992094976497e+00 2.404900720191542607e-02 5.635009359867611256e-03 -3.134057918848218854e-02
4.742000000000000000e+03 1.110966772493154675e+00 2.401142711609305369e-02 5.631182834755612057e-03 -3.128942031515988959e-02
4.743000000000000000e+03 1.109525553422114452e+00 2.397393958500353139e-02 5.627356979369163049e-03 -3.123846473082360700e-02
4.744000000000000000e+03 1.108098428899135568e+00 2.393647660775036906e-02 5.623531745316698305e-03 -3.118768185114870195e-02
4.745000000000000000e+03 1.106685390884311504e+00 2.389911861152409570e-02 5.619707094669865524e-03 -3.113707886675805975e-02
4.746000000000000000e+03 1.105286329514589605e+00 2.386187159683732240e-02 5.615883000064978738e-03 -3.108664873704748352e-02
4.747000000000000000e+03 1.103901034324554997e+00 2.382459285033504404e-02 5.612059444640459839e-03 -3.103637017770887602e-02
4.748000000000000000e+03 1.102529939271202242e+00 2.378743664273974198e-02 5.608236421794749252e-03 -3.098625221369182350e-02
4.749000000000000000e+03 1.101171154527902152e+00 2.375033424167019222e-02 5.604413935000295000e-03 -3.093628215930120315e-02
4.750000000000000000e+03 1.099825670372172937e+00 2.371329104361563633e-02 5.600591997461358551e-03 -3.088649244733582613e-02
4.751000000000000000e+03 1.098492164920819469e+00 2.367631237198792107e-02 5.596770631606878821e-03 -3.083674670206859592e-02
4.752000000000000000e+03 1.097169989209379803e+00 2.363940372499634401e-02 5.592949868597327581e-03 -3.078724198035892243e-02
4.753000000000000000e+03 1.095858422815474631e+00 2.360257052671012670e-02 5.589129747667806111e-03 -3.073785789170745478e-02
4.754000000000000000e+03 1.094557421186038715e+00 2.356581804440628300e-02 5.585310315530399999e-03 -3.068862301826748296e-02
4.755000000000000000e+03 1.093265394912724675e+00 2.352907710610189010e-02 5.581491625551670416e-03 -3.063949202008395961e-02
4.756000000000000000e+03 1.091982189389917535e+00 2.349235266911177400e-02 5.577673736918832385e-03 -3.059056843881847315e-02
4.757000000000000000e+03 1.090706122248203958e+00 2.345572382207498571e-02 5.573856713857906243e-03 -3.054188179824068525e-02
4.758000000000000000e+03 1.089436221000605665e+00 2.341919522070118678e-02 5.570040624633502101e-03 -3.049331326962447658e-02
4.759000000000000000e+03 1.088172232461703581e+00 2.338262280733846218e-02 5.566225540710018592e-03 -3.044496703689491407e-02
4.760000000000000000e+03 1.086913146682668474e+00 2.334615951576204593e-02 5.562411535695923996e-03 -3.039672454203105195e-02
4.761000000000000000e+03 1.085657206648159567e+00 2.330973529070844846e-02 5.558598684439668668e-03 -3.034876441545368564e-02
4.762000000000000000e+03 1.084404146476095177e+00 2.327342850999735216e-02 5.554787062009233951e-03 -3.030096815378697378e-02
4.763000000000000000e+03 1.083152972511842949e+00 2.323709457194252787e-02 5.550976742730298272e-03 -3.025336576685528495e-02
4.764000000000000000e+03 1.081901972738922524e+00 2.320081160168018311e-02 5.547167799214246416e-03 -3.020598715732217970e-02
4.765000000000000000e+03 1.080650954417015974e+00 2.316465760622011746e-02 5.543360301436046043e-03 -3.015878778510041811e-02
4.766000000000000000e+03 1.079398281509182711e+00 2.312848762979126394e-02 5.539554315831107280e-03 -3.011179718384953546e-02
4.767000000000000000e+03 1.078143854341408359e+00 2.309237946091435845e-02 5.535749904410243276e-03 -3.006497034530504139e-02
4.768000000000000000e+03 1.076886888890149718e+00 2.305633650453571548e-02 5.531947123987850101e-03 -3.001841052362860807e-02
4.769000000000000000e+03 1.075626666810904908e+00 2.302028778834435893e-02 5.528146025394586882e-03 -2.997207205782642658e-02
4.770000000000000000e+03 1.074361799130335804e+00 2.298431081960719199e-02 5.524346652789387940e-03 -2.992598318179664693e-02
4.771000000000000000e+03 1.073091717717354454e+00 2.294833445744407646e-02 5.520549043060330070e-03 -2.988009742026489363e-02
4.772000000000000000e+03 1.071816680305623937e+00 2.291243605312474202e-02 5.516753225244081307e-03 -2.983444212223744854e-02
4.773000000000000000e+03 1.070536289022206322e+00 2.287661860564005334e-02 5.512959220113078374e-03 -2.978896986438894084e-02
4.774000000000000000e+03 1.069250236561154255e+00 2.284081076769034491e-02 5.509167039765730349e-03 -2.974378127595496760e-02
4.775000000000000000e+03 1.067957565798456354e+00 2.280501541841709404e-02 5.505376687337233330e-03 -2.969875359982419166e-02
4.776000000000000000e+03 1.066658157004605201e+00 2.276923538535162786e-02 5.501588156816291687e-03 -2.965398637655494024e-02
4.777000000000000000e+03 1.065352728468736521e+00 2.273354773303325541e-02 5.497801432959329923e-03 -2.960950429762344849e-02
4.778000000000000000e+03 1.064041350532907826e+00 2.269788091733018764e-02 5.494016491226525606e-03 -2.956518291376692212e-02
4.779000000000000000e+03 1.062723444384210403e+00 2.266223764026414900e-02 5.490233297917442197e-03 -2.952112004869262077e-02
4.780000000000000000e+03 1.061400008456029775e+00 2.262662057048501693e-02 5.486451810296307310e-03 -2.947726438213651295e-02
4.781000000000000000e+03 1.060070644113148663e+00 2.259103234668236038e-02 5.482671976885679713e-03 -2.943356402180670114e-02
4.782000000000000000e+03 1.058736523179367062e+00 2.255547558055754145e-02 5.478893737798633257e-03 -2.939018936289175543e-02
4.783000000000000000e+03 1.057396669153428226e+00 2.251995285922884366e-02 5.475117025166683672e-03 -2.934693883311252291e-02
4.784000000000000000e+03 1.056053894533088622e+00 2.248446674704940654e-02 5.471341763699876133e-03 -2.930398174462409133e-02
4.785000000000000000e+03 1.054706623581889824e+00 2.244894550351534887e-02 5.467567871144891033e-03 -2.926118976283653347e-02
4.786000000000000000e+03 1.053356314002907190e+00 2.241354021786716444e-02 5.463795259056872765e-03 -2.921850834759230978e-02
4.787000000000000000e+03 1.052004478361087791e+00 2.237810482478539212e-02 5.460023833418160485e-03 -2.917610534689807703e-02
4.788000000000000000e+03 1.050651190688816961e+00 2.234271608841001747e-02 5.456253495440155366e-03 -2.913392532520284184e-02
4.789000000000000000e+03 1.049296564022283107e+00 2.230737646729585161e-02 5.452484142357434498e-03 -2.909183816203677470e-02
4.790000000000000000e+03 1.047942970445184807e+00 2.227208839634797766e-02 5.448715668224683728e-03 -2.904993621952771735e-02
4.791000000000000000e+03 1.046590575373848697e+00 2.223678000109081954e-02 5.444947964845813816e-03 -2.900823724359932396e-02
4.792000000000000000e+03 1.045239557201336211e+00 2.220152794551742345e-02 5.441180922604270213e-03 -2.896661011669072333e-02
4.793000000000000000e+03 1.043891584036629405e+00 2.216626029482042168e-02 5.437414431408175465e-03 -2.892522059585962355e-02
4.794000000000000000e+03 1.042547576287712108e+00 2.213112792925808411e-02 5.433648381522524634e-03 -2.888393708204315888e-02
4.795000000000000000e+03 1.041207697855480951e+00 2.209598455543875309e-02 5.429882664513570496e-03 -2.884277635846961910e-02
4.796000000000000000e+03 1.039873576024565427e+00 2.206083240279572977e-02 5.426117174089678703e-03 -2.880168077694434184e-02
4.797000000000000000e+03 1.038546064619237042e+00 2.202582221862706136e-02 5.422351806984910920e-03 -2.876074114435007295e-02
4.798000000000000000e+03 1.037224493185289198e+00 2.199080756182331120e-02 5.418586463767928116e-03 -2.871989962333820756e-02
4.799000000000000000e+03 1.035911859284675440e+00 2.195579049840864702e-02 5.414821049560827014e-03 -2.867917261587614453e-02
4.800000000000000000e+03 1.034606650264106475e+00 2.192084731218301927e-02 5.411055474863343644e-03 -2.863850222740528181e-02
4.801000000000000000e+03 1.033311013015153268e+00 2.188597969793052919e-02 5.407289656158414080e-03 -2.859790546369248357e-02
4.802000000000000000e+03 1.032024820600577319e+00 2.185111405354762948e-02 5.403523516573779766e-03 -2.855740177689897880e-02
4.803000000000000000e+03 1.030748623289355903e+00 2.181632502628179718e-02 5.399756986380657188e-03 -2.851693700194136982e-02
4.804000000000000000e+03 1.029482153415310908e+00 2.178153860650182405e-02 5.395990003516626908e-03 -2.847653134252768267e-02
4.805000000000000000e+03 1.028226550233999559e+00 2.174682925569331945e-02 5.392222513969186989e-03 -2.843620510436742355e-02
4.806000000000000000e+03 1.026982128575641307e+00 2.171212276650230991e-02 5.388454472122193757e-03 -2.839590442492523348e-02
4.807000000000000000e+03 1.025749119667933806e+00 2.167749339107979956e-02 5.384685840933613708e-03 -2.835564984989414825e-02
4.808000000000000000e+03 1.024526927134884691e+00 2.164294098500038274e-02 5.380916592161522419e-03 -2.831553633896764788e-02
4.809000000000000000e+03 1.023315612353551174e+00 2.160839100205554433e-02 5.377146706443954732e-03 -2.827536185019355330e-02
4.810000000000000000e+03 1.022115894992595919e+00 2.157391733998068051e-02 5.373376173209030472e-03 -2.823529588939973148e-02
4.811000000000000000e+03 1.020926925888308245e+00 2.153951948542316003e-02 5.369604990654450877e-03 -2.819528523630248501e-02
4.812000000000000000e+03 1.019748517754909489e+00 2.150512250995775809e-02 5.365833165545750259e-03 -2.815535106876453433e-02
4.813000000000000000e+03 1.018580405353371798e+00 2.147072563358158950e-02 5.362060712963729811e-03 -2.811536609877654871e-02
4.814000000000000000e+03 1.017422249259708034e+00 2.143647650524769036e-02 5.358287655971872079e-03 -2.807550025629542562e-02
4.815000000000000000e+03 1.016273640356833763e+00 2.140222549944882646e-02 5.354514025220773708e-03 -2.803570068418362662e-02
4.816000000000000000e+03 1.015134105001518572e+00 2.136797141548006651e-02 5.350739858442686049e-03 -2.799591456475944776e-02
4.817000000000000000e+03 1.014002367976610142e+00 2.133386147627657284e-02 5.346965199941899373e-03 -2.795623765994421570e-02
4.818000000000000000e+03 1.012879330178257042e+00 2.129974562693891585e-02 5.343190099983106262e-03 -2.791654286396121065e-02
4.819000000000000000e+03 1.011762132776288903e+00 2.126569651942826142e-02 5.339414614184921463e-03 -2.787700015565086967e-02
4.820000000000000000e+03 1.010651592828184286e+00 2.123163809600752891e-02 5.335638802774891887e-03 -2.783740801239978357e-02
4.821000000000000000e+03 1.009547011045869747e+00 2.119771700836731165e-02 5.331862729874532920e-03 -2.779793620891109901e-02
4.822000000000000000e+03 1.008446179678442967e+00 2.116378263536697682e-02 5.328086462794820802e-03 -2.775853151127307197e-02
4.823000000000000000e+03 1.007349847595225611e+00 2.112990707064956244e-02 5.324310071203589532e-03 -2.771921477190611785e-02
4.824000000000000000e+03 1.006256528622301749e+00 2.109608799228883738e-02 5.320533626385432792e-03 -2.767993232272128457e-02
4.825000000000000000e+03 1.005164738255076795e+00 2.106232295078325559e-02 5.316757200365664245e-03 -2.764070450175379681e-02
4.826000000000000000e+03 1.004075230314644962e+00 2.102860937402180330e-02 5.312980865204869688e-03 -2.760155132935894137e-02
4.827000000000000000e+03 1.002985805115548690e+00 2.099494457299956249e-02 5.309204692202097384e-03 -2.756249246828215704e-02
4.828000000000000000e+03 1.001896517105641093e+00 2.096132574814311630e-02 5.305428751091052254e-03 -2.752354718417674914e-02
4.829000000000000000e+03 1.000806711025512108e+00 2.092774999613805295e-02 5.301653109338666514e-03 -2.748458574055185830e-02
4.830000000000000000e+03 9.997142862023417065e-01 2.089421431732907397e-02 5.297877831422452902e-03 -2.744577506284821486e-02
4.831000000000000000e+03 9.986209030841809442e-01 2.086071562352243350e-02 5.294102978218973889e-03 -2.740705871906842089e-02
4.832000000000000000e+03 9.975238182376172658e-01 2.082725074631887330e-02 5.290328606335006900e-03 -2.736837973727147127e-02
4.833000000000000000e+03 9.964233183143977879e-01 2.079381644573640928e-02 5.286554767579667094e-03 -2.732982914216367659e-02
4.834000000000000000e+03 9.953197537071725165e-01 2.076048370266584536e-02 5.282781508463971730e-03 -2.729142307683383659e-02
4.835000000000000000e+03 9.942113143708180001e-01 2.072717487761032568e-02 5.279008869736910928e-03 -2.725302849433076935e-02
4.836000000000000000e+03 9.930984904488776577e-01 2.069388657051920641e-02 5.275236886087920039e-03 -2.721480883715663920e-02
4.837000000000000000e+03 9.919811038052944729e-01 2.066061534689681012e-02 5.271465585760371983e-03 -2.717662975090272617e-02
4.838000000000000000e+03 9.908583101258285897e-01 2.062743203080437404e-02 5.267694990404909842e-03 -2.713857905402152632e-02
4.839000000000000000e+03 9.897300858993605122e-01 2.059425886397151309e-02 5.263925114889784346e-03 -2.710059530929893185e-02
4.840000000000000000e+03 9.885964860949137956e-01 2.056109236574454185e-02 5.260155967268257543e-03 -2.706276495051930173e-02
4.841000000000000000e+03 9.874576438705644499e-01 2.052800334246896244e-02 5.256387548743996808e-03 -2.702495086149269213e-02
4.842000000000000000e+03 9.863137694856520810e-01 2.049498832958155173e-02 5.252619853784029624e-03 -2.698731236093098590e-02
4.843000000000000000e+03 9.851651484288204141e-01 2.046196960043337315e-02 5.248852870298637875e-03 -2.694971093855551975e-02
4.844000000000000000e+03 9.840113959494325435e-01 2.042901802530614624e-02 5.245086579860325920e-03 -2.691230453116220944e-02
4.845000000000000000e+03 9.828536821955603520e-01 2.039605594550994092e-02 5.241320957995470112e-03 -2.687495326611653856e-02
4.846000000000000000e+03 9.816917568092431434e-01 2.036322859850082934e-02 5.237555974574978519e-03 -2.683766517766459844e-02
4.847000000000000000e+03 9.805269155492075672e-01 2.033030985694803464e-02 5.233791594272879828e-03 -2.680052194198652774e-02
4.848000000000000000e+03 9.793582807932045275e-01 2.029751935379899702e-02 5.230027777044539763e-03 -2.676345604856370311e-02
4.849000000000000000e+03 9.781872526772984466e-01 2.026477965317729710e-02 5.226264478677734165e-03 -2.672647367548534533e-02
4.850000000000000000e+03 9.770152742327201656e-01 2.023201338963102544e-02 5.222501651395454123e-03 -2.668958043353401172e-02
4.851000000000000000e+03 9.758415989535365043e-01 2.019936583376872111e-02 5.218739244465050650e-03 -2.665285515748621117e-02
4.852000000000000000e+03 9.746677492341654370e-01 2.016668404311005441e-02 5.214977204961747208e-03 -2.661615123747412825e-02
4.853000000000000000e+03 9.734945290592964540e-01 2.013411200164736889e-02 5.211215478356804633e-03 -2.657946963757676709e-02
4.854000000000000000e+03 9.723220135371511974e-01 2.010157092697360814e-02 5.207454009341920716e-03 -2.654288517046211535e-02
4.855000000000000000e+03 9.711517696661248200e-01 2.006905640589339360e-02 5.203692742453532895e-03 -2.650639796728115893e-02
4.856000000000000000e+03 9.699846200451706091e-01 2.003663839502476882e-02 5.199931622929817622e-03 -2.646993351563560123e-02
4.857000000000000000e+03 9.688198922872356400e-01 2.000423837027250420e-02 5.196170597363180578e-03 -2.643349126496672211e-02
4.858000000000000000e+03 9.676598683896476816e-01 1.997185217646181565e-02 5.192409614430549235e-03 -2.639714466506769622e-02
4.859000000000000000e+03 9.665038346035740302e-01 1.993955002562264323e-02 5.188648625645437065e-03 -2.636081835397736245e-02
4.860000000000000000e+03 9.653540169277109451e-01 1.990732792765904924e-02 5.184887585969123053e-03 -2.632451104630430250e-02
4.861000000000000000e+03 9.642096315792575423e-01 1.987510768709907158e-02 5.181126454549858130e-03 -2.628822128675157785e-02
4.862000000000000000e+03 9.630713355607822823e-01 1.984288546639622480e-02 5.177365195193224176e-03 -2.625194748572428835e-02
4.863000000000000000e+03 9.619404778526209343e-01 1.981080606476331996e-02 5.173603777096210006e-03 -2.621568795366206045e-02
4.864000000000000000e+03 9.608168654661520813e-01 1.977871721217163217e-02 5.169842175207826560e-03 -2.617944093334664477e-02
4.865000000000000000e+03 9.597017299266457080e-01 1.974668954809731883e-02 5.166080370766572803e-03 -2.614320463015885193e-02
4.866000000000000000e+03 9.585947517097120896e-01 1.971471948135027422e-02 5.162318351645297024e-03 -2.610697723991213526e-02
4.867000000000000000e+03 9.574962851979438305e-01 1.968280346687735147e-02 5.158556112716526990e-03 -2.607075697419448598e-02
4.868000000000000000e+03 9.564066130078663353e-01 1.965093799872683414e-02 5.154793656081987745e-03 -2.603454208275547688e-02
4.869000000000000000e+03 9.553259438892762745e-01 1.961919388615634974e-02 5.151030991276740398e-03 -2.599825658952430868e-02
4.870000000000000000e+03 9.542544113839150910e-01 1.958741911199949476e-02 5.147268135363622203e-03 -2.596204744291462016e-02
4.871000000000000000e+03 9.531920732536256491e-01 1.955575880935948169e-02 5.143505112972174623e-03 -2.592576454436898784e-02
4.872000000000000000e+03 9.521381688495665907e-01 1.952413526912493910e-02 5.139741956289268880e-03 -2.588948074270952873e-02
4.873000000000000000e+03 9.510933485935348930e-01 1.949254506607232817e-02 5.135978704897754127e-03 -2.585319470644025300e-02
4.874000000000000000e+03 9.500559615403594282e-01 1.946105905085463578e-02 5.132215405672264745e-03 -2.581690521033429622e-02
4.875000000000000000e+03 9.490272577026765966e-01 1.942959949178792861e-02 5.128452112425109510e-03 -2.578061113499953080e-02
4.876000000000000000e+03 9.480061914018570457e-01 1.939816291769390702e-02 5.124688885636398059e-03 -2.574423717977583972e-02
4.877000000000000000e+03 9.469916536518986350e-01 1.936689439405884713e-02 5.120925792073637711e-03 -2.570793098985721739e-02
4.878000000000000000e+03 9.459839623500557737e-01 1.933564181503021409e-02 5.117162904333905256e-03 -2.567154316182466631e-02
4.879000000000000000e+03 9.449826388883753037e-01 1.930440159790076937e-02 5.113400300288627881e-03 -2.563522149876037992e-02
4.880000000000000000e+03 9.439871566470839914e-01 1.927331867695687359e-02 5.109638062583706994e-03 -2.559889101007530032e-02
4.881000000000000000e+03 9.429962043030369889e-01 1.924224079692878064e-02 5.105876278026440923e-03 -2.556247674382785065e-02
4.882000000000000000e+03 9.420099208975158955e-01 1.921131277608231075e-02 5.102115036925239724e-03 -2.552612661665475124e-02
4.883000000000000000e+03 9.410276742486838319e-01 1.918038223395510458e-02 5.098354432400933889e-03 -2.548976569022367786e-02
4.884000000000000000e+03 9.400480681503992075e-01 1.914956414237989346e-02 5.094594559706113086e-03 -2.545339328085118730e-02
4.885000000000000000e+03 9.390711782847390721e-01 1.911881740670633503e-02 5.090835515536815646e-03 -2.541708293362402241e-02
4.886000000000000000e+03 9.380948455864098756e-01 1.908813800099097915e-02 5.087077397208050050e-03 -2.538068526134840130e-02
4.887000000000000000e+03 9.371206265177901562e-01 1.905754411003801954e-02 5.083320302012765170e-03 -2.534434790112777280e-02
4.888000000000000000e+03 9.361456294551002699e-01 1.902701670233042028e-02 5.079564326453348683e-03 -2.530806978486789538e-02
4.889000000000000000e+03 9.351699505098424181e-01 1.899657381408861173e-02 5.075809565525230514e-03 -2.527177539412010093e-02
4.890000000000000000e+03 9.341929666476520566e-01 1.896619626722823720e-02 5.072056112002898409e-03 -2.523553758195905966e-02
4.891000000000000000e+03 9.332140855650808975e-01 1.893589452684698790e-02 5.068304055780659644e-03 -2.519935469436800426e-02
4.892000000000000000e+03 9.322327524076304828e-01 1.890567156265609075e-02 5.064553483268597299e-03 -2.516315054288315034e-02
4.893000000000000000e+03 9.312477132586381989e-01 1.887552285315930931e-02 5.060804476720803802e-03 -2.512699722873098021e-02
4.894000000000000000e+03 9.302592495112806947e-01 1.884545124723587331e-02 5.057057113746703247e-03 -2.509096655100022735e-02
4.895000000000000000e+03 9.292662118756245260e-01 1.881544468492190800e-02 5.053311466771856844e-03 -2.505490713281155468e-02
4.896000000000000000e+03 9.282689964933037441e-01 1.878552077406281037e-02 5.049567602621589379e-03 -2.501896438455472257e-02
4.897000000000000000e+03 9.272665777482428373e-01 1.875567479925571365e-02 5.045825582079482147e-03 -2.498306050021840974e-02
4.898000000000000000e+03 9.262587402571559325e-01 1.872589458652782271e-02 5.042085459642560094e-03 -2.494726585822977169e-02
4.899000000000000000e+03 9.252453388177380722e-01 1.869619022544936893e-02 5.038347283253709862e-03 -2.491157615682814200e-02
4.900000000000000000e+03 9.242263004605303367e-01 1.866655693671448804e-02 5.034611094094375988e-03 -2.487591240279566837e-02
4.901000000000000000e+03 9.232016250467042218e-01 1.863699726494910669e-02 5.030876926508344969e-03 -2.484034280168618755e-02
4.902000000000000000e+03 9.221713836956433319e-01 1.860750592618166596e-02 5.027144807973253290e-03 -2.480485704652523465e-02
4.903000000000000000e+03 9.211357206485762950e-01 1.857809240966909817e-02 5.023414759139624777e-03 -2.476944345469682396e-02
4.904000000000000000e+03 9.200948529570771584e-01 1.854873652078680227e-02 5.019686793963131985e-03 -2.473408992084537641e-02
4.905000000000000000e+03 9.190490687082710775e-01 1.851944781904849360e-02 5.015960919859110620e-03 -2.469878392112675319e-02
4.906000000000000000e+03 9.179979816701619999e-01 1.849022848760537366e-02 5.012237138040743882e-03 -2.466358680422933367e-02
4.907000000000000000e+03 9.169427565566415916e-01 1.846108077302302183e-02 5.008515443787504851e-03 -2.462848523503449738e-02
4.908000000000000000e+03 9.158831337595925159e-01 1.843198471152846310e-02 5.004795826866620563e-03 -2.459339120839170584e-02
4.909000000000000000e+03 9.148203961120930927e-01 1.840296499535511859e-02 5.001078271990956614e-03 -2.455836491634311863e-02
4.910000000000000000e+03 9.137543923685794711e-01 1.837400184351313526e-02 4.997362759331797945e-03 -2.452339191732896134e-02
4.911000000000000000e+03 9.126865028142807645e-01 1.834510529590188677e-02 4.993649265118881887e-03 -2.448853172548333401e-02
4.912000000000000000e+03 9.116166617009043849e-01 1.831626322518218469e-02 4.989937762205403672e-03 -2.445369498502345321e-02
4.913000000000000000e+03 9.105455790972903918e-01 1.828749334497455428e-02 4.986228220730113542e-03 -2.441886634794749808e-02
4.914000000000000000e+03 9.094739910364554314e-01 1.825877636391101677e-02 4.982520608816647101e-03 -2.438417878674603925e-02
4.915000000000000000e+03 9.084033950409329261e-01 1.823011542100582902e-02 4.978814893271694270e-03 -2.434946792451369094e-02
4.916000000000000000e+03 9.073330712541681775e-01 1.820151380847551126e-02 4.975111040295877689e-03 -2.431479205211894631e-02
4.917000000000000000e+03 9.062652746167727535e-01 1.817297497877683188e-02 4.971409016239370510e-03 -2.428013502798369305e-02
4.918000000000000000e+03 9.051992844527029236e-01 1.814448769416078175e-02 4.967708788307173377e-03 -2.424548059663545613e-02
4.919000000000000000e+03 9.041373394325000756e-01 1.811606317366934102e-02 4.964010325352059133e-03 -2.421088670764296943e-02
4.920000000000000000e+03 9.030786872692830869e-01 1.808769052748631506e-02 4.960313598500168744e-03 -2.417633698447107030e-02
4.921000000000000000e+03 9.020255199484680242e-01 1.805937390200394038e-02 4.956618581892536200e-03 -2.414174076048668585e-02
4.922000000000000000e+03 9.009770238452831093e-01 1.803111762542400701e-02 4.952925253381913057e-03 -2.410723024869788206e-02
4.923000000000000000e+03 8.999345726910273902e-01 1.800291135241221391e-02 4.949233595075995355e-03 -2.407271487567247403e-02
4.924000000000000000e+03 8.988994925828809324e-01 1.797476720591573152e-02 4.945543594060024424e-03 -2.403817844989219327e-02
4.925000000000000000e+03 8.978708274552403834e-01 1.794668263468505304e-02 4.941855242769848701e-03 -2.400360491116464157e-02
4.926000000000000000e+03 8.968497905899374123e-01 1.791865526784768015e-02 4.938168539619655108e-03 -2.396912692932808009e-02
4.927000000000000000e+03 8.958360455227943886e-01 1.789069034030042055e-02 4.934483489329995719e-03 -2.393458023299441587e-02
4.928000000000000000e+03 8.948314159338945917e-01 1.786278583182965285e-02 4.930800103341386603e-03 -2.390002362200262589e-02
4.929000000000000000e+03 8.938346821959887167e-01 1.783493989031500332e-02 4.927118400088444441e-03 -2.386551614263416124e-02
4.930000000000000000e+03 8.928460354961672563e-01 1.780715082560388116e-02 4.923438405177930736e-03 -2.383089426037821382e-02
4.931000000000000000e+03 8.918670756965068058e-01 1.777943195903320187e-02 4.919760151590595564e-03 -2.379636614869062861e-02
4.932000000000000000e+03 8.908956101226761515e-01 1.775177447367836878e-02 4.916083679703793161e-03 -2.376176887202671728e-02
4.933000000000000000e+03 8.899338241733799615e-01 1.772417711883894284e-02 4.912409037308621863e-03 -2.372716266895988357e-02
4.934000000000000000e+03 8.889801103569615615e-01 1.769664620042710537e-02 4.908736279462208064e-03 -2.369253383043728317e-02
4.935000000000000000e+03 8.880342691573985814e-01 1.766918814217396938e-02 4.905065468370562939e-03 -2.365794327593318327e-02
4.936000000000000000e+03 8.870967680112540332e-01 1.764179461796549706e-02 4.901396673097174923e-03 -2.362330370914831126e-02
4.937000000000000000e+03 8.861672582248836250e-01 1.761447968198462388e-02 4.897729969286678670e-03 -2.358860247156306308e-02
4.938000000000000000e+03 8.852445783141700275e-01 1.758723518664310689e-02 4.894065438722484084e-03 -2.355397582605392448e-02
4.939000000000000000e+03 8.843282437346480229e-01 1.756006048359724098e-02 4.890403168870171083e-03 -2.351933753643300345e-02
4.940000000000000000e+03 8.834191944594723678e-01 1.753296241110256781e-02 4.886743252369283273e-03 -2.348467599562932898e-02
4.941000000000000000e+03 8.825146005139909988e-01 1.750594785289656327e-02 4.883085786412087910e-03 -2.344997993365027095e-02
4.942000000000000000e+03 8.816160391257368278e-01 1.747900144029397584e-02 4.879430872114113270e-03 -2.341531268981288799e-02
4.943000000000000000e+03 8.807205871957844989e-01 1.745213753783749280e-02 4.875778613837666343e-03 -2.338073791553772762e-02
4.944000000000000000e+03 8.798289994389564272e-01 1.742535566060230898e-02 4.872129118417817435e-03 -2.334609670781866847e-02
4.945000000000000000e+03 8.789405158886790526e-01 1.739865531847486352e-02 4.868482494450214644e-03 -2.331145329219356729e-02
4.946000000000000000e+03 8.780536124039951540e-01 1.737203600422196695e-02 4.864838851439804747e-03 -2.327687215225538245e-02
4.947000000000000000e+03 8.771674942583397305e-01 1.734549718191913739e-02 4.861198299034440173e-03 -2.324226944113253965e-02
4.948000000000000000e+03 8.762821042251320858e-01 1.731903827603004445e-02 4.857560946168779092e-03 -2.320771009258887352e-02
4.949000000000000000e+03 8.753959022454106398e-01 1.729266608945427205e-02 4.853926900268380404e-03 -2.317318494662857359e-02
4.950000000000000000e+03 8.745088449449383017e-01 1.726637993731860998e-02 4.850296266406166693e-03 -2.313868500812092319e-02
4.951000000000000000e+03 8.736194200431017798e-01 1.724017172866263575e-02 4.846669146510709444e-03 -2.310427518568634528e-02
4.952000000000000000e+03 8.727268757447935732e-01 1.721405594322381397e-02 4.843045638564038267e-03 -2.306986985709213664e-02
4.953000000000000000e+03 8.718312354945765286e-01 1.718802478343195092e-02 4.839425835874630426e-03 -2.303553153651185723e-02
4.954000000000000000e+03 8.709310792051128125e-01 1.716207779174406395e-02 4.835809826358323724e-03 -2.300124851850034180e-02
4.955000000000000000e+03 8.700265215862992285e-01 1.713622184610411048e-02 4.832197691830136463e-03 -2.296700913712275416e-02
4.956000000000000000e+03 8.691162473290106050e-01 1.711044887142931445e-02 4.828589507433518266e-03 -2.293287602612317094e-02
4.957000000000000000e+03 8.681997456010137615e-01 1.708476555082505746e-02 4.824985341059838742e-03 -2.289876324613878550e-02
4.958000000000000000e+03 8.672773154431584475e-01 1.705917103956400283e-02 4.821385252842671360e-03 -2.286465911448434113e-02
4.959000000000000000e+03 8.663485848433541969e-01 1.703365696532549781e-02 4.817789294767608164e-03 -2.283070046955562940e-02
4.960000000000000000e+03 8.654132576141443378e-01 1.700823714316037488e-02 4.814197510284267192e-03 -2.279672695257019613e-02
4.961000000000000000e+03 8.644696310195689737e-01 1.698289557982325323e-02 4.810609934040078334e-03 -2.276286040383886447e-02
4.962000000000000000e+03 8.635197981352775720e-01 1.695764590456239757e-02 4.807026591734848454e-03 -2.272904429215960587e-02
4.963000000000000000e+03 8.625622212034527170e-01 1.693247194763377803e-02 4.803447499941780434e-03 -2.269528141155069054e-02
4.964000000000000000e+03 8.615969323517621570e-01 1.690737974513060668e-02 4.799872666145600653e-03 -2.266157444655624020e-02
4.965000000000000000e+03 8.606247907893000981e-01 1.688237526155024135e-02 4.796302088769255519e-03 -2.262793339520381350e-02
4.966000000000000000e+03 8.596459963198043175e-01 1.685744211335464884e-02 4.792735757365992194e-03 -2.259435328140476859e-02
4.967000000000000000e+03 8.586593448472271684e-01 1.683259357716665114e-02 4.789173652803088363e-03 -2.256083643999435770e-02
4.968000000000000000e+03 8.576666828961038158e-01 1.680781317357240082e-02 4.785615747603427957e-03 -2.252737766285595536e-02
4.969000000000000000e+03 8.566684473026980884e-01 1.678310667702045955e-02 4.782062006386131325e-03 -2.249398648951356564e-02
4.970000000000000000e+03 8.556644039713420247e-01 1.675847241479022642e-02 4.778512386253246785e-03 -2.246064264509016473e-02
4.971000000000000000e+03 8.546558715579621879e-01 1.673391613653852153e-02 4.774966837425850298e-03 -2.242737033461798118e-02
4.972000000000000000e+03 8.536434874454620347e-01 1.670942131448583876e-02 4.771425303789569167e-03 -2.239414911599636390e-02
4.973000000000000000e+03 8.526272015778530999e-01 1.668499372742374143e-02 4.767887723638636159e-03 -2.236098077067224729e-02
4.974000000000000000e+03 8.516084982112307467e-01 1.666063176167904142e-02 4.764354030344573367e-03 -2.232787446470951495e-02
4.975000000000000000e+03 8.505881601310563145e-01 1.663633385396661238e-02 4.760824153174085700e-03 -2.229482448339283052e-02
4.976000000000000000e+03 8.495670037561615651e-01 1.661209850600843529e-02 4.757298018111246092e-03 -2.226182510952598448e-02
4.977000000000000000e+03 8.485458710284190520e-01 1.658791687080223703e-02 4.753775548675184294e-03 -2.222887807487591502e-02
4.978000000000000000e+03 8.475248781674546983e-01 1.656379505207939903e-02 4.750256666833110007e-03 -2.219597772797612598e-02
4.979000000000000000e+03 8.465063783825307331e-01 1.653973183338882172e-02 4.746741293885689723e-03 -2.216311848807663715e-02
4.980000000000000000e+03 8.454897532655357706e-01 1.651571126344306834e-02 4.743229351391833881e-03 -2.213030972828076634e-02
4.981000000000000000e+03 8.444773466623265445e-01 1.649174723949786703e-02 4.739720761961777745e-03 -2.209753866079382581e-02
4.982000000000000000e+03 8.434685132236140470e-01 1.646783152124429300e-02 4.736215450302849045e-03 -2.206480750608506847e-02
4.983000000000000000e+03 8.424655524436392984e-01 1.644396345602050502e-02 4.732713343982719416e-03 -2.203211123515619319e-02
4.984000000000000000e+03 8.414685003864278423e-01 1.642013513292792798e-02 4.729214374261375177e-03 -2.199944502500816509e-02
4.985000000000000000e+03 8.404773500606194103e-01 1.639635367759062143e-02 4.725718476977515056e-03 -2.196680428527888682e-02
4.986000000000000000e+03 8.394950150090201291e-01 1.637261154750934561e-02 4.722225593218247128e-03 -2.193419211236609379e-02
4.987000000000000000e+03 8.385198936660493985e-01 1.634891625287736988e-02 4.718735670078411104e-03 -2.190160445752549478e-02
4.988000000000000000e+03 8.375540337840908789e-01 1.632525322102215681e-02 4.715248661271868869e-03 -2.186903757869312556e-02
4.989000000000000000e+03 8.365964407611820031e-01 1.630163037128086467e-02 4.711764527727070606e-03 -2.183648806240085297e-02
4.990000000000000000e+03 8.356497576656154447e-01 1.627804840495856303e-02 4.708283238087185990e-03 -2.180396027228138564e-02
4.991000000000000000e+03 8.347120892837290862e-01 1.625450823556010352e-02 4.704804769105570827e-03 -2.177145893894049875e-02
4.992000000000000000e+03 8.337851693128185415e-01 1.623100356070707878e-02 4.701329106047024212e-03 -2.173898174772933428e-02
4.993000000000000000e+03 8.328684145064231270e-01 1.620754314599420765e-02 4.697856242880867582e-03 -2.170654163756386909e-02
4.994000000000000000e+03 8.319626365282236646e-01 1.618412853705761614e-02 4.694386182490854938e-03 -2.167412224212776975e-02
4.995000000000000000e+03 8.310670691716226521e-01 1.616076148356484360e-02 4.690918936675005438e-03 -2.164174475380548773e-02
4.996000000000000000e+03 8.301815963233905027e-01 1.613742907638316196e-02 4.687454526226253297e-03 -2.160939364651007916e-02
4.997000000000000000e+03 8.293067523321935308e-01 1.611414831018289501e-02 4.683992980732711725e-03 -2.157707610578181098e-02
4.998000000000000000e+03 8.284414947820922803e-01 1.609090664747726135e-02 4.680534338396277229e-03 -2.154477745960001189e-02
4.999000000000000000e+03 8.275861780142509394e-01 1.606770657812511480e-02 4.677078645713595752e-03 -2.151250574648213773e-02
5.000000000000000000e+03 8.267395848543203085e-01 1.604455075056250915e-02 4.673625957110347402e-03 -2.148024714079051559e-02
